[02May2025 18:42:39.041] [main/INFO] [cpw.mods.modlauncher.Launcher/MODLAUNCHER]: ModLauncher running: args [--launchTarget, forgeserver, --fml.forgeVersion, 47.3.7, --fml.mcVersion, 1.20.1, --fml.forgeGroup, net.minecraftforge, --fml.mcpVersion, 20230612.114412, nogui]
[02May2025 18:42:39.052] [main/INFO] [cpw.mods.modlauncher.Launcher/MODLAUNCHER]: ModLauncher 10.0.9+10.0.9+main.dcd20f30 starting: java version 17.0.14 by Ubuntu; OS Linux arch amd64 version 6.8.0-1026-azure
[02May2025 18:42:39.118] [main/DEBUG] [cpw.mods.modlauncher.LaunchServiceHandler/MODLAUNCHER]: Found launch services [fmlclientdev,forgeclient,minecraft,forgegametestserverdev,fmlserveruserdev,fmlclient,fmldatauserdev,forgeserverdev,forgeserveruserdev,forgeclientdev,forgeclientuserdev,forgeserver,forgedatadev,fmlserver,fmlclientuserdev,fmlserverdev,forgedatauserdev,testharness,forgegametestserveruserdev]
[02May2025 18:42:39.136] [main/DEBUG] [cpw.mods.modlauncher.NameMappingServiceHandler/MODLAUNCHER]: Found naming services : [srgtomcp]
[02May2025 18:42:39.193] [main/DEBUG] [cpw.mods.modlauncher.LaunchPluginHandler/MODLAUNCHER]: Found launch plugins: [mixin,eventbus,slf4jfixer,object_holder_definalize,runtime_enum_extender,capability_token_subclass,accesstransformer,runtimedistcleaner]
[02May2025 18:42:39.213] [main/DEBUG] [cpw.mods.modlauncher.TransformationServicesHandler/MODLAUNCHER]: Discovering transformation services
[02May2025 18:42:39.226] [main/DEBUG] [net.minecraftforge.fml.loading.FMLPaths/CORE]: Path GAMEDIR is /workspaces/proyectosjr/servidor_minecraft
[02May2025 18:42:39.226] [main/DEBUG] [net.minecraftforge.fml.loading.FMLPaths/CORE]: Path MODSDIR is /workspaces/proyectosjr/servidor_minecraft/mods
[02May2025 18:42:39.227] [main/DEBUG] [net.minecraftforge.fml.loading.FMLPaths/CORE]: Path CONFIGDIR is /workspaces/proyectosjr/servidor_minecraft/config
[02May2025 18:42:39.227] [main/DEBUG] [net.minecraftforge.fml.loading.FMLPaths/CORE]: Path FMLCONFIG is /workspaces/proyectosjr/servidor_minecraft/config/fml.toml
[02May2025 18:42:44.467] [main/DEBUG] [cpw.mods.modlauncher.TransformationServicesHandler/MODLAUNCHER]: Found additional transformation services from discovery services: 
[02May2025 18:42:44.485] [main/INFO] [net.minecraftforge.fml.loading.ImmediateWindowHandler/]: ImmediateWindowProvider not loading because launch target is forgeserver
[02May2025 18:42:44.499] [main/DEBUG] [cpw.mods.modlauncher.TransformationServicesHandler/MODLAUNCHER]: Found transformer services : [mixin,fml]
[02May2025 18:42:44.499] [main/DEBUG] [cpw.mods.modlauncher.TransformationServicesHandler/MODLAUNCHER]: Transformation services loading
[02May2025 18:42:44.500] [main/DEBUG] [cpw.mods.modlauncher.TransformationServiceDecorator/MODLAUNCHER]: Loading service mixin
[02May2025 18:42:44.500] [main/DEBUG] [cpw.mods.modlauncher.TransformationServiceDecorator/MODLAUNCHER]: Loaded service mixin
[02May2025 18:42:44.500] [main/DEBUG] [cpw.mods.modlauncher.TransformationServiceDecorator/MODLAUNCHER]: Loading service fml
[02May2025 18:42:44.501] [main/DEBUG] [net.minecraftforge.fml.loading.LauncherVersion/CORE]: Found FMLLauncher version 1.0
[02May2025 18:42:44.502] [main/DEBUG] [net.minecraftforge.fml.loading.FMLLoader/CORE]: FML 1.0 loading
[02May2025 18:42:44.502] [main/DEBUG] [net.minecraftforge.fml.loading.FMLLoader/CORE]: FML found ModLauncher version : 10.0.9+10.0.9+main.dcd20f30
[02May2025 18:42:44.502] [main/DEBUG] [net.minecraftforge.fml.loading.FMLLoader/CORE]: FML found AccessTransformer version : 8.0.4+66+master.c09db6d7
[02May2025 18:42:44.502] [main/DEBUG] [net.minecraftforge.fml.loading.FMLLoader/CORE]: FML found EventBus version : 6.0.5+6.0.5+master.eb8e549b
[02May2025 18:42:44.503] [main/DEBUG] [net.minecraftforge.fml.loading.FMLLoader/CORE]: Found Runtime Dist Cleaner
[02May2025 18:42:44.505] [main/DEBUG] [net.minecraftforge.fml.loading.FMLLoader/CORE]: FML found CoreMod version : 5.1.6
[02May2025 18:42:44.506] [main/DEBUG] [net.minecraftforge.fml.loading.FMLLoader/CORE]: Found ForgeSPI package implementation version 7.0.1+7.0.1+master.d2b38bf6
[02May2025 18:42:44.506] [main/DEBUG] [net.minecraftforge.fml.loading.FMLLoader/CORE]: Found ForgeSPI package specification 5
[02May2025 18:42:44.506] [main/DEBUG] [cpw.mods.modlauncher.TransformationServiceDecorator/MODLAUNCHER]: Loaded service fml
[02May2025 18:42:44.507] [main/DEBUG] [cpw.mods.modlauncher.TransformationServicesHandler/MODLAUNCHER]: Configuring option handling for services
[02May2025 18:42:44.518] [main/DEBUG] [cpw.mods.modlauncher.TransformationServicesHandler/MODLAUNCHER]: Transformation services initializing
[02May2025 18:42:44.518] [main/DEBUG] [cpw.mods.modlauncher.TransformationServiceDecorator/MODLAUNCHER]: Initializing transformation service mixin
[02May2025 18:42:44.570] [main/DEBUG] [mixin/]: MixinService [ModLauncher] was successfully booted in cpw.mods.cl.ModuleClassLoader@7a3d45bd
[02May2025 18:42:44.641] [main/INFO] [mixin/]: SpongePowered MIXIN Subsystem Version=0.8.5 Source=union:/workspaces/proyectosjr/servidor_minecraft/libraries/org/spongepowered/mixin/0.8.5/mixin-0.8.5.jar%2365!/ Service=ModLauncher Env=SERVER
[02May2025 18:42:44.655] [main/DEBUG] [mixin/]: Initialising Mixin Platform Manager
[02May2025 18:42:44.656] [main/DEBUG] [mixin/]: Adding mixin platform agents for container ModLauncher Root Container(ModLauncher:4f56a0a2)
[02May2025 18:42:44.657] [main/DEBUG] [mixin/]: Instancing new MixinPlatformAgentMinecraftForge for ModLauncher Root Container(ModLauncher:4f56a0a2)
[02May2025 18:42:44.658] [main/DEBUG] [mixin/]: MixinPlatformAgentMinecraftForge rejected container ModLauncher Root Container(ModLauncher:4f56a0a2)
[02May2025 18:42:44.661] [main/DEBUG] [mixin/]: Instancing new MixinPlatformAgentDefault for ModLauncher Root Container(ModLauncher:4f56a0a2)
[02May2025 18:42:44.661] [main/DEBUG] [mixin/]: MixinPlatformAgentDefault accepted container ModLauncher Root Container(ModLauncher:4f56a0a2)
[02May2025 18:42:44.664] [main/DEBUG] [cpw.mods.modlauncher.TransformationServiceDecorator/MODLAUNCHER]: Initialized transformation service mixin
[02May2025 18:42:44.664] [main/DEBUG] [cpw.mods.modlauncher.TransformationServiceDecorator/MODLAUNCHER]: Initializing transformation service fml
[02May2025 18:42:44.665] [main/DEBUG] [net.minecraftforge.fml.loading.FMLServiceProvider/CORE]: Setting up basic FML game directories
[02May2025 18:42:44.665] [main/DEBUG] [net.minecraftforge.fml.loading.FMLPaths/CORE]: Path GAMEDIR is /workspaces/proyectosjr/servidor_minecraft
[02May2025 18:42:44.665] [main/DEBUG] [net.minecraftforge.fml.loading.FMLPaths/CORE]: Path MODSDIR is /workspaces/proyectosjr/servidor_minecraft/mods
[02May2025 18:42:44.665] [main/DEBUG] [net.minecraftforge.fml.loading.FMLPaths/CORE]: Path CONFIGDIR is /workspaces/proyectosjr/servidor_minecraft/config
[02May2025 18:42:44.665] [main/DEBUG] [net.minecraftforge.fml.loading.FMLPaths/CORE]: Path FMLCONFIG is /workspaces/proyectosjr/servidor_minecraft/config/fml.toml
[02May2025 18:42:44.666] [main/DEBUG] [net.minecraftforge.fml.loading.FMLServiceProvider/CORE]: Loading configuration
[02May2025 18:42:44.669] [main/DEBUG] [net.minecraftforge.fml.loading.FMLServiceProvider/CORE]: Preparing ModFile
[02May2025 18:42:44.676] [main/DEBUG] [net.minecraftforge.fml.loading.FMLServiceProvider/CORE]: Preparing launch handler
[02May2025 18:42:44.677] [main/DEBUG] [net.minecraftforge.fml.loading.FMLLoader/CORE]: Using forgeserver as launch service
[02May2025 18:42:44.708] [main/DEBUG] [net.minecraftforge.fml.loading.FMLLoader/CORE]: Received command line version data  : VersionInfo[forgeVersion=47.3.7, mcVersion=1.20.1, mcpVersion=20230612.114412, forgeGroup=net.minecraftforge]
[02May2025 18:42:44.710] [main/DEBUG] [cpw.mods.modlauncher.TransformationServiceDecorator/MODLAUNCHER]: Initialized transformation service fml
[02May2025 18:42:44.712] [main/DEBUG] [cpw.mods.modlauncher.NameMappingServiceHandler/MODLAUNCHER]: Current naming domain is 'srg'
[02May2025 18:42:44.715] [main/DEBUG] [cpw.mods.modlauncher.NameMappingServiceHandler/MODLAUNCHER]: Identified name mapping providers {}
[02May2025 18:42:44.716] [main/DEBUG] [cpw.mods.modlauncher.TransformationServicesHandler/MODLAUNCHER]: Transformation services begin scanning
[02May2025 18:42:44.717] [main/DEBUG] [cpw.mods.modlauncher.TransformationServiceDecorator/MODLAUNCHER]: Beginning scan trigger - transformation service mixin
[02May2025 18:42:44.718] [main/DEBUG] [cpw.mods.modlauncher.TransformationServiceDecorator/MODLAUNCHER]: End scan trigger - transformation service mixin
[02May2025 18:42:44.718] [main/DEBUG] [cpw.mods.modlauncher.TransformationServiceDecorator/MODLAUNCHER]: Beginning scan trigger - transformation service fml
[02May2025 18:42:44.719] [main/DEBUG] [net.minecraftforge.fml.loading.FMLServiceProvider/CORE]: Initiating mod scan
[02May2025 18:42:44.737] [main/DEBUG] [net.minecraftforge.fml.loading.moddiscovery.ModListHandler/CORE]: Found mod coordinates from lists: []
[02May2025 18:42:44.750] [main/DEBUG] [net.minecraftforge.fml.loading.moddiscovery.ModDiscoverer/CORE]: Found Mod Locators : (mods folder:null),(maven libs:null),(exploded directory:null),(minecraft:null),(userdev classpath:null)
[02May2025 18:42:44.752] [main/DEBUG] [net.minecraftforge.fml.loading.moddiscovery.ModDiscoverer/CORE]: Found Dependency Locators : (JarInJar:null)
[02May2025 18:42:44.770] [main/DEBUG] [net.minecraftforge.fml.loading.moddiscovery.ModFileParser/LOADING]: Considering mod file candidate /workspaces/proyectosjr/servidor_minecraft/mods/ad_astra-forge-1.20.1-1.15.20.jar
[02May2025 18:42:44.852] [main/DEBUG] [net.minecraftforge.fml.loading.moddiscovery.ModFileInfo/LOADING]: Found valid mod file ad_astra-forge-1.20.1-1.15.20.jar with {ad_astra} mods - versions {1.15.20}
[02May2025 18:42:44.853] [main/DEBUG] [net.minecraftforge.fml.loading.moddiscovery.ModFileParser/LOADING]: Considering mod file candidate /workspaces/proyectosjr/servidor_minecraft/mods/AI-Improvements-1.20-0.5.2.jar
[02May2025 18:42:44.858] [main/DEBUG] [net.minecraftforge.fml.loading.moddiscovery.ModFileInfo/LOADING]: Found valid mod file AI-Improvements-1.20-0.5.2.jar with {aiimprovements} mods - versions {0.5.2}
[02May2025 18:42:44.862] [main/DEBUG] [net.minecraftforge.fml.loading.moddiscovery.ModFileParser/LOADING]: Considering mod file candidate /workspaces/proyectosjr/servidor_minecraft/mods/alexsmobs-1.22.9.jar
[02May2025 18:42:44.867] [main/DEBUG] [net.minecraftforge.fml.loading.moddiscovery.ModFileInfo/LOADING]: Found valid mod file alexsmobs-1.22.9.jar with {alexsmobs} mods - versions {1.22.9}
[02May2025 18:42:44.870] [main/DEBUG] [net.minecraftforge.fml.loading.moddiscovery.ModFileParser/LOADING]: Considering mod file candidate /workspaces/proyectosjr/servidor_minecraft/mods/appleskin-forge-mc1.20.1-2.5.1.jar
[02May2025 18:42:44.873] [main/DEBUG] [net.minecraftforge.fml.loading.moddiscovery.ModFileInfo/LOADING]: Found valid mod file appleskin-forge-mc1.20.1-2.5.1.jar with {appleskin} mods - versions {2.5.1+mc1.20.1}
[02May2025 18:42:44.879] [main/DEBUG] [net.minecraftforge.fml.loading.moddiscovery.ModFileParser/LOADING]: Considering mod file candidate /workspaces/proyectosjr/servidor_minecraft/mods/architectury-9.2.14-forge (1).jar
[02May2025 18:42:44.882] [main/DEBUG] [net.minecraftforge.fml.loading.moddiscovery.ModFileInfo/LOADING]: Found valid mod file architectury-9.2.14-forge (1).jar with {architectury} mods - versions {9.2.14}
[02May2025 18:42:44.883] [main/DEBUG] [net.minecraftforge.fml.loading.moddiscovery.ModFileParser/LOADING]: Considering mod file candidate /workspaces/proyectosjr/servidor_minecraft/mods/artifacts-forge-9.5.16.jar
[02May2025 18:42:44.889] [main/DEBUG] [net.minecraftforge.fml.loading.moddiscovery.ModFileInfo/LOADING]: Found valid mod file artifacts-forge-9.5.16.jar with {artifacts} mods - versions {9.5.16}
[02May2025 18:42:44.891] [main/DEBUG] [net.minecraftforge.fml.loading.moddiscovery.ModFileParser/LOADING]: Considering mod file candidate /workspaces/proyectosjr/servidor_minecraft/mods/balm-forge-1.20.1-7.3.27-all.jar
[02May2025 18:42:44.892] [main/DEBUG] [net.minecraftforge.fml.loading.moddiscovery.ModFileInfo/LOADING]: Found valid mod file balm-forge-1.20.1-7.3.27-all.jar with {balm} mods - versions {7.3.27}
[02May2025 18:42:44.894] [main/DEBUG] [net.minecraftforge.fml.loading.moddiscovery.ModFileParser/LOADING]: Considering mod file candidate /workspaces/proyectosjr/servidor_minecraft/mods/bettervillage-forge-1.20.1-3.3.0-all.jar
[02May2025 18:42:44.896] [main/DEBUG] [net.minecraftforge.fml.loading.moddiscovery.ModFileInfo/LOADING]: Found valid mod file bettervillage-forge-1.20.1-3.3.0-all.jar with {bettervillage} mods - versions {3.3.0}
[02May2025 18:42:44.900] [main/DEBUG] [net.minecraftforge.fml.loading.moddiscovery.ModFileParser/LOADING]: Considering mod file candidate /workspaces/proyectosjr/servidor_minecraft/mods/BiomesOPlenty-forge-1.20.1-19.0.0.96.jar
[02May2025 18:42:44.902] [main/DEBUG] [net.minecraftforge.fml.loading.moddiscovery.ModFileInfo/LOADING]: Found valid mod file BiomesOPlenty-forge-1.20.1-19.0.0.96.jar with {biomesoplenty} mods - versions {19.0.0.96}
[02May2025 18:42:44.902] [main/DEBUG] [net.minecraftforge.fml.loading.moddiscovery.ModFileParser/LOADING]: Considering mod file candidate /workspaces/proyectosjr/servidor_minecraft/mods/botarium-forge-1.20.1-2.3.4.jar
[02May2025 18:42:44.903] [main/DEBUG] [net.minecraftforge.fml.loading.moddiscovery.ModFileInfo/LOADING]: Found valid mod file botarium-forge-1.20.1-2.3.4.jar with {botarium} mods - versions {2.3.4}
[02May2025 18:42:44.904] [main/DEBUG] [net.minecraftforge.fml.loading.moddiscovery.ModFileParser/LOADING]: Considering mod file candidate /workspaces/proyectosjr/servidor_minecraft/mods/carryon-forge-1.20.1-2.1.2.7.jar
[02May2025 18:42:44.905] [main/DEBUG] [net.minecraftforge.fml.loading.moddiscovery.ModFileInfo/LOADING]: Found valid mod file carryon-forge-1.20.1-2.1.2.7.jar with {carryon} mods - versions {2.1.2.7}
[02May2025 18:42:44.909] [main/DEBUG] [net.minecraftforge.fml.loading.moddiscovery.ModFileParser/LOADING]: Considering mod file candidate /workspaces/proyectosjr/servidor_minecraft/mods/citadel-2.6.1-1.20.1.jar
[02May2025 18:42:44.912] [main/DEBUG] [net.minecraftforge.fml.loading.moddiscovery.ModFileInfo/LOADING]: Found valid mod file citadel-2.6.1-1.20.1.jar with {citadel} mods - versions {2.6.1}
[02May2025 18:42:44.913] [main/DEBUG] [net.minecraftforge.fml.loading.moddiscovery.ModFileParser/LOADING]: Considering mod file candidate /workspaces/proyectosjr/servidor_minecraft/mods/cloth-config-11.1.136-forge.jar
[02May2025 18:42:44.920] [main/DEBUG] [net.minecraftforge.fml.loading.moddiscovery.ModFileInfo/LOADING]: Found valid mod file cloth-config-11.1.136-forge.jar with {cloth_config} mods - versions {11.1.136}
[02May2025 18:42:44.922] [main/DEBUG] [net.minecraftforge.fml.loading.moddiscovery.ModFileParser/LOADING]: Considering mod file candidate /workspaces/proyectosjr/servidor_minecraft/mods/comforts-forge-6.4.0+1.20.1.jar
[02May2025 18:42:44.925] [main/DEBUG] [net.minecraftforge.fml.loading.moddiscovery.ModFileInfo/LOADING]: Found valid mod file comforts-forge-6.4.0+1.20.1.jar with {comforts} mods - versions {6.4.0+1.20.1}
[02May2025 18:42:44.926] [main/DEBUG] [net.minecraftforge.fml.loading.moddiscovery.ModFileParser/LOADING]: Considering mod file candidate /workspaces/proyectosjr/servidor_minecraft/mods/cookingforblockheads-forge-1.20.1-16.0.13.jar
[02May2025 18:42:44.929] [main/DEBUG] [net.minecraftforge.fml.loading.moddiscovery.ModFileInfo/LOADING]: Found valid mod file cookingforblockheads-forge-1.20.1-16.0.13.jar with {cookingforblockheads} mods - versions {16.0.13}
[02May2025 18:42:44.932] [main/DEBUG] [net.minecraftforge.fml.loading.moddiscovery.ModFileParser/LOADING]: Considering mod file candidate /workspaces/proyectosjr/servidor_minecraft/mods/CreativeCore_FORGE_v2.12.32_mc1.20.1.jar
[02May2025 18:42:44.937] [main/DEBUG] [net.minecraftforge.fml.loading.moddiscovery.ModFileInfo/LOADING]: Found valid mod file CreativeCore_FORGE_v2.12.32_mc1.20.1.jar with {creativecore} mods - versions {2.12.32}
[02May2025 18:42:44.946] [main/DEBUG] [net.minecraftforge.fml.loading.moddiscovery.ModFileParser/LOADING]: Considering mod file candidate /workspaces/proyectosjr/servidor_minecraft/mods/curios-forge-5.14.1+1.20.1.jar
[02May2025 18:42:44.952] [main/DEBUG] [net.minecraftforge.fml.loading.moddiscovery.ModFileInfo/LOADING]: Found valid mod file curios-forge-5.14.1+1.20.1.jar with {curios} mods - versions {5.14.1+1.20.1}
[02May2025 18:42:44.959] [main/DEBUG] [net.minecraftforge.fml.loading.moddiscovery.ModFileParser/LOADING]: Considering mod file candidate /workspaces/proyectosjr/servidor_minecraft/mods/FarmersDelight-1.20.1-1.2.7.jar
[02May2025 18:42:44.969] [main/DEBUG] [net.minecraftforge.fml.loading.moddiscovery.ModFileInfo/LOADING]: Found valid mod file FarmersDelight-1.20.1-1.2.7.jar with {farmersdelight} mods - versions {1.20.1-1.2.7}
[02May2025 18:42:44.970] [main/DEBUG] [net.minecraftforge.fml.loading.moddiscovery.ModFileParser/LOADING]: Considering mod file candidate /workspaces/proyectosjr/servidor_minecraft/mods/geckolib-forge-1.20.1-4.7.1.2.jar
[02May2025 18:42:44.980] [main/DEBUG] [net.minecraftforge.fml.loading.moddiscovery.ModFileInfo/LOADING]: Found valid mod file geckolib-forge-1.20.1-4.7.1.2.jar with {geckolib} mods - versions {4.7.1.2}
[02May2025 18:42:44.983] [main/DEBUG] [net.minecraftforge.fml.loading.moddiscovery.ModFileParser/LOADING]: Considering mod file candidate /workspaces/proyectosjr/servidor_minecraft/mods/GlitchCore-forge-1.20.1-0.0.1.1.jar
[02May2025 18:42:44.989] [main/DEBUG] [net.minecraftforge.fml.loading.moddiscovery.ModFileInfo/LOADING]: Found valid mod file GlitchCore-forge-1.20.1-0.0.1.1.jar with {glitchcore} mods - versions {0.0.1.1}
[02May2025 18:42:44.994] [main/DEBUG] [net.minecraftforge.fml.loading.moddiscovery.ModFileParser/LOADING]: Considering mod file candidate /workspaces/proyectosjr/servidor_minecraft/mods/horrrs_pvz-1.81-forge-1.20.1.jar
[02May2025 18:42:44.998] [main/DEBUG] [net.minecraftforge.fml.loading.moddiscovery.ModFileInfo/LOADING]: Found valid mod file horrrs_pvz-1.81-forge-1.20.1.jar with {horrrs_pvz} mods - versions {1.81}
[02May2025 18:42:44.998] [main/DEBUG] [net.minecraftforge.fml.loading.moddiscovery.ModFileParser/LOADING]: Considering mod file candidate /workspaces/proyectosjr/servidor_minecraft/mods/inventoryhud.forge.1.20.1-3.4.26.jar
[02May2025 18:42:45.002] [main/DEBUG] [net.minecraftforge.fml.loading.moddiscovery.ModFileInfo/LOADING]: Found valid mod file inventoryhud.forge.1.20.1-3.4.26.jar with {inventoryhud} mods - versions {3.4.26}
[02May2025 18:42:45.010] [main/DEBUG] [net.minecraftforge.fml.loading.moddiscovery.ModFileParser/LOADING]: Considering mod file candidate /workspaces/proyectosjr/servidor_minecraft/mods/ironchest-1.20.1-14.4.4.jar
[02May2025 18:42:45.011] [main/DEBUG] [net.minecraftforge.fml.loading.moddiscovery.ModFileInfo/LOADING]: Found valid mod file ironchest-1.20.1-14.4.4.jar with {ironchest} mods - versions {1.20.1-14.4.4}
[02May2025 18:42:45.015] [main/DEBUG] [net.minecraftforge.fml.loading.moddiscovery.ModFileParser/LOADING]: Considering mod file candidate /workspaces/proyectosjr/servidor_minecraft/mods/Jade-1.20.1-Forge-11.13.1.jar
[02May2025 18:42:45.017] [main/DEBUG] [net.minecraftforge.fml.loading.moddiscovery.ModFileInfo/LOADING]: Found valid mod file Jade-1.20.1-Forge-11.13.1.jar with {jade} mods - versions {11.13.1+forge}
[02May2025 18:42:45.019] [main/DEBUG] [net.minecraftforge.fml.loading.moddiscovery.ModFileParser/LOADING]: Considering mod file candidate /workspaces/proyectosjr/servidor_minecraft/mods/jei-1.20.1-forge-15.20.0.106.jar
[02May2025 18:42:45.022] [main/DEBUG] [net.minecraftforge.fml.loading.moddiscovery.ModFileInfo/LOADING]: Found valid mod file jei-1.20.1-forge-15.20.0.106.jar with {jei} mods - versions {15.20.0.106}
[02May2025 18:42:45.120] [main/DEBUG] [net.minecraftforge.fml.loading.moddiscovery.ModFileParser/LOADING]: Considering mod file candidate /workspaces/proyectosjr/servidor_minecraft/mods/legends_of_slugterra-1.1.1-1.20.1.jar
[02May2025 18:42:45.123] [main/DEBUG] [net.minecraftforge.fml.loading.moddiscovery.ModFileInfo/LOADING]: Found valid mod file legends_of_slugterra-1.1.1-1.20.1.jar with {slugterra} mods - versions {1.1.1}
[02May2025 18:42:45.125] [main/DEBUG] [net.minecraftforge.fml.loading.moddiscovery.ModFileParser/LOADING]: Considering mod file candidate /workspaces/proyectosjr/servidor_minecraft/mods/libraryferret-forge-1.20.1-4.0.0.jar
[02May2025 18:42:45.127] [main/DEBUG] [net.minecraftforge.fml.loading.moddiscovery.ModFileInfo/LOADING]: Found valid mod file libraryferret-forge-1.20.1-4.0.0.jar with {libraryferret} mods - versions {4.0.0}
[02May2025 18:42:45.129] [main/DEBUG] [net.minecraftforge.fml.loading.moddiscovery.ModFileParser/LOADING]: Considering mod file candidate /workspaces/proyectosjr/servidor_minecraft/mods/moonlight-1.20-2.13.83-forge.jar
[02May2025 18:42:45.134] [main/DEBUG] [net.minecraftforge.fml.loading.moddiscovery.ModFileInfo/LOADING]: Found valid mod file moonlight-1.20-2.13.83-forge.jar with {moonlight} mods - versions {1.20-2.13.83}
[02May2025 18:42:45.146] [main/DEBUG] [net.minecraftforge.fml.loading.moddiscovery.ModFileParser/LOADING]: Considering mod file candidate /workspaces/proyectosjr/servidor_minecraft/mods/mowziesmobs-1.7.2.jar
[02May2025 18:42:45.151] [main/DEBUG] [net.minecraftforge.fml.loading.moddiscovery.ModFileInfo/LOADING]: Found valid mod file mowziesmobs-1.7.2.jar with {mowziesmobs} mods - versions {1.7.2}
[02May2025 18:42:45.152] [main/DEBUG] [net.minecraftforge.fml.loading.moddiscovery.ModFileParser/LOADING]: Considering mod file candidate /workspaces/proyectosjr/servidor_minecraft/mods/NekosEnchantedBooks-1.19.3-2.0.3.jar
[02May2025 18:42:45.155] [main/DEBUG] [net.minecraftforge.fml.loading.moddiscovery.ModFileInfo/LOADING]: Found valid mod file NekosEnchantedBooks-1.19.3-2.0.3.jar with {nebs} mods - versions {2.0.3}
[02May2025 18:42:45.161] [main/DEBUG] [net.minecraftforge.fml.loading.moddiscovery.ModFileParser/LOADING]: Considering mod file candidate /workspaces/proyectosjr/servidor_minecraft/mods/OctoLib-FORGE-0.5.0.1+1.20.1.jar
[02May2025 18:42:45.165] [main/DEBUG] [net.minecraftforge.fml.loading.moddiscovery.ModFileInfo/LOADING]: Found valid mod file OctoLib-FORGE-0.5.0.1+1.20.1.jar with {octolib} mods - versions {0.5.0.1}
[02May2025 18:42:45.170] [main/DEBUG] [net.minecraftforge.fml.loading.moddiscovery.ModFileParser/LOADING]: Considering mod file candidate /workspaces/proyectosjr/servidor_minecraft/mods/photon-forge-1.20.1-1.1.7.jar
[02May2025 18:42:45.199] [main/DEBUG] [net.minecraftforge.fml.loading.moddiscovery.ModFileInfo/LOADING]: Found valid mod file photon-forge-1.20.1-1.1.7.jar with {photon} mods - versions {1.1.7}
[02May2025 18:42:45.200] [main/DEBUG] [net.minecraftforge.fml.loading.moddiscovery.ModFileParser/LOADING]: Considering mod file candidate /workspaces/proyectosjr/servidor_minecraft/mods/Placebo-1.20.1-8.6.3.jar
[02May2025 18:42:45.202] [main/DEBUG] [net.minecraftforge.fml.loading.moddiscovery.ModFileInfo/LOADING]: Found valid mod file Placebo-1.20.1-8.6.3.jar with {placebo} mods - versions {8.6.3}
[02May2025 18:42:45.203] [main/DEBUG] [net.minecraftforge.fml.loading.moddiscovery.ModFileParser/LOADING]: Considering mod file candidate /workspaces/proyectosjr/servidor_minecraft/mods/PlayerRevive_FORGE_v2.0.31_mc1.20.1.jar
[02May2025 18:42:45.204] [main/DEBUG] [net.minecraftforge.fml.loading.moddiscovery.ModFileInfo/LOADING]: Found valid mod file PlayerRevive_FORGE_v2.0.31_mc1.20.1.jar with {playerrevive} mods - versions {2.0.31}
[02May2025 18:42:45.210] [main/DEBUG] [net.minecraftforge.fml.loading.moddiscovery.ModFileParser/LOADING]: Considering mod file candidate /workspaces/proyectosjr/servidor_minecraft/mods/Quark-4.0-462.jar
[02May2025 18:42:45.212] [main/DEBUG] [net.minecraftforge.fml.loading.moddiscovery.ModFileInfo/LOADING]: Found valid mod file Quark-4.0-462.jar with {quark} mods - versions {4.0-462}
[02May2025 18:42:45.213] [main/DEBUG] [net.minecraftforge.fml.loading.moddiscovery.ModFileParser/LOADING]: Considering mod file candidate /workspaces/proyectosjr/servidor_minecraft/mods/realmrpg_quests-0.1.1-forge-1.20.1.jar
[02May2025 18:42:45.214] [main/DEBUG] [net.minecraftforge.fml.loading.moddiscovery.ModFileInfo/LOADING]: Found valid mod file realmrpg_quests-0.1.1-forge-1.20.1.jar with {realmrpg_quests} mods - versions {0.1.1}
[02May2025 18:42:45.215] [main/DEBUG] [net.minecraftforge.fml.loading.moddiscovery.ModFileParser/LOADING]: Considering mod file candidate /workspaces/proyectosjr/servidor_minecraft/mods/relics-1.20.1-0.8.0.9.jar
[02May2025 18:42:45.216] [main/DEBUG] [net.minecraftforge.fml.loading.moddiscovery.ModFileInfo/LOADING]: Found valid mod file relics-1.20.1-0.8.0.9.jar with {relics} mods - versions {0.8.0.9}
[02May2025 18:42:45.217] [main/DEBUG] [net.minecraftforge.fml.loading.moddiscovery.ModFileParser/LOADING]: Considering mod file candidate /workspaces/proyectosjr/servidor_minecraft/mods/resourcefulconfig-forge-1.20.1-2.1.3.jar
[02May2025 18:42:45.217] [main/DEBUG] [net.minecraftforge.fml.loading.moddiscovery.ModFileInfo/LOADING]: Found valid mod file resourcefulconfig-forge-1.20.1-2.1.3.jar with {resourcefulconfig} mods - versions {2.1.3}
[02May2025 18:42:45.218] [main/DEBUG] [net.minecraftforge.fml.loading.moddiscovery.ModFileParser/LOADING]: Considering mod file candidate /workspaces/proyectosjr/servidor_minecraft/mods/resourcefullib-forge-1.20.1-2.1.29.jar
[02May2025 18:42:45.219] [main/DEBUG] [net.minecraftforge.fml.loading.moddiscovery.ModFileInfo/LOADING]: Found valid mod file resourcefullib-forge-1.20.1-2.1.29.jar with {resourcefullib} mods - versions {2.1.29}
[02May2025 18:42:45.219] [main/DEBUG] [net.minecraftforge.fml.loading.moddiscovery.ModFileParser/LOADING]: Considering mod file candidate /workspaces/proyectosjr/servidor_minecraft/mods/rubidium-mc1.20.1-0.7.1a (1).jar
[02May2025 18:42:45.220] [main/DEBUG] [net.minecraftforge.fml.loading.moddiscovery.ModFileInfo/LOADING]: Found valid mod file rubidium-mc1.20.1-0.7.1a (1).jar with {rubidium,sodium} mods - versions {0.7.1a,0.5.3}
[02May2025 18:42:45.222] [main/DEBUG] [net.minecraftforge.fml.loading.moddiscovery.ModFileParser/LOADING]: Considering mod file candidate /workspaces/proyectosjr/servidor_minecraft/mods/simplefarming-1.20.1-2.2.6.jar
[02May2025 18:42:45.224] [main/DEBUG] [net.minecraftforge.fml.loading.moddiscovery.ModFileInfo/LOADING]: Found valid mod file simplefarming-1.20.1-2.2.6.jar with {simplefarming} mods - versions {1.20.1-2.0.6}
[02May2025 18:42:45.225] [main/DEBUG] [net.minecraftforge.fml.loading.moddiscovery.ModFileParser/LOADING]: Considering mod file candidate /workspaces/proyectosjr/servidor_minecraft/mods/sophisticatedbackpacks-1.20.1-3.23.14.1233.jar
[02May2025 18:42:45.229] [main/DEBUG] [net.minecraftforge.fml.loading.moddiscovery.ModFileInfo/LOADING]: Found valid mod file sophisticatedbackpacks-1.20.1-3.23.14.1233.jar with {sophisticatedbackpacks} mods - versions {3.23.14.1233}
[02May2025 18:42:45.230] [main/DEBUG] [net.minecraftforge.fml.loading.moddiscovery.ModFileParser/LOADING]: Considering mod file candidate /workspaces/proyectosjr/servidor_minecraft/mods/sophisticatedcore-1.20.1-1.2.51.966.jar
[02May2025 18:42:45.232] [main/DEBUG] [net.minecraftforge.fml.loading.moddiscovery.ModFileInfo/LOADING]: Found valid mod file sophisticatedcore-1.20.1-1.2.51.966.jar with {sophisticatedcore} mods - versions {1.2.51.966}
[02May2025 18:42:45.240] [main/DEBUG] [net.minecraftforge.fml.loading.moddiscovery.ModFileParser/LOADING]: Considering mod file candidate /workspaces/proyectosjr/servidor_minecraft/mods/supplementaries-1.20-3.1.30.jar
[02May2025 18:42:45.245] [main/DEBUG] [net.minecraftforge.fml.loading.moddiscovery.ModFileInfo/LOADING]: Found valid mod file supplementaries-1.20-3.1.30.jar with {supplementaries} mods - versions {1.20-3.1.30}
[02May2025 18:42:45.255] [main/DEBUG] [net.minecraftforge.fml.loading.moddiscovery.ModFileParser/LOADING]: Considering mod file candidate /workspaces/proyectosjr/servidor_minecraft/mods/TerraBlender-forge-1.20.1-3.0.1.10.jar
[02May2025 18:42:45.256] [main/DEBUG] [net.minecraftforge.fml.loading.moddiscovery.ModFileInfo/LOADING]: Found valid mod file TerraBlender-forge-1.20.1-3.0.1.10.jar with {terrablender} mods - versions {3.0.1.10}
[02May2025 18:42:45.258] [main/DEBUG] [net.minecraftforge.fml.loading.moddiscovery.ModFileParser/LOADING]: Considering mod file candidate /workspaces/proyectosjr/servidor_minecraft/mods/tombstone-1.20.1-8.9.4.jar
[02May2025 18:42:45.261] [main/DEBUG] [net.minecraftforge.fml.loading.moddiscovery.ModFileInfo/LOADING]: Found valid mod file tombstone-1.20.1-8.9.4.jar with {tombstone} mods - versions {8.9.4}
[02May2025 18:42:45.263] [main/DEBUG] [net.minecraftforge.fml.loading.moddiscovery.ModFileParser/LOADING]: Considering mod file candidate /workspaces/proyectosjr/servidor_minecraft/mods/torchmaster-20.1.9.jar
[02May2025 18:42:45.264] [main/DEBUG] [net.minecraftforge.fml.loading.moddiscovery.ModFileInfo/LOADING]: Found valid mod file torchmaster-20.1.9.jar with {torchmaster} mods - versions {20.1.9}
[02May2025 18:42:45.265] [main/DEBUG] [net.minecraftforge.fml.loading.moddiscovery.ModFileParser/LOADING]: Considering mod file candidate /workspaces/proyectosjr/servidor_minecraft/mods/trashslot-forge-1.20-15.1.2.jar
[02May2025 18:42:45.267] [main/DEBUG] [net.minecraftforge.fml.loading.moddiscovery.ModFileInfo/LOADING]: Found valid mod file trashslot-forge-1.20-15.1.2.jar with {trashslot} mods - versions {15.1.2}
[02May2025 18:42:45.267] [main/DEBUG] [net.minecraftforge.fml.loading.moddiscovery.ModFileParser/LOADING]: Considering mod file candidate /workspaces/proyectosjr/servidor_minecraft/mods/upgradedcore-1.20.1-5.0.0.2-release.jar
[02May2025 18:42:45.268] [main/DEBUG] [net.minecraftforge.fml.loading.moddiscovery.ModFileInfo/LOADING]: Found valid mod file upgradedcore-1.20.1-5.0.0.2-release.jar with {upgradedcore} mods - versions {1.20.1-5.0.0.2-release}
[02May2025 18:42:45.269] [main/DEBUG] [net.minecraftforge.fml.loading.moddiscovery.ModFileParser/LOADING]: Considering mod file candidate /workspaces/proyectosjr/servidor_minecraft/mods/waystones-forge-1.20.1-14.1.11.jar
[02May2025 18:42:45.270] [main/DEBUG] [net.minecraftforge.fml.loading.moddiscovery.ModFileInfo/LOADING]: Found valid mod file waystones-forge-1.20.1-14.1.11.jar with {waystones} mods - versions {14.1.11}
[02May2025 18:42:45.270] [main/DEBUG] [net.minecraftforge.fml.loading.moddiscovery.ModFileParser/LOADING]: Considering mod file candidate /workspaces/proyectosjr/servidor_minecraft/mods/YungsApi-1.20-Forge-4.0.6.jar
[02May2025 18:42:45.272] [main/DEBUG] [net.minecraftforge.fml.loading.moddiscovery.ModFileInfo/LOADING]: Found valid mod file YungsApi-1.20-Forge-4.0.6.jar with {yungsapi} mods - versions {1.20-Forge-4.0.6}
[02May2025 18:42:45.272] [main/DEBUG] [net.minecraftforge.fml.loading.moddiscovery.ModFileParser/LOADING]: Considering mod file candidate /workspaces/proyectosjr/servidor_minecraft/mods/YungsBetterDungeons-1.20-Forge-4.0.4.jar
[02May2025 18:42:45.275] [main/DEBUG] [net.minecraftforge.fml.loading.moddiscovery.ModFileInfo/LOADING]: Found valid mod file YungsBetterDungeons-1.20-Forge-4.0.4.jar with {betterdungeons} mods - versions {1.20-Forge-4.0.4}
[02May2025 18:42:45.276] [main/DEBUG] [net.minecraftforge.fml.loading.moddiscovery.ModFileParser/LOADING]: Considering mod file candidate /workspaces/proyectosjr/servidor_minecraft/mods/YungsBetterMineshafts-1.20-Forge-4.0.4.jar
[02May2025 18:42:45.276] [main/DEBUG] [net.minecraftforge.fml.loading.moddiscovery.ModFileInfo/LOADING]: Found valid mod file YungsBetterMineshafts-1.20-Forge-4.0.4.jar with {bettermineshafts} mods - versions {1.20-Forge-4.0.4}
[02May2025 18:42:45.277] [main/DEBUG] [net.minecraftforge.fml.loading.moddiscovery.ModFileParser/LOADING]: Considering mod file candidate /workspaces/proyectosjr/servidor_minecraft/mods/YungsBetterStrongholds-1.20-Forge-4.0.3.jar
[02May2025 18:42:45.277] [main/DEBUG] [net.minecraftforge.fml.loading.moddiscovery.ModFileInfo/LOADING]: Found valid mod file YungsBetterStrongholds-1.20-Forge-4.0.3.jar with {betterstrongholds} mods - versions {1.20-Forge-4.0.3}
[02May2025 18:42:45.279] [main/DEBUG] [net.minecraftforge.fml.loading.moddiscovery.ModFileParser/LOADING]: Considering mod file candidate /workspaces/proyectosjr/servidor_minecraft/mods/Zeta-1.0-30.jar
[02May2025 18:42:45.280] [main/DEBUG] [net.minecraftforge.fml.loading.moddiscovery.ModFileInfo/LOADING]: Found valid mod file Zeta-1.0-30.jar with {zeta} mods - versions {1.0-30}
[02May2025 18:42:45.743] [main/DEBUG] [net.minecraftforge.fml.loading.moddiscovery.ModFileInfo/LOADING]: Found valid mod file server-1.20.1-20230612.114412-srg.jar with {minecraft} mods - versions {1.20.1}
[02May2025 18:42:45.753] [main/DEBUG] [net.minecraftforge.fml.loading.moddiscovery.ModFileParser/LOADING]: Considering mod file candidate /workspaces/proyectosjr/servidor_minecraft/libraries/net/minecraftforge/fmlcore/1.20.1-47.3.7/fmlcore-1.20.1-47.3.7.jar
[02May2025 18:42:45.758] [main/WARN] [net.minecraftforge.fml.loading.moddiscovery.ModFileParser/LOADING]: Mod file /workspaces/proyectosjr/servidor_minecraft/libraries/net/minecraftforge/fmlcore/1.20.1-47.3.7/fmlcore-1.20.1-47.3.7.jar is missing mods.toml file
[02May2025 18:42:45.762] [main/DEBUG] [net.minecraftforge.fml.loading.moddiscovery.ModFileParser/LOADING]: Considering mod file candidate /workspaces/proyectosjr/servidor_minecraft/libraries/net/minecraftforge/javafmllanguage/1.20.1-47.3.7/javafmllanguage-1.20.1-47.3.7.jar
[02May2025 18:42:45.765] [main/WARN] [net.minecraftforge.fml.loading.moddiscovery.ModFileParser/LOADING]: Mod file /workspaces/proyectosjr/servidor_minecraft/libraries/net/minecraftforge/javafmllanguage/1.20.1-47.3.7/javafmllanguage-1.20.1-47.3.7.jar is missing mods.toml file
[02May2025 18:42:45.769] [main/DEBUG] [net.minecraftforge.fml.loading.moddiscovery.ModFileParser/LOADING]: Considering mod file candidate /workspaces/proyectosjr/servidor_minecraft/libraries/net/minecraftforge/lowcodelanguage/1.20.1-47.3.7/lowcodelanguage-1.20.1-47.3.7.jar
[02May2025 18:42:45.771] [main/WARN] [net.minecraftforge.fml.loading.moddiscovery.ModFileParser/LOADING]: Mod file /workspaces/proyectosjr/servidor_minecraft/libraries/net/minecraftforge/lowcodelanguage/1.20.1-47.3.7/lowcodelanguage-1.20.1-47.3.7.jar is missing mods.toml file
[02May2025 18:42:45.776] [main/DEBUG] [net.minecraftforge.fml.loading.moddiscovery.ModFileParser/LOADING]: Considering mod file candidate /workspaces/proyectosjr/servidor_minecraft/libraries/net/minecraftforge/mclanguage/1.20.1-47.3.7/mclanguage-1.20.1-47.3.7.jar
[02May2025 18:42:45.777] [main/WARN] [net.minecraftforge.fml.loading.moddiscovery.ModFileParser/LOADING]: Mod file /workspaces/proyectosjr/servidor_minecraft/libraries/net/minecraftforge/mclanguage/1.20.1-47.3.7/mclanguage-1.20.1-47.3.7.jar is missing mods.toml file
[02May2025 18:42:45.952] [main/DEBUG] [net.minecraftforge.fml.loading.moddiscovery.ModFileParser/LOADING]: Considering mod file candidate /workspaces/proyectosjr/servidor_minecraft/libraries/net/minecraftforge/forge/1.20.1-47.3.7/forge-1.20.1-47.3.7-universal.jar
[02May2025 18:42:45.956] [main/DEBUG] [net.minecraftforge.fml.loading.moddiscovery.ModFileInfo/LOADING]: Found valid mod file forge-1.20.1-47.3.7-universal.jar with {forge} mods - versions {47.3.7}
[02May2025 18:42:45.982] [main/DEBUG] [net.minecraftforge.fml.loading.moddiscovery.AbstractJarFileDependencyLocator/]: Failed to load resource META-INF/jarjar/metadata.json from YungsBetterDungeons-1.20-Forge-4.0.4.jar, it does not contain dependency information.
[02May2025 18:42:45.987] [main/DEBUG] [net.minecraftforge.fml.loading.moddiscovery.AbstractJarFileDependencyLocator/]: Failed to load resource META-INF/jarjar/metadata.json from mowziesmobs-1.7.2.jar, it does not contain dependency information.
[02May2025 18:42:45.988] [main/DEBUG] [net.minecraftforge.fml.loading.moddiscovery.AbstractJarFileDependencyLocator/]: Failed to load resource META-INF/jarjar/metadata.json from trashslot-forge-1.20-15.1.2.jar, it does not contain dependency information.
[02May2025 18:42:45.988] [main/DEBUG] [net.minecraftforge.fml.loading.moddiscovery.AbstractJarFileDependencyLocator/]: Failed to load resource META-INF/jarjar/metadata.json from alexsmobs-1.22.9.jar, it does not contain dependency information.
[02May2025 18:42:45.989] [main/DEBUG] [net.minecraftforge.fml.loading.moddiscovery.AbstractJarFileDependencyLocator/]: Failed to load resource META-INF/jarjar/metadata.json from botarium-forge-1.20.1-2.3.4.jar, it does not contain dependency information.
[02May2025 18:42:45.989] [main/DEBUG] [net.minecraftforge.fml.loading.moddiscovery.AbstractJarFileDependencyLocator/]: Failed to load resource META-INF/jarjar/metadata.json from legends_of_slugterra-1.1.1-1.20.1.jar, it does not contain dependency information.
[02May2025 18:42:45.989] [main/DEBUG] [net.minecraftforge.fml.loading.moddiscovery.AbstractJarFileDependencyLocator/]: Failed to load resource META-INF/jarjar/metadata.json from jei-1.20.1-forge-15.20.0.106.jar, it does not contain dependency information.
[02May2025 18:42:45.989] [main/DEBUG] [net.minecraftforge.fml.loading.moddiscovery.AbstractJarFileDependencyLocator/]: Failed to load resource META-INF/jarjar/metadata.json from libraryferret-forge-1.20.1-4.0.0.jar, it does not contain dependency information.
[02May2025 18:42:45.991] [main/DEBUG] [net.minecraftforge.fml.loading.moddiscovery.AbstractJarFileDependencyLocator/]: Failed to load resource META-INF/jarjar/metadata.json from sophisticatedcore-1.20.1-1.2.51.966.jar, it does not contain dependency information.
[02May2025 18:42:45.991] [main/DEBUG] [net.minecraftforge.fml.loading.moddiscovery.AbstractJarFileDependencyLocator/]: Failed to load resource META-INF/jarjar/metadata.json from rubidium-mc1.20.1-0.7.1a (1).jar, it does not contain dependency information.
[02May2025 18:42:45.991] [main/DEBUG] [net.minecraftforge.fml.loading.moddiscovery.AbstractJarFileDependencyLocator/]: Failed to load resource META-INF/jarjar/metadata.json from waystones-forge-1.20.1-14.1.11.jar, it does not contain dependency information.
[02May2025 18:42:45.991] [main/DEBUG] [net.minecraftforge.fml.loading.moddiscovery.AbstractJarFileDependencyLocator/]: Failed to load resource META-INF/jarjar/metadata.json from cookingforblockheads-forge-1.20.1-16.0.13.jar, it does not contain dependency information.
[02May2025 18:42:45.992] [main/DEBUG] [net.minecraftforge.fml.loading.moddiscovery.AbstractJarFileDependencyLocator/]: Failed to load resource META-INF/jarjar/metadata.json from Placebo-1.20.1-8.6.3.jar, it does not contain dependency information.
[02May2025 18:42:45.992] [main/DEBUG] [net.minecraftforge.fml.loading.moddiscovery.AbstractJarFileDependencyLocator/]: Failed to load resource META-INF/jarjar/metadata.json from citadel-2.6.1-1.20.1.jar, it does not contain dependency information.
[02May2025 18:42:45.992] [main/DEBUG] [net.minecraftforge.fml.loading.moddiscovery.AbstractJarFileDependencyLocator/]: Failed to load resource META-INF/jarjar/metadata.json from YungsApi-1.20-Forge-4.0.6.jar, it does not contain dependency information.
[02May2025 18:42:45.993] [main/DEBUG] [net.minecraftforge.fml.loading.moddiscovery.AbstractJarFileDependencyLocator/]: Failed to load resource META-INF/jarjar/metadata.json from horrrs_pvz-1.81-forge-1.20.1.jar, it does not contain dependency information.
[02May2025 18:42:45.994] [main/DEBUG] [net.minecraftforge.fml.loading.moddiscovery.AbstractJarFileDependencyLocator/]: Failed to load resource META-INF/jarjar/metadata.json from GlitchCore-forge-1.20.1-0.0.1.1.jar, it does not contain dependency information.
[02May2025 18:42:45.996] [main/DEBUG] [net.minecraftforge.fml.loading.moddiscovery.AbstractJarFileDependencyLocator/]: Failed to load resource META-INF/jarjar/metadata.json from sophisticatedbackpacks-1.20.1-3.23.14.1233.jar, it does not contain dependency information.
[02May2025 18:42:45.996] [main/DEBUG] [net.minecraftforge.fml.loading.moddiscovery.AbstractJarFileDependencyLocator/]: Failed to load resource META-INF/jarjar/metadata.json from relics-1.20.1-0.8.0.9.jar, it does not contain dependency information.
[02May2025 18:42:45.996] [main/DEBUG] [net.minecraftforge.fml.loading.moddiscovery.AbstractJarFileDependencyLocator/]: Failed to load resource META-INF/jarjar/metadata.json from cloth-config-11.1.136-forge.jar, it does not contain dependency information.
[02May2025 18:42:45.997] [main/DEBUG] [net.minecraftforge.fml.loading.moddiscovery.AbstractJarFileDependencyLocator/]: Failed to load resource META-INF/jarjar/metadata.json from forge-1.20.1-47.3.7-universal.jar, it does not contain dependency information.
[02May2025 18:42:45.997] [main/DEBUG] [net.minecraftforge.fml.loading.moddiscovery.AbstractJarFileDependencyLocator/]: Failed to load resource META-INF/jarjar/metadata.json from ironchest-1.20.1-14.4.4.jar, it does not contain dependency information.
[02May2025 18:42:45.997] [main/DEBUG] [net.minecraftforge.fml.loading.moddiscovery.AbstractJarFileDependencyLocator/]: Failed to load resource META-INF/jarjar/metadata.json from server-1.20.1-20230612.114412-srg.jar, it does not contain dependency information.
[02May2025 18:42:45.998] [main/DEBUG] [net.minecraftforge.fml.loading.moddiscovery.AbstractJarFileDependencyLocator/]: Failed to load resource META-INF/jarjar/metadata.json from FarmersDelight-1.20.1-1.2.7.jar, it does not contain dependency information.
[02May2025 18:42:45.999] [main/DEBUG] [net.minecraftforge.fml.loading.moddiscovery.AbstractJarFileDependencyLocator/]: Failed to load resource META-INF/jarjar/metadata.json from torchmaster-20.1.9.jar, it does not contain dependency information.
[02May2025 18:42:46.000] [main/DEBUG] [net.minecraftforge.fml.loading.moddiscovery.AbstractJarFileDependencyLocator/]: Failed to load resource META-INF/jarjar/metadata.json from TerraBlender-forge-1.20.1-3.0.1.10.jar, it does not contain dependency information.
[02May2025 18:42:46.000] [main/DEBUG] [net.minecraftforge.fml.loading.moddiscovery.AbstractJarFileDependencyLocator/]: Failed to load resource META-INF/jarjar/metadata.json from BiomesOPlenty-forge-1.20.1-19.0.0.96.jar, it does not contain dependency information.
[02May2025 18:42:46.000] [main/DEBUG] [net.minecraftforge.fml.loading.moddiscovery.AbstractJarFileDependencyLocator/]: Failed to load resource META-INF/jarjar/metadata.json from Jade-1.20.1-Forge-11.13.1.jar, it does not contain dependency information.
[02May2025 18:42:46.001] [main/DEBUG] [net.minecraftforge.fml.loading.moddiscovery.AbstractJarFileDependencyLocator/]: Failed to load resource META-INF/jarjar/metadata.json from CreativeCore_FORGE_v2.12.32_mc1.20.1.jar, it does not contain dependency information.
[02May2025 18:42:46.001] [main/DEBUG] [net.minecraftforge.fml.loading.moddiscovery.AbstractJarFileDependencyLocator/]: Failed to load resource META-INF/jarjar/metadata.json from simplefarming-1.20.1-2.2.6.jar, it does not contain dependency information.
[02May2025 18:42:46.001] [main/DEBUG] [net.minecraftforge.fml.loading.moddiscovery.AbstractJarFileDependencyLocator/]: Failed to load resource META-INF/jarjar/metadata.json from resourcefulconfig-forge-1.20.1-2.1.3.jar, it does not contain dependency information.
[02May2025 18:42:46.002] [main/DEBUG] [net.minecraftforge.fml.loading.moddiscovery.AbstractJarFileDependencyLocator/]: Failed to load resource META-INF/jarjar/metadata.json from curios-forge-5.14.1+1.20.1.jar, it does not contain dependency information.
[02May2025 18:42:46.003] [main/DEBUG] [net.minecraftforge.fml.loading.moddiscovery.AbstractJarFileDependencyLocator/]: Failed to load resource META-INF/jarjar/metadata.json from inventoryhud.forge.1.20.1-3.4.26.jar, it does not contain dependency information.
[02May2025 18:42:46.003] [main/DEBUG] [net.minecraftforge.fml.loading.moddiscovery.AbstractJarFileDependencyLocator/]: Failed to load resource META-INF/jarjar/metadata.json from YungsBetterStrongholds-1.20-Forge-4.0.3.jar, it does not contain dependency information.
[02May2025 18:42:46.003] [main/DEBUG] [net.minecraftforge.fml.loading.moddiscovery.AbstractJarFileDependencyLocator/]: Failed to load resource META-INF/jarjar/metadata.json from tombstone-1.20.1-8.9.4.jar, it does not contain dependency information.
[02May2025 18:42:46.003] [main/DEBUG] [net.minecraftforge.fml.loading.moddiscovery.AbstractJarFileDependencyLocator/]: Failed to load resource META-INF/jarjar/metadata.json from upgradedcore-1.20.1-5.0.0.2-release.jar, it does not contain dependency information.
[02May2025 18:42:46.004] [main/DEBUG] [net.minecraftforge.fml.loading.moddiscovery.AbstractJarFileDependencyLocator/]: Failed to load resource META-INF/jarjar/metadata.json from architectury-9.2.14-forge (1).jar, it does not contain dependency information.
[02May2025 18:42:46.004] [main/DEBUG] [net.minecraftforge.fml.loading.moddiscovery.AbstractJarFileDependencyLocator/]: Failed to load resource META-INF/jarjar/metadata.json from appleskin-forge-mc1.20.1-2.5.1.jar, it does not contain dependency information.
[02May2025 18:42:46.004] [main/DEBUG] [net.minecraftforge.fml.loading.moddiscovery.AbstractJarFileDependencyLocator/]: Failed to load resource META-INF/jarjar/metadata.json from AI-Improvements-1.20-0.5.2.jar, it does not contain dependency information.
[02May2025 18:42:46.004] [main/DEBUG] [net.minecraftforge.fml.loading.moddiscovery.AbstractJarFileDependencyLocator/]: Failed to load resource META-INF/jarjar/metadata.json from YungsBetterMineshafts-1.20-Forge-4.0.4.jar, it does not contain dependency information.
[02May2025 18:42:46.004] [main/DEBUG] [net.minecraftforge.fml.loading.moddiscovery.AbstractJarFileDependencyLocator/]: Failed to load resource META-INF/jarjar/metadata.json from realmrpg_quests-0.1.1-forge-1.20.1.jar, it does not contain dependency information.
[02May2025 18:42:46.006] [main/DEBUG] [net.minecraftforge.fml.loading.moddiscovery.AbstractJarFileDependencyLocator/]: Failed to load resource META-INF/jarjar/metadata.json from PlayerRevive_FORGE_v2.0.31_mc1.20.1.jar, it does not contain dependency information.
[02May2025 18:42:46.006] [main/DEBUG] [net.minecraftforge.fml.loading.moddiscovery.AbstractJarFileDependencyLocator/]: Failed to load resource META-INF/jarjar/metadata.json from NekosEnchantedBooks-1.19.3-2.0.3.jar, it does not contain dependency information.
[02May2025 18:42:46.006] [main/DEBUG] [net.minecraftforge.fml.loading.moddiscovery.AbstractJarFileDependencyLocator/]: Failed to load resource META-INF/jarjar/metadata.json from mclanguage-1.20.1-47.3.7.jar, it does not contain dependency information.
[02May2025 18:42:46.006] [main/DEBUG] [net.minecraftforge.fml.loading.moddiscovery.AbstractJarFileDependencyLocator/]: Failed to load resource META-INF/jarjar/metadata.json from javafmllanguage-1.20.1-47.3.7.jar, it does not contain dependency information.
[02May2025 18:42:46.006] [main/DEBUG] [net.minecraftforge.fml.loading.moddiscovery.AbstractJarFileDependencyLocator/]: Failed to load resource META-INF/jarjar/metadata.json from fmlcore-1.20.1-47.3.7.jar, it does not contain dependency information.
[02May2025 18:42:46.007] [main/DEBUG] [net.minecraftforge.fml.loading.moddiscovery.AbstractJarFileDependencyLocator/]: Failed to load resource META-INF/jarjar/metadata.json from lowcodelanguage-1.20.1-47.3.7.jar, it does not contain dependency information.
[02May2025 18:42:46.230] [main/DEBUG] [net.minecraftforge.fml.loading.moddiscovery.ModFileParser/LOADING]: Considering mod file candidate 
[02May2025 18:42:46.235] [main/DEBUG] [net.minecraftforge.fml.loading.moddiscovery.ModFileInfo/LOADING]: Found valid mod file expandability-forge-9.0.4.jar with {expandability} mods - versions {9.0.4}
[02May2025 18:42:46.239] [main/DEBUG] [net.minecraftforge.fml.loading.moddiscovery.ModFileParser/LOADING]: Considering mod file candidate 
[02May2025 18:42:46.241] [main/DEBUG] [net.minecraftforge.fml.loading.moddiscovery.ModFileInfo/LOADING]: Found valid mod file mixinextras-forge-0.3.5.jar with {mixinextras} mods - versions {0.3.5}
[02May2025 18:42:46.249] [main/DEBUG] [net.minecraftforge.fml.loading.moddiscovery.ModFileParser/LOADING]: Considering mod file candidate 
[02May2025 18:42:46.252] [main/DEBUG] [net.minecraftforge.fml.loading.moddiscovery.ModFileInfo/LOADING]: Found valid mod file spectrelib-forge-0.13.15+1.20.1.jar with {spectrelib} mods - versions {0.13.15+1.20.1}
[02May2025 18:42:46.271] [main/DEBUG] [net.minecraftforge.fml.loading.moddiscovery.ModFileParser/LOADING]: Considering mod file candidate 
[02May2025 18:42:46.274] [main/DEBUG] [net.minecraftforge.fml.loading.moddiscovery.ModFileInfo/LOADING]: Found valid mod file mixinextras-forge-0.2.0-beta.6.jar with {mixinextras} mods - versions {0.2.0-beta.6}
[02May2025 18:42:46.408] [main/DEBUG] [net.minecraftforge.fml.loading.moddiscovery.ModFileParser/LOADING]: Considering mod file candidate 
[02May2025 18:42:46.409] [main/DEBUG] [net.minecraftforge.fml.loading.moddiscovery.ModFileInfo/LOADING]: Found valid mod file ldlib-forge-1.20.1-1.0.38.d.jar with {ldlib} mods - versions {1.0.38.d}
[02May2025 18:42:46.437] [main/DEBUG] [net.minecraftforge.fml.loading.moddiscovery.ModFileParser/LOADING]: Considering mod file candidate 
[02May2025 18:42:46.440] [main/DEBUG] [net.minecraftforge.fml.loading.moddiscovery.ModFileInfo/LOADING]: Found valid mod file mixinextras-forge-0.3.6.jar with {mixinextras} mods - versions {0.3.6}
[02May2025 18:42:46.451] [main/DEBUG] [net.minecraftforge.fml.loading.moddiscovery.ModFileParser/LOADING]: Considering mod file candidate 
[02May2025 18:42:46.453] [main/DEBUG] [net.minecraftforge.fml.loading.moddiscovery.ModFileInfo/LOADING]: Found valid mod file kffmod-4.11.0.jar with {kotlinforforge} mods - versions {4.11.0}
[02May2025 18:42:46.458] [main/DEBUG] [net.minecraftforge.fml.loading.moddiscovery.ModFileParser/LOADING]: Considering mod file candidate 
[02May2025 18:42:46.459] [main/DEBUG] [net.minecraftforge.fml.loading.moddiscovery.ModFileInfo/LOADING]: Found valid mod file mixinextras-forge-0.3.6.jar with {mixinextras} mods - versions {0.3.6}
[02May2025 18:42:46.462] [main/DEBUG] [net.minecraftforge.fml.loading.moddiscovery.ModFileParser/LOADING]: Considering mod file candidate 
[02May2025 18:42:46.463] [main/DEBUG] [net.minecraftforge.fml.loading.moddiscovery.ModFileInfo/LOADING]: Found valid mod file mixinsquared-forge-0.1.1.jar with {mixinsquared} mods - versions {0.1.1}
[02May2025 18:42:46.467] [main/DEBUG] [net.minecraftforge.fml.loading.moddiscovery.ModFileParser/LOADING]: Considering mod file candidate 
[02May2025 18:42:46.469] [main/DEBUG] [net.minecraftforge.fml.loading.moddiscovery.ModFileInfo/LOADING]: Found valid mod file mixinextras-forge-0.4.1.jar with {mixinextras} mods - versions {0.4.1}
[02May2025 18:42:46.476] [main/DEBUG] [net.minecraftforge.fml.loading.moddiscovery.ModFileParser/LOADING]: Considering mod file candidate 
[02May2025 18:42:46.476] [main/DEBUG] [net.minecraftforge.fml.loading.moddiscovery.ModFileInfo/LOADING]: Found valid mod file mixinextras-forge-0.3.2.jar with {mixinextras} mods - versions {0.3.2}
[02May2025 18:42:46.480] [main/DEBUG] [net.minecraftforge.fml.loading.moddiscovery.ModFileParser/LOADING]: Considering mod file candidate 
[02May2025 18:42:46.481] [main/DEBUG] [net.minecraftforge.fml.loading.moddiscovery.ModFileInfo/LOADING]: Found valid mod file mixinextras-forge-0.3.2.jar with {mixinextras} mods - versions {0.3.2}
[02May2025 18:42:46.485] [main/DEBUG] [net.minecraftforge.fml.loading.moddiscovery.ModFileParser/LOADING]: Considering mod file candidate 
[02May2025 18:42:46.488] [main/DEBUG] [net.minecraftforge.fml.loading.moddiscovery.ModFileInfo/LOADING]: Found valid mod file kuma-api-forge-20.1.10+1.20.1.jar with {kuma_api} mods - versions {20.1.10}
[02May2025 18:42:46.502] [main/DEBUG] [net.minecraftforge.fml.loading.moddiscovery.AbstractJarFileDependencyLocator/]: Failed to load resource META-INF/jarjar/metadata.json from spectrelib-forge-0.13.15+1.20.1.jar, it does not contain dependency information.
[02May2025 18:42:46.502] [main/DEBUG] [net.minecraftforge.fml.loading.moddiscovery.AbstractJarFileDependencyLocator/]: Failed to load resource META-INF/jarjar/metadata.json from mclib-20.jar, it does not contain dependency information.
[02May2025 18:42:46.518] [main/DEBUG] [net.minecraftforge.fml.loading.moddiscovery.ModFileParser/LOADING]: Considering mod file candidate 
[02May2025 18:42:46.551] [main/DEBUG] [net.minecraftforge.fml.loading.moddiscovery.ModFileInfo/LOADING]: Found valid mod file mixinextras-forge-0.3.5.jar with {mixinextras} mods - versions {0.3.5}
[02May2025 18:42:46.551] [main/DEBUG] [net.minecraftforge.fml.loading.moddiscovery.AbstractJarFileDependencyLocator/]: Failed to load resource META-INF/jarjar/metadata.json from yabn-1.0.3.jar, it does not contain dependency information.
[02May2025 18:42:46.552] [main/DEBUG] [net.minecraftforge.fml.loading.moddiscovery.AbstractJarFileDependencyLocator/]: Failed to load resource META-INF/jarjar/metadata.json from bytecodecs-1.0.2.jar, it does not contain dependency information.
[02May2025 18:42:46.552] [main/DEBUG] [net.minecraftforge.fml.loading.moddiscovery.AbstractJarFileDependencyLocator/]: Failed to load resource META-INF/jarjar/metadata.json from snakeyaml-2.2.jar, it does not contain dependency information.
[02May2025 18:42:46.560] [main/DEBUG] [net.minecraftforge.fml.loading.moddiscovery.AbstractJarFileDependencyLocator/]: Failed to load resource META-INF/jarjar/metadata.json from kfflang-4.11.0.jar, it does not contain dependency information.
[02May2025 18:42:46.560] [main/DEBUG] [net.minecraftforge.fml.loading.moddiscovery.AbstractJarFileDependencyLocator/]: Failed to load resource META-INF/jarjar/metadata.json from kfflib-4.11.0.jar, it does not contain dependency information.
[02May2025 18:42:46.560] [main/DEBUG] [net.minecraftforge.fml.loading.moddiscovery.AbstractJarFileDependencyLocator/]: Failed to load resource META-INF/jarjar/metadata.json from kffmod-4.11.0.jar, it does not contain dependency information.
[02May2025 18:42:46.584] [main/DEBUG] [net.minecraftforge.fml.loading.moddiscovery.AbstractJarFileDependencyLocator/]: Failed to load resource META-INF/jarjar/metadata.json from jlayer-1.0.1.jar, it does not contain dependency information.
[02May2025 18:42:46.595] [main/DEBUG] [net.minecraftforge.fml.loading.moddiscovery.AbstractJarFileDependencyLocator/]: Failed to load resource META-INF/jarjar/metadata.json from kuma-api-forge-20.1.10+1.20.1.jar, it does not contain dependency information.
[02May2025 18:42:46.597] [main/DEBUG] [net.minecraftforge.fml.loading.moddiscovery.AbstractJarFileDependencyLocator/]: Failed to load resource META-INF/jarjar/metadata.json from MixinExtras-0.1.1.jar, it does not contain dependency information.
[02May2025 18:42:46.598] [main/DEBUG] [net.minecraftforge.fml.loading.moddiscovery.AbstractJarFileDependencyLocator/]: Failed to load resource META-INF/jarjar/metadata.json from MixinExtras-0.3.5.jar, it does not contain dependency information.
[02May2025 18:42:46.598] [main/DEBUG] [net.minecraftforge.fml.loading.moddiscovery.AbstractJarFileDependencyLocator/]: Failed to load resource META-INF/jarjar/metadata.json from MixinExtras-0.2.0-beta.6.jar, it does not contain dependency information.
[02May2025 18:42:46.608] [main/DEBUG] [net.minecraftforge.fml.loading.moddiscovery.AbstractJarFileDependencyLocator/]: Failed to load resource META-INF/jarjar/metadata.json from MixinExtras-0.3.6.jar, it does not contain dependency information.
[02May2025 18:42:46.608] [main/DEBUG] [net.minecraftforge.fml.loading.moddiscovery.AbstractJarFileDependencyLocator/]: Failed to load resource META-INF/jarjar/metadata.json from MixinExtras-0.3.6.jar, it does not contain dependency information.
[02May2025 18:42:46.610] [main/DEBUG] [net.minecraftforge.fml.loading.moddiscovery.AbstractJarFileDependencyLocator/]: Failed to load resource META-INF/jarjar/metadata.json from MixinSquared-0.1.1.jar, it does not contain dependency information.
[02May2025 18:42:46.610] [main/DEBUG] [net.minecraftforge.fml.loading.moddiscovery.AbstractJarFileDependencyLocator/]: Failed to load resource META-INF/jarjar/metadata.json from MixinExtras-0.4.1.jar, it does not contain dependency information.
[02May2025 18:42:46.610] [main/DEBUG] [net.minecraftforge.fml.loading.moddiscovery.AbstractJarFileDependencyLocator/]: Failed to load resource META-INF/jarjar/metadata.json from MixinExtras-0.3.2.jar, it does not contain dependency information.
[02May2025 18:42:46.610] [main/DEBUG] [net.minecraftforge.fml.loading.moddiscovery.AbstractJarFileDependencyLocator/]: Failed to load resource META-INF/jarjar/metadata.json from MixinExtras-0.3.2.jar, it does not contain dependency information.
[02May2025 18:42:46.610] [main/DEBUG] [net.minecraftforge.fml.loading.moddiscovery.AbstractJarFileDependencyLocator/]: Failed to load resource META-INF/jarjar/metadata.json from MixinExtras-0.3.5.jar, it does not contain dependency information.
[02May2025 18:42:46.715] [main/DEBUG] [net.minecraftforge.fml.loading.moddiscovery.ModFileParser/LOADING]: Considering mod file candidate 
[02May2025 18:42:46.716] [main/DEBUG] [net.minecraftforge.fml.loading.moddiscovery.ModFileInfo/LOADING]: Found valid mod file mixinextras-forge-0.4.1.jar with {mixinextras} mods - versions {0.4.1}
[02May2025 18:42:46.717] [main/DEBUG] [net.minecraftforge.fml.loading.moddiscovery.ModFileParser/LOADING]: Considering mod file candidate 
[02May2025 18:42:46.721] [main/DEBUG] [net.minecraftforge.fml.loading.moddiscovery.ModFileInfo/LOADING]: Found valid mod file kffmod-4.11.0.jar with {kotlinforforge} mods - versions {4.11.0}
[02May2025 18:42:46.727] [main/DEBUG] [net.minecraftforge.fml.loading.moddiscovery.ModFileParser/LOADING]: Considering mod file candidate 
[02May2025 18:42:46.729] [main/DEBUG] [net.minecraftforge.fml.loading.moddiscovery.ModFileInfo/LOADING]: Found valid mod file spectrelib-forge-0.13.15+1.20.1.jar with {spectrelib} mods - versions {0.13.15+1.20.1}
[02May2025 18:42:46.764] [main/DEBUG] [net.minecraftforge.fml.loading.moddiscovery.ModFileParser/LOADING]: Considering mod file candidate 
[02May2025 18:42:46.765] [main/DEBUG] [net.minecraftforge.fml.loading.moddiscovery.ModFileInfo/LOADING]: Found valid mod file ldlib-forge-1.20.1-1.0.38.d.jar with {ldlib} mods - versions {1.0.38.d}
[02May2025 18:42:46.772] [main/DEBUG] [net.minecraftforge.fml.loading.moddiscovery.ModFileParser/LOADING]: Considering mod file candidate 
[02May2025 18:42:46.772] [main/DEBUG] [net.minecraftforge.fml.loading.moddiscovery.ModFileInfo/LOADING]: Found valid mod file mixinextras-forge-0.2.0-beta.6.jar with {mixinextras} mods - versions {0.2.0-beta.6}
[02May2025 18:42:46.775] [main/DEBUG] [net.minecraftforge.fml.loading.moddiscovery.ModFileParser/LOADING]: Considering mod file candidate 
[02May2025 18:42:46.775] [main/DEBUG] [net.minecraftforge.fml.loading.moddiscovery.ModFileInfo/LOADING]: Found valid mod file mixinsquared-forge-0.1.1.jar with {mixinsquared} mods - versions {0.1.1}
[02May2025 18:42:46.782] [main/DEBUG] [net.minecraftforge.fml.loading.moddiscovery.ModFileParser/LOADING]: Considering mod file candidate 
[02May2025 18:42:46.782] [main/DEBUG] [net.minecraftforge.fml.loading.moddiscovery.ModFileInfo/LOADING]: Found valid mod file expandability-forge-9.0.4.jar with {expandability} mods - versions {9.0.4}
[02May2025 18:42:46.783] [main/DEBUG] [net.minecraftforge.fml.loading.moddiscovery.ModFileParser/LOADING]: Considering mod file candidate 
[02May2025 18:42:46.784] [main/DEBUG] [net.minecraftforge.fml.loading.moddiscovery.ModFileInfo/LOADING]: Found valid mod file kuma-api-forge-20.1.10+1.20.1.jar with {kuma_api} mods - versions {20.1.10}
[02May2025 18:42:46.796] [main/WARN] [net.minecraftforge.jarjar.selection.JarSelector/]: Attempted to select two dependency jars from JarJar which have the same identification: Mod File:  and Mod File: . Using Mod File: 
[02May2025 18:42:46.798] [main/INFO] [net.minecraftforge.fml.loading.moddiscovery.JarInJarDependencyLocator/]: Found 16 dependencies adding them to mods collection
[02May2025 18:42:46.811] [main/DEBUG] [net.minecraftforge.fml.loading.moddiscovery.ModFileParser/LOADING]: Considering mod file candidate 
[02May2025 18:42:46.813] [main/DEBUG] [net.minecraftforge.fml.loading.moddiscovery.ModFileInfo/LOADING]: Found valid mod file kuma-api-forge-20.1.10+1.20.1.jar with {kuma_api} mods - versions {20.1.10}
[02May2025 18:42:46.822] [main/DEBUG] [net.minecraftforge.fml.loading.moddiscovery.ModFile/LOADING]: Loading mod file  with languages [LanguageSpec[languageName=javafml, acceptedVersions=[47,)]]
[02May2025 18:42:46.824] [main/DEBUG] [net.minecraftforge.fml.loading.moddiscovery.ModFileParser/LOADING]: Considering mod file candidate /workspaces/proyectosjr/servidor_minecraft/mods/mowziesmobs-1.7.2.jar
[02May2025 18:42:46.826] [main/DEBUG] [net.minecraftforge.fml.loading.moddiscovery.ModFileInfo/LOADING]: Found valid mod file mowziesmobs-1.7.2.jar with {mowziesmobs} mods - versions {1.7.2}
[02May2025 18:42:46.827] [main/DEBUG] [net.minecraftforge.fml.loading.moddiscovery.ModFile/LOADING]: Loading mod file /workspaces/proyectosjr/servidor_minecraft/mods/mowziesmobs-1.7.2.jar with languages [LanguageSpec[languageName=javafml, acceptedVersions=[43,)]]
[02May2025 18:42:46.827] [main/DEBUG] [net.minecraftforge.fml.loading.moddiscovery.ModFileParser/LOADING]: Considering mod file candidate /workspaces/proyectosjr/servidor_minecraft/mods/YungsBetterDungeons-1.20-Forge-4.0.4.jar
[02May2025 18:42:46.828] [main/DEBUG] [net.minecraftforge.fml.loading.moddiscovery.ModFileInfo/LOADING]: Found valid mod file YungsBetterDungeons-1.20-Forge-4.0.4.jar with {betterdungeons} mods - versions {1.20-Forge-4.0.4}
[02May2025 18:42:46.828] [main/DEBUG] [net.minecraftforge.fml.loading.moddiscovery.ModFile/LOADING]: Loading mod file /workspaces/proyectosjr/servidor_minecraft/mods/YungsBetterDungeons-1.20-Forge-4.0.4.jar with languages [LanguageSpec[languageName=javafml, acceptedVersions=[46,)]]
[02May2025 18:42:46.828] [main/DEBUG] [net.minecraftforge.fml.loading.moddiscovery.ModFileParser/LOADING]: Considering mod file candidate /workspaces/proyectosjr/servidor_minecraft/mods/alexsmobs-1.22.9.jar
[02May2025 18:42:46.831] [main/DEBUG] [net.minecraftforge.fml.loading.moddiscovery.ModFileInfo/LOADING]: Found valid mod file alexsmobs-1.22.9.jar with {alexsmobs} mods - versions {1.22.9}
[02May2025 18:42:46.832] [main/DEBUG] [net.minecraftforge.fml.loading.moddiscovery.ModFile/LOADING]: Loading mod file /workspaces/proyectosjr/servidor_minecraft/mods/alexsmobs-1.22.9.jar with languages [LanguageSpec[languageName=javafml, acceptedVersions=[46,)]]
[02May2025 18:42:46.832] [main/DEBUG] [net.minecraftforge.fml.loading.moddiscovery.ModFileParser/LOADING]: Considering mod file candidate /workspaces/proyectosjr/servidor_minecraft/mods/trashslot-forge-1.20-15.1.2.jar
[02May2025 18:42:46.833] [main/DEBUG] [net.minecraftforge.fml.loading.moddiscovery.ModFileInfo/LOADING]: Found valid mod file trashslot-forge-1.20-15.1.2.jar with {trashslot} mods - versions {15.1.2}
[02May2025 18:42:46.834] [main/DEBUG] [net.minecraftforge.fml.loading.moddiscovery.ModFile/LOADING]: Loading mod file /workspaces/proyectosjr/servidor_minecraft/mods/trashslot-forge-1.20-15.1.2.jar with languages [LanguageSpec[languageName=javafml, acceptedVersions=[46,)]]
[02May2025 18:42:46.836] [main/DEBUG] [net.minecraftforge.fml.loading.moddiscovery.ModFileParser/LOADING]: Considering mod file candidate /workspaces/proyectosjr/servidor_minecraft/mods/geckolib-forge-1.20.1-4.7.1.2.jar
[02May2025 18:42:46.838] [main/DEBUG] [net.minecraftforge.fml.loading.moddiscovery.ModFileInfo/LOADING]: Found valid mod file geckolib-forge-1.20.1-4.7.1.2.jar with {geckolib} mods - versions {4.7.1.2}
[02May2025 18:42:46.838] [main/DEBUG] [net.minecraftforge.fml.loading.moddiscovery.ModFile/LOADING]: Loading mod file /workspaces/proyectosjr/servidor_minecraft/mods/geckolib-forge-1.20.1-4.7.1.2.jar with languages [LanguageSpec[languageName=javafml, acceptedVersions=[47,)]]
[02May2025 18:42:46.838] [main/DEBUG] [net.minecraftforge.fml.loading.moddiscovery.ModFileParser/LOADING]: Considering mod file candidate /workspaces/proyectosjr/servidor_minecraft/mods/botarium-forge-1.20.1-2.3.4.jar
[02May2025 18:42:46.839] [main/DEBUG] [net.minecraftforge.fml.loading.moddiscovery.ModFileInfo/LOADING]: Found valid mod file botarium-forge-1.20.1-2.3.4.jar with {botarium} mods - versions {2.3.4}
[02May2025 18:42:46.839] [main/DEBUG] [net.minecraftforge.fml.loading.moddiscovery.ModFile/LOADING]: Loading mod file /workspaces/proyectosjr/servidor_minecraft/mods/botarium-forge-1.20.1-2.3.4.jar with languages [LanguageSpec[languageName=javafml, acceptedVersions=[47,)]]
[02May2025 18:42:46.844] [main/DEBUG] [net.minecraftforge.fml.loading.moddiscovery.ModFileParser/LOADING]: Considering mod file candidate /workspaces/proyectosjr/servidor_minecraft/mods/OctoLib-FORGE-0.5.0.1+1.20.1.jar
[02May2025 18:42:46.845] [main/DEBUG] [net.minecraftforge.fml.loading.moddiscovery.ModFileInfo/LOADING]: Found valid mod file OctoLib-FORGE-0.5.0.1+1.20.1.jar with {octolib} mods - versions {0.5.0.1}
[02May2025 18:42:46.847] [main/DEBUG] [net.minecraftforge.fml.loading.moddiscovery.ModFile/LOADING]: Loading mod file /workspaces/proyectosjr/servidor_minecraft/mods/OctoLib-FORGE-0.5.0.1+1.20.1.jar with languages [LanguageSpec[languageName=javafml, acceptedVersions=[47,)]]
[02May2025 18:42:46.848] [main/DEBUG] [net.minecraftforge.fml.loading.moddiscovery.ModFileParser/LOADING]: Considering mod file candidate /workspaces/proyectosjr/servidor_minecraft/mods/legends_of_slugterra-1.1.1-1.20.1.jar
[02May2025 18:42:46.849] [main/DEBUG] [net.minecraftforge.fml.loading.moddiscovery.ModFileInfo/LOADING]: Found valid mod file legends_of_slugterra-1.1.1-1.20.1.jar with {slugterra} mods - versions {1.1.1}
[02May2025 18:42:46.849] [main/DEBUG] [net.minecraftforge.fml.loading.moddiscovery.ModFile/LOADING]: Loading mod file /workspaces/proyectosjr/servidor_minecraft/mods/legends_of_slugterra-1.1.1-1.20.1.jar with languages [LanguageSpec[languageName=javafml, acceptedVersions=[47,)]]
[02May2025 18:42:46.850] [main/DEBUG] [net.minecraftforge.fml.loading.moddiscovery.ModFileParser/LOADING]: Considering mod file candidate /workspaces/proyectosjr/servidor_minecraft/mods/jei-1.20.1-forge-15.20.0.106.jar
[02May2025 18:42:46.852] [main/DEBUG] [net.minecraftforge.fml.loading.moddiscovery.ModFileInfo/LOADING]: Found valid mod file jei-1.20.1-forge-15.20.0.106.jar with {jei} mods - versions {15.20.0.106}
[02May2025 18:42:46.853] [main/DEBUG] [net.minecraftforge.fml.loading.moddiscovery.ModFile/LOADING]: Loading mod file /workspaces/proyectosjr/servidor_minecraft/mods/jei-1.20.1-forge-15.20.0.106.jar with languages [LanguageSpec[languageName=javafml, acceptedVersions=[47,)]]
[02May2025 18:42:46.855] [main/DEBUG] [net.minecraftforge.fml.loading.moddiscovery.ModFileParser/LOADING]: Considering mod file candidate /workspaces/proyectosjr/servidor_minecraft/mods/libraryferret-forge-1.20.1-4.0.0.jar
[02May2025 18:42:46.855] [main/DEBUG] [net.minecraftforge.fml.loading.moddiscovery.ModFileInfo/LOADING]: Found valid mod file libraryferret-forge-1.20.1-4.0.0.jar with {libraryferret} mods - versions {4.0.0}
[02May2025 18:42:46.855] [main/DEBUG] [net.minecraftforge.fml.loading.moddiscovery.ModFile/LOADING]: Loading mod file /workspaces/proyectosjr/servidor_minecraft/mods/libraryferret-forge-1.20.1-4.0.0.jar with languages [LanguageSpec[languageName=javafml, acceptedVersions=[47,)]]
[02May2025 18:42:46.855] [main/DEBUG] [net.minecraftforge.fml.loading.moddiscovery.ModFileParser/LOADING]: Considering mod file candidate /workspaces/proyectosjr/servidor_minecraft/mods/rubidium-mc1.20.1-0.7.1a (1).jar
[02May2025 18:42:46.856] [main/DEBUG] [net.minecraftforge.fml.loading.moddiscovery.ModFileInfo/LOADING]: Found valid mod file rubidium-mc1.20.1-0.7.1a (1).jar with {rubidium,sodium} mods - versions {0.7.1a,0.5.3}
[02May2025 18:42:46.859] [main/DEBUG] [net.minecraftforge.fml.loading.moddiscovery.ModFile/LOADING]: Loading mod file /workspaces/proyectosjr/servidor_minecraft/mods/rubidium-mc1.20.1-0.7.1a (1).jar with languages [LanguageSpec[languageName=javafml, acceptedVersions=[47,)]]
[02May2025 18:42:46.859] [main/DEBUG] [net.minecraftforge.fml.loading.moddiscovery.ModFileParser/LOADING]: Considering mod file candidate /workspaces/proyectosjr/servidor_minecraft/mods/sophisticatedcore-1.20.1-1.2.51.966.jar
[02May2025 18:42:46.863] [main/DEBUG] [net.minecraftforge.fml.loading.moddiscovery.ModFileInfo/LOADING]: Found valid mod file sophisticatedcore-1.20.1-1.2.51.966.jar with {sophisticatedcore} mods - versions {1.2.51.966}
[02May2025 18:42:46.864] [main/DEBUG] [net.minecraftforge.fml.loading.moddiscovery.ModFile/LOADING]: Loading mod file /workspaces/proyectosjr/servidor_minecraft/mods/sophisticatedcore-1.20.1-1.2.51.966.jar with languages [LanguageSpec[languageName=javafml, acceptedVersions=[47,)]]
[02May2025 18:42:46.864] [main/DEBUG] [net.minecraftforge.fml.loading.moddiscovery.ModFileParser/LOADING]: Considering mod file candidate /workspaces/proyectosjr/servidor_minecraft/mods/waystones-forge-1.20.1-14.1.11.jar
[02May2025 18:42:46.865] [main/DEBUG] [net.minecraftforge.fml.loading.moddiscovery.ModFileInfo/LOADING]: Found valid mod file waystones-forge-1.20.1-14.1.11.jar with {waystones} mods - versions {14.1.11}
[02May2025 18:42:46.865] [main/DEBUG] [net.minecraftforge.fml.loading.moddiscovery.ModFile/LOADING]: Loading mod file /workspaces/proyectosjr/servidor_minecraft/mods/waystones-forge-1.20.1-14.1.11.jar with languages [LanguageSpec[languageName=javafml, acceptedVersions=[46,)]]
[02May2025 18:42:46.865] [main/DEBUG] [net.minecraftforge.fml.loading.moddiscovery.ModFileParser/LOADING]: Considering mod file candidate /workspaces/proyectosjr/servidor_minecraft/mods/cookingforblockheads-forge-1.20.1-16.0.13.jar
[02May2025 18:42:46.868] [main/DEBUG] [net.minecraftforge.fml.loading.moddiscovery.ModFileInfo/LOADING]: Found valid mod file cookingforblockheads-forge-1.20.1-16.0.13.jar with {cookingforblockheads} mods - versions {16.0.13}
[02May2025 18:42:46.868] [main/DEBUG] [net.minecraftforge.fml.loading.moddiscovery.ModFile/LOADING]: Loading mod file /workspaces/proyectosjr/servidor_minecraft/mods/cookingforblockheads-forge-1.20.1-16.0.13.jar with languages [LanguageSpec[languageName=javafml, acceptedVersions=[46,)]]
[02May2025 18:42:46.869] [main/DEBUG] [net.minecraftforge.fml.loading.moddiscovery.ModFileParser/LOADING]: Considering mod file candidate /workspaces/proyectosjr/servidor_minecraft/mods/citadel-2.6.1-1.20.1.jar
[02May2025 18:42:46.871] [main/DEBUG] [net.minecraftforge.fml.loading.moddiscovery.ModFileInfo/LOADING]: Found valid mod file citadel-2.6.1-1.20.1.jar with {citadel} mods - versions {2.6.1}
[02May2025 18:42:46.872] [main/DEBUG] [net.minecraftforge.fml.loading.moddiscovery.ModFile/LOADING]: Loading mod file /workspaces/proyectosjr/servidor_minecraft/mods/citadel-2.6.1-1.20.1.jar with languages [LanguageSpec[languageName=javafml, acceptedVersions=[47,)]]
[02May2025 18:42:46.872] [main/DEBUG] [net.minecraftforge.fml.loading.moddiscovery.ModFileParser/LOADING]: Considering mod file candidate /workspaces/proyectosjr/servidor_minecraft/mods/comforts-forge-6.4.0+1.20.1.jar
[02May2025 18:42:46.873] [main/DEBUG] [net.minecraftforge.fml.loading.moddiscovery.ModFileInfo/LOADING]: Found valid mod file comforts-forge-6.4.0+1.20.1.jar with {comforts} mods - versions {6.4.0+1.20.1}
[02May2025 18:42:46.874] [main/DEBUG] [net.minecraftforge.fml.loading.moddiscovery.ModFile/LOADING]: Loading mod file /workspaces/proyectosjr/servidor_minecraft/mods/comforts-forge-6.4.0+1.20.1.jar with languages [LanguageSpec[languageName=javafml, acceptedVersions=[46,)]]
[02May2025 18:42:46.876] [main/DEBUG] [net.minecraftforge.fml.loading.moddiscovery.ModFileParser/LOADING]: Considering mod file candidate /workspaces/proyectosjr/servidor_minecraft/mods/Placebo-1.20.1-8.6.3.jar
[02May2025 18:42:46.877] [main/DEBUG] [net.minecraftforge.fml.loading.moddiscovery.ModFileInfo/LOADING]: Found valid mod file Placebo-1.20.1-8.6.3.jar with {placebo} mods - versions {8.6.3}
[02May2025 18:42:46.877] [main/DEBUG] [net.minecraftforge.fml.loading.moddiscovery.ModFile/LOADING]: Loading mod file /workspaces/proyectosjr/servidor_minecraft/mods/Placebo-1.20.1-8.6.3.jar with languages [LanguageSpec[languageName=javafml, acceptedVersions=[32,)]]
[02May2025 18:42:46.900] [main/DEBUG] [net.minecraftforge.fml.loading.moddiscovery.ModFileParser/LOADING]: Found coremod placebo_get_ench_level_event with Javascript path coremods/get_ench_level_event.js
[02May2025 18:42:46.901] [main/DEBUG] [net.minecraftforge.fml.loading.moddiscovery.ModFileParser/LOADING]: Found coremod placebo_get_ench_level_event_specific with Javascript path coremods/get_ench_level_event_specific.js
[02May2025 18:42:46.903] [main/DEBUG] [net.minecraftforge.fml.loading.moddiscovery.ModFile/LOADING]: Found coremod coremods/get_ench_level_event.js
[02May2025 18:42:46.903] [main/DEBUG] [net.minecraftforge.fml.loading.moddiscovery.ModFile/LOADING]: Found coremod coremods/get_ench_level_event_specific.js
[02May2025 18:42:46.905] [main/DEBUG] [net.minecraftforge.fml.loading.moddiscovery.ModFileParser/LOADING]: Considering mod file candidate /workspaces/proyectosjr/servidor_minecraft/mods/artifacts-forge-9.5.16.jar
[02May2025 18:42:46.906] [main/DEBUG] [net.minecraftforge.fml.loading.moddiscovery.ModFileInfo/LOADING]: Found valid mod file artifacts-forge-9.5.16.jar with {artifacts} mods - versions {9.5.16}
[02May2025 18:42:46.906] [main/DEBUG] [net.minecraftforge.fml.loading.moddiscovery.ModFile/LOADING]: Loading mod file /workspaces/proyectosjr/servidor_minecraft/mods/artifacts-forge-9.5.16.jar with languages [LanguageSpec[languageName=javafml, acceptedVersions=[47,)]]
[02May2025 18:42:46.907] [main/DEBUG] [net.minecraftforge.fml.loading.moddiscovery.ModFileParser/LOADING]: Considering mod file candidate /workspaces/proyectosjr/servidor_minecraft/mods/YungsApi-1.20-Forge-4.0.6.jar
[02May2025 18:42:46.909] [main/DEBUG] [net.minecraftforge.fml.loading.moddiscovery.ModFileInfo/LOADING]: Found valid mod file YungsApi-1.20-Forge-4.0.6.jar with {yungsapi} mods - versions {1.20-Forge-4.0.6}
[02May2025 18:42:46.909] [main/DEBUG] [net.minecraftforge.fml.loading.moddiscovery.ModFile/LOADING]: Loading mod file /workspaces/proyectosjr/servidor_minecraft/mods/YungsApi-1.20-Forge-4.0.6.jar with languages [LanguageSpec[languageName=javafml, acceptedVersions=[46,)]]
[02May2025 18:42:46.910] [main/DEBUG] [net.minecraftforge.fml.loading.moddiscovery.ModFileParser/LOADING]: Considering mod file candidate /workspaces/proyectosjr/servidor_minecraft/mods/GlitchCore-forge-1.20.1-0.0.1.1.jar
[02May2025 18:42:46.910] [main/DEBUG] [net.minecraftforge.fml.loading.moddiscovery.ModFileInfo/LOADING]: Found valid mod file GlitchCore-forge-1.20.1-0.0.1.1.jar with {glitchcore} mods - versions {0.0.1.1}
[02May2025 18:42:46.911] [main/DEBUG] [net.minecraftforge.fml.loading.moddiscovery.ModFile/LOADING]: Loading mod file /workspaces/proyectosjr/servidor_minecraft/mods/GlitchCore-forge-1.20.1-0.0.1.1.jar with languages [LanguageSpec[languageName=javafml, acceptedVersions=[47,)]]
[02May2025 18:42:46.911] [main/DEBUG] [net.minecraftforge.fml.loading.moddiscovery.ModFileParser/LOADING]: Considering mod file candidate /workspaces/proyectosjr/servidor_minecraft/mods/horrrs_pvz-1.81-forge-1.20.1.jar
[02May2025 18:42:46.911] [main/DEBUG] [net.minecraftforge.fml.loading.moddiscovery.ModFileInfo/LOADING]: Found valid mod file horrrs_pvz-1.81-forge-1.20.1.jar with {horrrs_pvz} mods - versions {1.81}
[02May2025 18:42:46.911] [main/DEBUG] [net.minecraftforge.fml.loading.moddiscovery.ModFile/LOADING]: Loading mod file /workspaces/proyectosjr/servidor_minecraft/mods/horrrs_pvz-1.81-forge-1.20.1.jar with languages [LanguageSpec[languageName=javafml, acceptedVersions=[47,)]]
[02May2025 18:42:46.911] [main/DEBUG] [net.minecraftforge.fml.loading.moddiscovery.ModFileParser/LOADING]: Considering mod file candidate /workspaces/proyectosjr/servidor_minecraft/mods/sophisticatedbackpacks-1.20.1-3.23.14.1233.jar
[02May2025 18:42:46.912] [main/DEBUG] [net.minecraftforge.fml.loading.moddiscovery.ModFileInfo/LOADING]: Found valid mod file sophisticatedbackpacks-1.20.1-3.23.14.1233.jar with {sophisticatedbackpacks} mods - versions {3.23.14.1233}
[02May2025 18:42:46.918] [main/DEBUG] [net.minecraftforge.fml.loading.moddiscovery.ModFile/LOADING]: Loading mod file /workspaces/proyectosjr/servidor_minecraft/mods/sophisticatedbackpacks-1.20.1-3.23.14.1233.jar with languages [LanguageSpec[languageName=javafml, acceptedVersions=[47,)]]
[02May2025 18:42:46.918] [main/DEBUG] [net.minecraftforge.fml.loading.moddiscovery.ModFileParser/LOADING]: Considering mod file candidate /workspaces/proyectosjr/servidor_minecraft/mods/relics-1.20.1-0.8.0.9.jar
[02May2025 18:42:46.919] [main/DEBUG] [net.minecraftforge.fml.loading.moddiscovery.ModFileInfo/LOADING]: Found valid mod file relics-1.20.1-0.8.0.9.jar with {relics} mods - versions {0.8.0.9}
[02May2025 18:42:46.920] [main/DEBUG] [net.minecraftforge.fml.loading.moddiscovery.ModFile/LOADING]: Loading mod file /workspaces/proyectosjr/servidor_minecraft/mods/relics-1.20.1-0.8.0.9.jar with languages [LanguageSpec[languageName=javafml, acceptedVersions=[47,)]]
[02May2025 18:42:46.921] [main/DEBUG] [net.minecraftforge.fml.loading.moddiscovery.ModFileParser/LOADING]: Considering mod file candidate 
[02May2025 18:42:46.922] [main/DEBUG] [net.minecraftforge.fml.loading.moddiscovery.ModFileInfo/LOADING]: Found valid mod file ldlib-forge-1.20.1-1.0.38.d.jar with {ldlib} mods - versions {1.0.38.d}
[02May2025 18:42:46.922] [main/DEBUG] [net.minecraftforge.fml.loading.moddiscovery.ModFile/LOADING]: Loading mod file  with languages [LanguageSpec[languageName=javafml, acceptedVersions=[47,)]]
[02May2025 18:42:46.922] [main/DEBUG] [net.minecraftforge.fml.loading.moddiscovery.ModFileParser/LOADING]: Considering mod file candidate /workspaces/proyectosjr/servidor_minecraft/mods/balm-forge-1.20.1-7.3.27-all.jar
[02May2025 18:42:46.923] [main/DEBUG] [net.minecraftforge.fml.loading.moddiscovery.ModFileInfo/LOADING]: Found valid mod file balm-forge-1.20.1-7.3.27-all.jar with {balm} mods - versions {7.3.27}
[02May2025 18:42:46.924] [main/DEBUG] [net.minecraftforge.fml.loading.moddiscovery.ModFile/LOADING]: Loading mod file /workspaces/proyectosjr/servidor_minecraft/mods/balm-forge-1.20.1-7.3.27-all.jar with languages [LanguageSpec[languageName=javafml, acceptedVersions=[46,)]]
[02May2025 18:42:46.925] [main/DEBUG] [net.minecraftforge.fml.loading.moddiscovery.ModFileParser/LOADING]: Considering mod file candidate /workspaces/proyectosjr/servidor_minecraft/mods/carryon-forge-1.20.1-2.1.2.7.jar
[02May2025 18:42:46.925] [main/DEBUG] [net.minecraftforge.fml.loading.moddiscovery.ModFileInfo/LOADING]: Found valid mod file carryon-forge-1.20.1-2.1.2.7.jar with {carryon} mods - versions {2.1.2.7}
[02May2025 18:42:46.928] [main/DEBUG] [net.minecraftforge.fml.loading.moddiscovery.ModFile/LOADING]: Loading mod file /workspaces/proyectosjr/servidor_minecraft/mods/carryon-forge-1.20.1-2.1.2.7.jar with languages [LanguageSpec[languageName=javafml, acceptedVersions=[46,)]]
[02May2025 18:42:46.928] [main/DEBUG] [net.minecraftforge.fml.loading.moddiscovery.ModFileParser/LOADING]: Considering mod file candidate /workspaces/proyectosjr/servidor_minecraft/mods/cloth-config-11.1.136-forge.jar
[02May2025 18:42:46.929] [main/DEBUG] [net.minecraftforge.fml.loading.moddiscovery.ModFileInfo/LOADING]: Found valid mod file cloth-config-11.1.136-forge.jar with {cloth_config} mods - versions {11.1.136}
[02May2025 18:42:46.929] [main/DEBUG] [net.minecraftforge.fml.loading.moddiscovery.ModFile/LOADING]: Loading mod file /workspaces/proyectosjr/servidor_minecraft/mods/cloth-config-11.1.136-forge.jar with languages [LanguageSpec[languageName=javafml, acceptedVersions=[34,)]]
[02May2025 18:42:46.929] [main/DEBUG] [net.minecraftforge.fml.loading.moddiscovery.ModFileParser/LOADING]: Considering mod file candidate /workspaces/proyectosjr/servidor_minecraft/libraries/net/minecraftforge/forge/1.20.1-47.3.7/forge-1.20.1-47.3.7-universal.jar
[02May2025 18:42:46.930] [main/DEBUG] [net.minecraftforge.fml.loading.moddiscovery.ModFileInfo/LOADING]: Found valid mod file forge-1.20.1-47.3.7-universal.jar with {forge} mods - versions {47.3.7}
[02May2025 18:42:46.930] [main/DEBUG] [net.minecraftforge.fml.loading.moddiscovery.ModFile/LOADING]: Loading mod file /workspaces/proyectosjr/servidor_minecraft/libraries/net/minecraftforge/forge/1.20.1-47.3.7/forge-1.20.1-47.3.7-universal.jar with languages [LanguageSpec[languageName=javafml, acceptedVersions=[24,]]]
[02May2025 18:42:46.932] [main/DEBUG] [net.minecraftforge.fml.loading.moddiscovery.ModFileParser/LOADING]: Found coremod field_to_method with Javascript path coremods/field_to_method.js
[02May2025 18:42:46.932] [main/DEBUG] [net.minecraftforge.fml.loading.moddiscovery.ModFileParser/LOADING]: Found coremod field_to_instanceof with Javascript path coremods/field_to_instanceof.js
[02May2025 18:42:46.932] [main/DEBUG] [net.minecraftforge.fml.loading.moddiscovery.ModFileParser/LOADING]: Found coremod add_bouncer_method with Javascript path coremods/add_bouncer_method.js
[02May2025 18:42:46.932] [main/DEBUG] [net.minecraftforge.fml.loading.moddiscovery.ModFileParser/LOADING]: Found coremod method_redirector with Javascript path coremods/method_redirector.js
[02May2025 18:42:46.932] [main/DEBUG] [net.minecraftforge.fml.loading.moddiscovery.ModFile/LOADING]: Found coremod coremods/field_to_method.js
[02May2025 18:42:46.933] [main/DEBUG] [net.minecraftforge.fml.loading.moddiscovery.ModFile/LOADING]: Found coremod coremods/field_to_instanceof.js
[02May2025 18:42:46.933] [main/DEBUG] [net.minecraftforge.fml.loading.moddiscovery.ModFile/LOADING]: Found coremod coremods/add_bouncer_method.js
[02May2025 18:42:46.933] [main/DEBUG] [net.minecraftforge.fml.loading.moddiscovery.ModFile/LOADING]: Found coremod coremods/method_redirector.js
[02May2025 18:42:46.933] [main/DEBUG] [net.minecraftforge.fml.loading.moddiscovery.ModFileParser/LOADING]: Considering mod file candidate /workspaces/proyectosjr/servidor_minecraft/mods/supplementaries-1.20-3.1.30.jar
[02May2025 18:42:46.940] [main/DEBUG] [net.minecraftforge.fml.loading.moddiscovery.ModFileInfo/LOADING]: Found valid mod file supplementaries-1.20-3.1.30.jar with {supplementaries} mods - versions {1.20-3.1.30}
[02May2025 18:42:46.941] [main/DEBUG] [net.minecraftforge.fml.loading.moddiscovery.ModFile/LOADING]: Loading mod file /workspaces/proyectosjr/servidor_minecraft/mods/supplementaries-1.20-3.1.30.jar with languages [LanguageSpec[languageName=javafml, acceptedVersions=[4,)]]
[02May2025 18:42:46.941] [main/DEBUG] [net.minecraftforge.fml.loading.moddiscovery.ModFileParser/LOADING]: Considering mod file candidate /workspaces/proyectosjr/servidor_minecraft/mods/ironchest-1.20.1-14.4.4.jar
[02May2025 18:42:46.945] [main/DEBUG] [net.minecraftforge.fml.loading.moddiscovery.ModFileInfo/LOADING]: Found valid mod file ironchest-1.20.1-14.4.4.jar with {ironchest} mods - versions {1.20.1-14.4.4}
[02May2025 18:42:46.947] [main/DEBUG] [net.minecraftforge.fml.loading.moddiscovery.ModFile/LOADING]: Loading mod file /workspaces/proyectosjr/servidor_minecraft/mods/ironchest-1.20.1-14.4.4.jar with languages [LanguageSpec[languageName=javafml, acceptedVersions=[47,)]]
[02May2025 18:42:46.947] [main/DEBUG] [net.minecraftforge.fml.loading.moddiscovery.ModFileParser/LOADING]: Considering mod file candidate /workspaces/proyectosjr/servidor_minecraft/mods/FarmersDelight-1.20.1-1.2.7.jar
[02May2025 18:42:46.951] [main/DEBUG] [net.minecraftforge.fml.loading.moddiscovery.ModFileInfo/LOADING]: Found valid mod file FarmersDelight-1.20.1-1.2.7.jar with {farmersdelight} mods - versions {1.20.1-1.2.7}
[02May2025 18:42:46.956] [main/DEBUG] [net.minecraftforge.fml.loading.moddiscovery.ModFile/LOADING]: Loading mod file /workspaces/proyectosjr/servidor_minecraft/mods/FarmersDelight-1.20.1-1.2.7.jar with languages [LanguageSpec[languageName=javafml, acceptedVersions=[46,)]]
[02May2025 18:42:46.956] [main/DEBUG] [net.minecraftforge.fml.loading.moddiscovery.ModFileInfo/LOADING]: Found valid mod file server-1.20.1-20230612.114412-srg.jar with {minecraft} mods - versions {1.20.1}
[02May2025 18:42:46.956] [main/DEBUG] [net.minecraftforge.fml.loading.moddiscovery.ModFile/LOADING]: Loading mod file /workspaces/proyectosjr/servidor_minecraft/libraries/net/minecraft/server/1.20.1-20230612.114412/server-1.20.1-20230612.114412-srg.jar with languages [LanguageSpec[languageName=minecraft, acceptedVersions=1]]
[02May2025 18:42:46.958] [main/DEBUG] [net.minecraftforge.fml.loading.moddiscovery.ModFileParser/LOADING]: Considering mod file candidate /workspaces/proyectosjr/servidor_minecraft/mods/torchmaster-20.1.9.jar
[02May2025 18:42:46.960] [main/DEBUG] [net.minecraftforge.fml.loading.moddiscovery.ModFileInfo/LOADING]: Found valid mod file torchmaster-20.1.9.jar with {torchmaster} mods - versions {20.1.9}
[02May2025 18:42:46.964] [main/DEBUG] [net.minecraftforge.fml.loading.moddiscovery.ModFile/LOADING]: Loading mod file /workspaces/proyectosjr/servidor_minecraft/mods/torchmaster-20.1.9.jar with languages [LanguageSpec[languageName=javafml, acceptedVersions=[47,)]]
[02May2025 18:42:46.964] [main/DEBUG] [net.minecraftforge.fml.loading.moddiscovery.ModFileParser/LOADING]: Considering mod file candidate /workspaces/proyectosjr/servidor_minecraft/mods/moonlight-1.20-2.13.83-forge.jar
[02May2025 18:42:46.965] [main/DEBUG] [net.minecraftforge.fml.loading.moddiscovery.ModFileInfo/LOADING]: Found valid mod file moonlight-1.20-2.13.83-forge.jar with {moonlight} mods - versions {1.20-2.13.83}
[02May2025 18:42:46.966] [main/DEBUG] [net.minecraftforge.fml.loading.moddiscovery.ModFile/LOADING]: Loading mod file /workspaces/proyectosjr/servidor_minecraft/mods/moonlight-1.20-2.13.83-forge.jar with languages [LanguageSpec[languageName=javafml, acceptedVersions=[40,)]]
[02May2025 18:42:46.966] [main/DEBUG] [net.minecraftforge.fml.loading.moddiscovery.ModFileParser/LOADING]: Considering mod file candidate /workspaces/proyectosjr/servidor_minecraft/mods/TerraBlender-forge-1.20.1-3.0.1.10.jar
[02May2025 18:42:46.967] [main/DEBUG] [net.minecraftforge.fml.loading.moddiscovery.ModFileInfo/LOADING]: Found valid mod file TerraBlender-forge-1.20.1-3.0.1.10.jar with {terrablender} mods - versions {3.0.1.10}
[02May2025 18:42:46.968] [main/DEBUG] [net.minecraftforge.fml.loading.moddiscovery.ModFile/LOADING]: Loading mod file /workspaces/proyectosjr/servidor_minecraft/mods/TerraBlender-forge-1.20.1-3.0.1.10.jar with languages [LanguageSpec[languageName=javafml, acceptedVersions=[47,)]]
[02May2025 18:42:46.968] [main/DEBUG] [net.minecraftforge.fml.loading.moddiscovery.ModFileParser/LOADING]: Considering mod file candidate /workspaces/proyectosjr/servidor_minecraft/mods/BiomesOPlenty-forge-1.20.1-19.0.0.96.jar
[02May2025 18:42:46.969] [main/DEBUG] [net.minecraftforge.fml.loading.moddiscovery.ModFileInfo/LOADING]: Found valid mod file BiomesOPlenty-forge-1.20.1-19.0.0.96.jar with {biomesoplenty} mods - versions {19.0.0.96}
[02May2025 18:42:46.969] [main/DEBUG] [net.minecraftforge.fml.loading.moddiscovery.ModFile/LOADING]: Loading mod file /workspaces/proyectosjr/servidor_minecraft/mods/BiomesOPlenty-forge-1.20.1-19.0.0.96.jar with languages [LanguageSpec[languageName=javafml, acceptedVersions=[47,)]]
[02May2025 18:42:46.969] [main/DEBUG] [net.minecraftforge.fml.loading.moddiscovery.ModFileParser/LOADING]: Considering mod file candidate /workspaces/proyectosjr/servidor_minecraft/mods/Jade-1.20.1-Forge-11.13.1.jar
[02May2025 18:42:46.970] [main/DEBUG] [net.minecraftforge.fml.loading.moddiscovery.ModFileInfo/LOADING]: Found valid mod file Jade-1.20.1-Forge-11.13.1.jar with {jade} mods - versions {11.13.1+forge}
[02May2025 18:42:46.970] [main/DEBUG] [net.minecraftforge.fml.loading.moddiscovery.ModFile/LOADING]: Loading mod file /workspaces/proyectosjr/servidor_minecraft/mods/Jade-1.20.1-Forge-11.13.1.jar with languages [LanguageSpec[languageName=javafml, acceptedVersions=[46,)]]
[02May2025 18:42:46.970] [main/DEBUG] [net.minecraftforge.fml.loading.moddiscovery.ModFileParser/LOADING]: Considering mod file candidate /workspaces/proyectosjr/servidor_minecraft/mods/CreativeCore_FORGE_v2.12.32_mc1.20.1.jar
[02May2025 18:42:46.972] [main/DEBUG] [net.minecraftforge.fml.loading.moddiscovery.ModFileInfo/LOADING]: Found valid mod file CreativeCore_FORGE_v2.12.32_mc1.20.1.jar with {creativecore} mods - versions {2.12.32}
[02May2025 18:42:46.972] [main/DEBUG] [net.minecraftforge.fml.loading.moddiscovery.ModFile/LOADING]: Loading mod file /workspaces/proyectosjr/servidor_minecraft/mods/CreativeCore_FORGE_v2.12.32_mc1.20.1.jar with languages [LanguageSpec[languageName=javafml, acceptedVersions=[46,)]]
[02May2025 18:42:46.972] [main/DEBUG] [net.minecraftforge.fml.loading.moddiscovery.ModFileParser/LOADING]: Considering mod file candidate 
[02May2025 18:42:46.973] [main/DEBUG] [net.minecraftforge.fml.loading.moddiscovery.ModFileInfo/LOADING]: Found valid mod file spectrelib-forge-0.13.15+1.20.1.jar with {spectrelib} mods - versions {0.13.15+1.20.1}
[02May2025 18:42:46.973] [main/DEBUG] [net.minecraftforge.fml.loading.moddiscovery.ModFile/LOADING]: Loading mod file  with languages [LanguageSpec[languageName=javafml, acceptedVersions=[41,)]]
[02May2025 18:42:46.973] [main/DEBUG] [net.minecraftforge.fml.loading.moddiscovery.ModFileParser/LOADING]: Considering mod file candidate /workspaces/proyectosjr/servidor_minecraft/mods/simplefarming-1.20.1-2.2.6.jar
[02May2025 18:42:46.973] [main/DEBUG] [net.minecraftforge.fml.loading.moddiscovery.ModFileInfo/LOADING]: Found valid mod file simplefarming-1.20.1-2.2.6.jar with {simplefarming} mods - versions {1.20.1-2.0.6}
[02May2025 18:42:46.974] [main/DEBUG] [net.minecraftforge.fml.loading.moddiscovery.ModFile/LOADING]: Loading mod file /workspaces/proyectosjr/servidor_minecraft/mods/simplefarming-1.20.1-2.2.6.jar with languages [LanguageSpec[languageName=javafml, acceptedVersions=[47,)]]
[02May2025 18:42:46.974] [main/DEBUG] [net.minecraftforge.fml.loading.moddiscovery.ModFileParser/LOADING]: Considering mod file candidate /workspaces/proyectosjr/servidor_minecraft/mods/resourcefulconfig-forge-1.20.1-2.1.3.jar
[02May2025 18:42:46.974] [main/DEBUG] [net.minecraftforge.fml.loading.moddiscovery.ModFileInfo/LOADING]: Found valid mod file resourcefulconfig-forge-1.20.1-2.1.3.jar with {resourcefulconfig} mods - versions {2.1.3}
[02May2025 18:42:46.974] [main/DEBUG] [net.minecraftforge.fml.loading.moddiscovery.ModFile/LOADING]: Loading mod file /workspaces/proyectosjr/servidor_minecraft/mods/resourcefulconfig-forge-1.20.1-2.1.3.jar with languages [LanguageSpec[languageName=javafml, acceptedVersions=[46,)]]
[02May2025 18:42:46.974] [main/DEBUG] [net.minecraftforge.fml.loading.moddiscovery.ModFileParser/LOADING]: Considering mod file candidate 
[02May2025 18:42:46.975] [main/DEBUG] [net.minecraftforge.fml.loading.moddiscovery.ModFileInfo/LOADING]: Found valid mod file kffmod-4.11.0.jar with {kotlinforforge} mods - versions {4.11.0}
[02May2025 18:42:46.975] [main/DEBUG] [net.minecraftforge.fml.loading.moddiscovery.ModFile/LOADING]: Loading mod file  with languages [LanguageSpec[languageName=kotlinforforge, acceptedVersions=[4,)]]
[02May2025 18:42:46.977] [main/DEBUG] [net.minecraftforge.fml.loading.moddiscovery.ModFileParser/LOADING]: Considering mod file candidate /workspaces/proyectosjr/servidor_minecraft/mods/curios-forge-5.14.1+1.20.1.jar
[02May2025 18:42:46.978] [main/DEBUG] [net.minecraftforge.fml.loading.moddiscovery.ModFileInfo/LOADING]: Found valid mod file curios-forge-5.14.1+1.20.1.jar with {curios} mods - versions {5.14.1+1.20.1}
[02May2025 18:42:46.978] [main/DEBUG] [net.minecraftforge.fml.loading.moddiscovery.ModFile/LOADING]: Loading mod file /workspaces/proyectosjr/servidor_minecraft/mods/curios-forge-5.14.1+1.20.1.jar with languages [LanguageSpec[languageName=javafml, acceptedVersions=[41,)]]
[02May2025 18:42:46.978] [main/DEBUG] [net.minecraftforge.fml.loading.moddiscovery.ModFileParser/LOADING]: Considering mod file candidate /workspaces/proyectosjr/servidor_minecraft/mods/Quark-4.0-462.jar
[02May2025 18:42:46.980] [main/DEBUG] [net.minecraftforge.fml.loading.moddiscovery.ModFileInfo/LOADING]: Found valid mod file Quark-4.0-462.jar with {quark} mods - versions {4.0-462}
[02May2025 18:42:46.980] [main/DEBUG] [net.minecraftforge.fml.loading.moddiscovery.ModFile/LOADING]: Loading mod file /workspaces/proyectosjr/servidor_minecraft/mods/Quark-4.0-462.jar with languages [LanguageSpec[languageName=javafml, acceptedVersions=[41,)]]
[02May2025 18:42:46.980] [main/DEBUG] [net.minecraftforge.fml.loading.moddiscovery.ModFileParser/LOADING]: Considering mod file candidate /workspaces/proyectosjr/servidor_minecraft/mods/Zeta-1.0-30.jar
[02May2025 18:42:46.982] [main/DEBUG] [net.minecraftforge.fml.loading.moddiscovery.ModFileInfo/LOADING]: Found valid mod file Zeta-1.0-30.jar with {zeta} mods - versions {1.0-30}
[02May2025 18:42:46.983] [main/DEBUG] [net.minecraftforge.fml.loading.moddiscovery.ModFile/LOADING]: Loading mod file /workspaces/proyectosjr/servidor_minecraft/mods/Zeta-1.0-30.jar with languages [LanguageSpec[languageName=javafml, acceptedVersions=[41,)]]
[02May2025 18:42:46.983] [main/DEBUG] [net.minecraftforge.fml.loading.moddiscovery.ModFileParser/LOADING]: Considering mod file candidate /workspaces/proyectosjr/servidor_minecraft/mods/bettervillage-forge-1.20.1-3.3.0-all.jar
[02May2025 18:42:46.984] [main/DEBUG] [net.minecraftforge.fml.loading.moddiscovery.ModFileInfo/LOADING]: Found valid mod file bettervillage-forge-1.20.1-3.3.0-all.jar with {bettervillage} mods - versions {3.3.0}
[02May2025 18:42:46.984] [main/DEBUG] [net.minecraftforge.fml.loading.moddiscovery.ModFile/LOADING]: Loading mod file /workspaces/proyectosjr/servidor_minecraft/mods/bettervillage-forge-1.20.1-3.3.0-all.jar with languages [LanguageSpec[languageName=javafml, acceptedVersions=[0,)]]
[02May2025 18:42:46.984] [main/DEBUG] [net.minecraftforge.fml.loading.moddiscovery.ModFileParser/LOADING]: Considering mod file candidate /workspaces/proyectosjr/servidor_minecraft/mods/inventoryhud.forge.1.20.1-3.4.26.jar
[02May2025 18:42:46.985] [main/DEBUG] [net.minecraftforge.fml.loading.moddiscovery.ModFileInfo/LOADING]: Found valid mod file inventoryhud.forge.1.20.1-3.4.26.jar with {inventoryhud} mods - versions {3.4.26}
[02May2025 18:42:46.985] [main/DEBUG] [net.minecraftforge.fml.loading.moddiscovery.ModFile/LOADING]: Loading mod file /workspaces/proyectosjr/servidor_minecraft/mods/inventoryhud.forge.1.20.1-3.4.26.jar with languages [LanguageSpec[languageName=javafml, acceptedVersions=[46,50)]]
[02May2025 18:42:46.985] [main/DEBUG] [net.minecraftforge.fml.loading.moddiscovery.ModFileParser/LOADING]: Considering mod file candidate /workspaces/proyectosjr/servidor_minecraft/mods/tombstone-1.20.1-8.9.4.jar
[02May2025 18:42:46.986] [main/DEBUG] [net.minecraftforge.fml.loading.moddiscovery.ModFileInfo/LOADING]: Found valid mod file tombstone-1.20.1-8.9.4.jar with {tombstone} mods - versions {8.9.4}
[02May2025 18:42:46.986] [main/DEBUG] [net.minecraftforge.fml.loading.moddiscovery.ModFile/LOADING]: Loading mod file /workspaces/proyectosjr/servidor_minecraft/mods/tombstone-1.20.1-8.9.4.jar with languages [LanguageSpec[languageName=javafml, acceptedVersions=[46,)]]
[02May2025 18:42:46.986] [main/DEBUG] [net.minecraftforge.fml.loading.moddiscovery.ModFileParser/LOADING]: Considering mod file candidate /workspaces/proyectosjr/servidor_minecraft/mods/YungsBetterStrongholds-1.20-Forge-4.0.3.jar
[02May2025 18:42:46.989] [main/DEBUG] [net.minecraftforge.fml.loading.moddiscovery.ModFileInfo/LOADING]: Found valid mod file YungsBetterStrongholds-1.20-Forge-4.0.3.jar with {betterstrongholds} mods - versions {1.20-Forge-4.0.3}
[02May2025 18:42:46.990] [main/DEBUG] [net.minecraftforge.fml.loading.moddiscovery.ModFile/LOADING]: Loading mod file /workspaces/proyectosjr/servidor_minecraft/mods/YungsBetterStrongholds-1.20-Forge-4.0.3.jar with languages [LanguageSpec[languageName=javafml, acceptedVersions=[46,)]]
[02May2025 18:42:46.990] [main/DEBUG] [net.minecraftforge.fml.loading.moddiscovery.ModFileParser/LOADING]: Considering mod file candidate /workspaces/proyectosjr/servidor_minecraft/mods/resourcefullib-forge-1.20.1-2.1.29.jar
[02May2025 18:42:46.991] [main/DEBUG] [net.minecraftforge.fml.loading.moddiscovery.ModFileInfo/LOADING]: Found valid mod file resourcefullib-forge-1.20.1-2.1.29.jar with {resourcefullib} mods - versions {2.1.29}
[02May2025 18:42:46.993] [main/DEBUG] [net.minecraftforge.fml.loading.moddiscovery.ModFile/LOADING]: Loading mod file /workspaces/proyectosjr/servidor_minecraft/mods/resourcefullib-forge-1.20.1-2.1.29.jar with languages [LanguageSpec[languageName=javafml, acceptedVersions=[46,)]]
[02May2025 18:42:46.993] [main/DEBUG] [net.minecraftforge.fml.loading.moddiscovery.ModFileParser/LOADING]: Considering mod file candidate /workspaces/proyectosjr/servidor_minecraft/mods/upgradedcore-1.20.1-5.0.0.2-release.jar
[02May2025 18:42:46.994] [main/DEBUG] [net.minecraftforge.fml.loading.moddiscovery.ModFileInfo/LOADING]: Found valid mod file upgradedcore-1.20.1-5.0.0.2-release.jar with {upgradedcore} mods - versions {1.20.1-5.0.0.2-release}
[02May2025 18:42:46.994] [main/DEBUG] [net.minecraftforge.fml.loading.moddiscovery.ModFile/LOADING]: Loading mod file /workspaces/proyectosjr/servidor_minecraft/mods/upgradedcore-1.20.1-5.0.0.2-release.jar with languages [LanguageSpec[languageName=javafml, acceptedVersions=[47,)]]
[02May2025 18:42:46.994] [main/DEBUG] [net.minecraftforge.fml.loading.moddiscovery.ModFileParser/LOADING]: Considering mod file candidate /workspaces/proyectosjr/servidor_minecraft/mods/appleskin-forge-mc1.20.1-2.5.1.jar
[02May2025 18:42:46.996] [main/DEBUG] [net.minecraftforge.fml.loading.moddiscovery.ModFileInfo/LOADING]: Found valid mod file appleskin-forge-mc1.20.1-2.5.1.jar with {appleskin} mods - versions {2.5.1+mc1.20.1}
[02May2025 18:42:46.996] [main/DEBUG] [net.minecraftforge.fml.loading.moddiscovery.ModFile/LOADING]: Loading mod file /workspaces/proyectosjr/servidor_minecraft/mods/appleskin-forge-mc1.20.1-2.5.1.jar with languages [LanguageSpec[languageName=javafml, acceptedVersions=[47,)]]
[02May2025 18:42:46.996] [main/DEBUG] [net.minecraftforge.fml.loading.moddiscovery.ModFileParser/LOADING]: Considering mod file candidate /workspaces/proyectosjr/servidor_minecraft/mods/architectury-9.2.14-forge (1).jar
[02May2025 18:42:46.997] [main/DEBUG] [net.minecraftforge.fml.loading.moddiscovery.ModFileInfo/LOADING]: Found valid mod file architectury-9.2.14-forge (1).jar with {architectury} mods - versions {9.2.14}
[02May2025 18:42:46.997] [main/DEBUG] [net.minecraftforge.fml.loading.moddiscovery.ModFile/LOADING]: Loading mod file /workspaces/proyectosjr/servidor_minecraft/mods/architectury-9.2.14-forge (1).jar with languages [LanguageSpec[languageName=javafml, acceptedVersions=[46,)]]
[02May2025 18:42:46.997] [main/DEBUG] [net.minecraftforge.fml.loading.moddiscovery.ModFileParser/LOADING]: Considering mod file candidate /workspaces/proyectosjr/servidor_minecraft/mods/AI-Improvements-1.20-0.5.2.jar
[02May2025 18:42:46.998] [main/DEBUG] [net.minecraftforge.fml.loading.moddiscovery.ModFileInfo/LOADING]: Found valid mod file AI-Improvements-1.20-0.5.2.jar with {aiimprovements} mods - versions {0.5.2}
[02May2025 18:42:47.001] [main/DEBUG] [net.minecraftforge.fml.loading.moddiscovery.ModFile/LOADING]: Loading mod file /workspaces/proyectosjr/servidor_minecraft/mods/AI-Improvements-1.20-0.5.2.jar with languages [LanguageSpec[languageName=javafml, acceptedVersions=[46,)]]
[02May2025 18:42:47.002] [main/DEBUG] [net.minecraftforge.fml.loading.moddiscovery.ModFileParser/LOADING]: Considering mod file candidate /workspaces/proyectosjr/servidor_minecraft/mods/photon-forge-1.20.1-1.1.7.jar
[02May2025 18:42:47.002] [main/DEBUG] [net.minecraftforge.fml.loading.moddiscovery.ModFileInfo/LOADING]: Found valid mod file photon-forge-1.20.1-1.1.7.jar with {photon} mods - versions {1.1.7}
[02May2025 18:42:47.003] [main/DEBUG] [net.minecraftforge.fml.loading.moddiscovery.ModFile/LOADING]: Loading mod file /workspaces/proyectosjr/servidor_minecraft/mods/photon-forge-1.20.1-1.1.7.jar with languages [LanguageSpec[languageName=javafml, acceptedVersions=[47,)]]
[02May2025 18:42:47.003] [main/DEBUG] [net.minecraftforge.fml.loading.moddiscovery.ModFileParser/LOADING]: Considering mod file candidate 
[02May2025 18:42:47.003] [main/DEBUG] [net.minecraftforge.fml.loading.moddiscovery.ModFileInfo/LOADING]: Found valid mod file expandability-forge-9.0.4.jar with {expandability} mods - versions {9.0.4}
[02May2025 18:42:47.003] [main/DEBUG] [net.minecraftforge.fml.loading.moddiscovery.ModFile/LOADING]: Loading mod file  with languages [LanguageSpec[languageName=javafml, acceptedVersions=[46,)]]
[02May2025 18:42:47.003] [main/DEBUG] [net.minecraftforge.fml.loading.moddiscovery.ModFileParser/LOADING]: Considering mod file candidate /workspaces/proyectosjr/servidor_minecraft/mods/realmrpg_quests-0.1.1-forge-1.20.1.jar
[02May2025 18:42:47.004] [main/DEBUG] [net.minecraftforge.fml.loading.moddiscovery.ModFileInfo/LOADING]: Found valid mod file realmrpg_quests-0.1.1-forge-1.20.1.jar with {realmrpg_quests} mods - versions {0.1.1}
[02May2025 18:42:47.006] [main/DEBUG] [net.minecraftforge.fml.loading.moddiscovery.ModFile/LOADING]: Loading mod file /workspaces/proyectosjr/servidor_minecraft/mods/realmrpg_quests-0.1.1-forge-1.20.1.jar with languages [LanguageSpec[languageName=javafml, acceptedVersions=[47,)]]
[02May2025 18:42:47.006] [main/DEBUG] [net.minecraftforge.fml.loading.moddiscovery.ModFileParser/LOADING]: Considering mod file candidate /workspaces/proyectosjr/servidor_minecraft/mods/YungsBetterMineshafts-1.20-Forge-4.0.4.jar
[02May2025 18:42:47.007] [main/DEBUG] [net.minecraftforge.fml.loading.moddiscovery.ModFileInfo/LOADING]: Found valid mod file YungsBetterMineshafts-1.20-Forge-4.0.4.jar with {bettermineshafts} mods - versions {1.20-Forge-4.0.4}
[02May2025 18:42:47.007] [main/DEBUG] [net.minecraftforge.fml.loading.moddiscovery.ModFile/LOADING]: Loading mod file /workspaces/proyectosjr/servidor_minecraft/mods/YungsBetterMineshafts-1.20-Forge-4.0.4.jar with languages [LanguageSpec[languageName=javafml, acceptedVersions=[46,)]]
[02May2025 18:42:47.007] [main/DEBUG] [net.minecraftforge.fml.loading.moddiscovery.ModFileParser/LOADING]: Considering mod file candidate /workspaces/proyectosjr/servidor_minecraft/mods/PlayerRevive_FORGE_v2.0.31_mc1.20.1.jar
[02May2025 18:42:47.008] [main/DEBUG] [net.minecraftforge.fml.loading.moddiscovery.ModFileInfo/LOADING]: Found valid mod file PlayerRevive_FORGE_v2.0.31_mc1.20.1.jar with {playerrevive} mods - versions {2.0.31}
[02May2025 18:42:47.008] [main/DEBUG] [net.minecraftforge.fml.loading.moddiscovery.ModFile/LOADING]: Loading mod file /workspaces/proyectosjr/servidor_minecraft/mods/PlayerRevive_FORGE_v2.0.31_mc1.20.1.jar with languages [LanguageSpec[languageName=javafml, acceptedVersions=[46,)]]
[02May2025 18:42:47.008] [main/DEBUG] [net.minecraftforge.fml.loading.moddiscovery.ModFileParser/LOADING]: Considering mod file candidate /workspaces/proyectosjr/servidor_minecraft/mods/NekosEnchantedBooks-1.19.3-2.0.3.jar
[02May2025 18:42:47.011] [main/DEBUG] [net.minecraftforge.fml.loading.moddiscovery.ModFileInfo/LOADING]: Found valid mod file NekosEnchantedBooks-1.19.3-2.0.3.jar with {nebs} mods - versions {2.0.3}
[02May2025 18:42:47.011] [main/DEBUG] [net.minecraftforge.fml.loading.moddiscovery.ModFile/LOADING]: Loading mod file /workspaces/proyectosjr/servidor_minecraft/mods/NekosEnchantedBooks-1.19.3-2.0.3.jar with languages [LanguageSpec[languageName=javafml, acceptedVersions=[44,)]]
[02May2025 18:42:47.012] [main/DEBUG] [net.minecraftforge.fml.loading.moddiscovery.ModFileParser/LOADING]: Found coremod BlockModelCoreMod with Javascript path coremods/BlockModelCoreMod.js
[02May2025 18:42:47.012] [main/DEBUG] [net.minecraftforge.fml.loading.moddiscovery.ModFileParser/LOADING]: Found coremod EnchantedBookOverridesCoreMod with Javascript path coremods/EnchantedBookOverridesCoreMod.js
[02May2025 18:42:47.014] [main/DEBUG] [net.minecraftforge.fml.loading.moddiscovery.ModFile/LOADING]: Found coremod coremods/BlockModelCoreMod.js
[02May2025 18:42:47.014] [main/DEBUG] [net.minecraftforge.fml.loading.moddiscovery.ModFile/LOADING]: Found coremod coremods/EnchantedBookOverridesCoreMod.js
[02May2025 18:42:47.015] [main/DEBUG] [net.minecraftforge.fml.loading.moddiscovery.ModFileParser/LOADING]: Considering mod file candidate /workspaces/proyectosjr/servidor_minecraft/mods/ad_astra-forge-1.20.1-1.15.20.jar
[02May2025 18:42:47.015] [main/DEBUG] [net.minecraftforge.fml.loading.moddiscovery.ModFileInfo/LOADING]: Found valid mod file ad_astra-forge-1.20.1-1.15.20.jar with {ad_astra} mods - versions {1.15.20}
[02May2025 18:42:47.015] [main/DEBUG] [net.minecraftforge.fml.loading.moddiscovery.ModFile/LOADING]: Loading mod file /workspaces/proyectosjr/servidor_minecraft/mods/ad_astra-forge-1.20.1-1.15.20.jar with languages [LanguageSpec[languageName=javafml, acceptedVersions=[47,)]]
[02May2025 18:42:47.015] [main/DEBUG] [net.minecraftforge.fml.loading.moddiscovery.ModFile/LOADING]: Loading mod file  with languages []
[02May2025 18:42:47.015] [main/DEBUG] [net.minecraftforge.fml.loading.moddiscovery.ModFileParser/LOADING]: Considering mod file candidate 
[02May2025 18:42:47.016] [main/DEBUG] [net.minecraftforge.fml.loading.moddiscovery.ModFileInfo/LOADING]: Found valid mod file mixinextras-forge-0.4.1.jar with {mixinextras} mods - versions {0.4.1}
[02May2025 18:42:47.016] [main/DEBUG] [net.minecraftforge.fml.loading.moddiscovery.ModFile/LOADING]: Loading mod file  with languages [LanguageSpec[languageName=javafml, acceptedVersions=*]]
[02May2025 18:42:47.018] [main/DEBUG] [net.minecraftforge.fml.loading.moddiscovery.ModFile/LOADING]: Loading mod file  with languages []
[02May2025 18:42:47.019] [main/DEBUG] [net.minecraftforge.fml.loading.moddiscovery.ModFile/LOADING]: Loading mod file  with languages []
[02May2025 18:42:47.019] [main/DEBUG] [net.minecraftforge.fml.loading.moddiscovery.ModFile/LOADING]: Loading mod file  with languages []
[02May2025 18:42:47.020] [main/DEBUG] [net.minecraftforge.fml.loading.moddiscovery.ModFileParser/LOADING]: Considering mod file candidate 
[02May2025 18:42:47.022] [main/DEBUG] [net.minecraftforge.fml.loading.moddiscovery.ModFileInfo/LOADING]: Found valid mod file mixinsquared-forge-0.1.1.jar with {mixinsquared} mods - versions {0.1.1}
[02May2025 18:42:47.023] [main/DEBUG] [net.minecraftforge.fml.loading.moddiscovery.ModFile/LOADING]: Loading mod file  with languages [LanguageSpec[languageName=javafml, acceptedVersions=*]]
[02May2025 18:42:47.024] [main/DEBUG] [net.minecraftforge.fml.loading.moddiscovery.ModFile/LOADING]: Loading mod file  with languages []
[02May2025 18:42:47.025] [main/DEBUG] [net.minecraftforge.fml.loading.moddiscovery.ModFile/LOADING]: Loading mod file  with languages []
[02May2025 18:42:47.026] [main/DEBUG] [net.minecraftforge.fml.loading.moddiscovery.ModFile/LOADING]: Loading mod file  with languages []
[02May2025 18:42:47.026] [main/DEBUG] [net.minecraftforge.fml.loading.moddiscovery.ModFile/LOADING]: Loading mod file  with languages []
[02May2025 18:42:47.026] [main/DEBUG] [net.minecraftforge.fml.loading.moddiscovery.ModFile/LOADING]: Loading mod file  with languages []
[02May2025 18:42:47.026] [main/DEBUG] [net.minecraftforge.fml.loading.moddiscovery.ModFileParser/LOADING]: Considering mod file candidate 
[02May2025 18:42:47.026] [main/DEBUG] [net.minecraftforge.fml.loading.moddiscovery.ModFileInfo/LOADING]: Found valid mod file mixinextras-forge-0.4.1.jar with {mixinextras} mods - versions {0.4.1}
[02May2025 18:42:47.027] [main/DEBUG] [net.minecraftforge.fml.loading.moddiscovery.ModFile/LOADING]: Loading mod file  with languages [LanguageSpec[languageName=javafml, acceptedVersions=*]]
[02May2025 18:42:47.027] [main/DEBUG] [net.minecraftforge.fml.loading.moddiscovery.ModFile/LOADING]: Loading mod file  with languages []
[02May2025 18:42:47.027] [main/DEBUG] [net.minecraftforge.fml.loading.moddiscovery.ModFile/LOADING]: Loading mod file  with languages []
[02May2025 18:42:47.027] [main/DEBUG] [net.minecraftforge.fml.loading.moddiscovery.ModFile/LOADING]: Loading mod file  with languages []
[02May2025 18:42:47.027] [main/DEBUG] [net.minecraftforge.fml.loading.moddiscovery.ModFileParser/LOADING]: Considering mod file candidate 
[02May2025 18:42:47.027] [main/DEBUG] [net.minecraftforge.fml.loading.moddiscovery.ModFileInfo/LOADING]: Found valid mod file mixinsquared-forge-0.1.1.jar with {mixinsquared} mods - versions {0.1.1}
[02May2025 18:42:47.027] [main/DEBUG] [net.minecraftforge.fml.loading.moddiscovery.ModFile/LOADING]: Loading mod file  with languages [LanguageSpec[languageName=javafml, acceptedVersions=*]]
[02May2025 18:42:47.027] [main/DEBUG] [net.minecraftforge.fml.loading.moddiscovery.ModFile/LOADING]: Loading mod file  with languages []
[02May2025 18:42:47.028] [main/DEBUG] [net.minecraftforge.fml.loading.moddiscovery.ModFile/LOADING]: Loading mod file  with languages []
[02May2025 18:42:47.028] [main/DEBUG] [net.minecraftforge.fml.loading.moddiscovery.ModFile/LOADING]: Loading mod file  with languages []
[02May2025 18:42:47.028] [main/DEBUG] [net.minecraftforge.fml.loading.moddiscovery.ModFile/LOADING]: Loading mod file  with languages []
[02May2025 18:42:47.029] [main/DEBUG] [cpw.mods.modlauncher.TransformationServiceDecorator/MODLAUNCHER]: End scan trigger - transformation service fml
[02May2025 18:42:47.065] [main/DEBUG] [net.minecraftforge.fml.loading.LanguageLoadingProvider/CORE]: Found 4 language providers
[02May2025 18:42:47.066] [main/DEBUG] [net.minecraftforge.fml.loading.LanguageLoadingProvider/CORE]: Found language provider minecraft, version 1.0
[02May2025 18:42:47.066] [main/DEBUG] [net.minecraftforge.fml.loading.LanguageLoadingProvider/CORE]: Found language provider kotlinforforge, version 4.11.0
[02May2025 18:42:47.067] [main/DEBUG] [net.minecraftforge.fml.loading.LanguageLoadingProvider/CORE]: Found language provider javafml, version 47
[02May2025 18:42:47.068] [main/DEBUG] [net.minecraftforge.fml.loading.LanguageLoadingProvider/CORE]: Found language provider lowcodefml, version 47
[02May2025 18:42:47.079] [main/DEBUG] [net.minecraftforge.fml.loading.UniqueModListBuilder/]: Found 2 mods for first modid mclib, selecting most recent based on version data
[02May2025 18:42:47.081] [main/DEBUG] [net.minecraftforge.fml.loading.UniqueModListBuilder/]: Selected file mclib-20.jar for modid mclib with version 0.0NONE
[02May2025 18:42:47.083] [main/DEBUG] [net.minecraftforge.fml.loading.UniqueModListBuilder/]: Found 2 mods for first modid mixinextras, selecting most recent based on version data
[02May2025 18:42:47.083] [main/DEBUG] [net.minecraftforge.fml.loading.UniqueModListBuilder/]: Selected file mixinextras-forge-0.4.1.jar for modid mixinextras with version 0.4.1
[02May2025 18:42:47.083] [main/DEBUG] [net.minecraftforge.fml.loading.UniqueModListBuilder/]: Found 2 mods for first modid jlayer, selecting most recent based on version data
[02May2025 18:42:47.083] [main/DEBUG] [net.minecraftforge.fml.loading.UniqueModListBuilder/]: Selected file jlayer-1.0.1.jar for modid jlayer with version 0.0NONE
[02May2025 18:42:47.083] [main/DEBUG] [net.minecraftforge.fml.loading.UniqueModListBuilder/]: Found 2 mods for first modid bytecodecs, selecting most recent based on version data
[02May2025 18:42:47.083] [main/DEBUG] [net.minecraftforge.fml.loading.UniqueModListBuilder/]: Selected file bytecodecs-1.0.2.jar for modid bytecodecs with version 0.0NONE
[02May2025 18:42:47.084] [main/DEBUG] [net.minecraftforge.fml.loading.UniqueModListBuilder/]: Found 2 mods for first modid org.yaml.snakeyaml, selecting most recent based on version data
[02May2025 18:42:47.084] [main/DEBUG] [net.minecraftforge.fml.loading.UniqueModListBuilder/]: Selected file snakeyaml-2.2.jar for modid org.yaml.snakeyaml with version 0.0NONE
[02May2025 18:42:47.084] [main/DEBUG] [net.minecraftforge.fml.loading.UniqueModListBuilder/]: Found 2 mods for first modid mixinsquared, selecting most recent based on version data
[02May2025 18:42:47.084] [main/DEBUG] [net.minecraftforge.fml.loading.UniqueModListBuilder/]: Selected file mixinsquared-forge-0.1.1.jar for modid mixinsquared with version 0.1.1
[02May2025 18:42:47.084] [main/DEBUG] [net.minecraftforge.fml.loading.UniqueModListBuilder/]: Found 2 mods for first modid MixinSquared, selecting most recent based on version data
[02May2025 18:42:47.084] [main/DEBUG] [net.minecraftforge.fml.loading.UniqueModListBuilder/]: Selected file MixinSquared-0.1.1.jar for modid MixinSquared with version 0.0NONE
[02May2025 18:42:47.084] [main/DEBUG] [net.minecraftforge.fml.loading.UniqueModListBuilder/]: Found 2 mods for first modid thedarkcolour.kotlinforforge.kfflib, selecting most recent based on version data
[02May2025 18:42:47.084] [main/DEBUG] [net.minecraftforge.fml.loading.UniqueModListBuilder/]: Selected file kfflib-4.11.0.jar for modid thedarkcolour.kotlinforforge.kfflib with version 4.11.0
[02May2025 18:42:47.084] [main/DEBUG] [net.minecraftforge.fml.loading.UniqueModListBuilder/]: Found 2 mods for first modid yabn, selecting most recent based on version data
[02May2025 18:42:47.084] [main/DEBUG] [net.minecraftforge.fml.loading.UniqueModListBuilder/]: Selected file yabn-1.0.3.jar for modid yabn with version 0.0NONE
[02May2025 18:42:47.084] [main/DEBUG] [net.minecraftforge.fml.loading.UniqueModListBuilder/]: Found 2 mods for first modid MixinExtras, selecting most recent based on version data
[02May2025 18:42:47.084] [main/DEBUG] [net.minecraftforge.fml.loading.UniqueModListBuilder/]: Selected file MixinExtras-0.4.1.jar for modid MixinExtras with version 0.0NONE
[02May2025 18:42:47.094] [main/DEBUG] [net.minecraftforge.fml.loading.ModSorter/]: Configured system mods: [minecraft, forge]
[02May2025 18:42:47.095] [main/DEBUG] [net.minecraftforge.fml.loading.ModSorter/]: Found system mod: minecraft
[02May2025 18:42:47.096] [main/DEBUG] [net.minecraftforge.fml.loading.ModSorter/]: Found system mod: forge
[02May2025 18:42:47.109] [main/DEBUG] [net.minecraftforge.fml.loading.ModSorter/LOADING]: Found 131 mod requirements (119 mandatory, 12 optional)
[02May2025 18:42:47.111] [main/DEBUG] [net.minecraftforge.fml.loading.ModSorter/LOADING]: Found 0 mod requirements missing (0 mandatory, 0 optional)
[02May2025 18:42:48.808] [main/DEBUG] [cpw.mods.modlauncher.TransformationServicesHandler/MODLAUNCHER]: Transformation services loading transformers
[02May2025 18:42:48.808] [main/DEBUG] [cpw.mods.modlauncher.TransformationServiceDecorator/MODLAUNCHER]: Initializing transformers for transformation service mixin
[02May2025 18:42:48.809] [main/DEBUG] [cpw.mods.modlauncher.TransformationServiceDecorator/MODLAUNCHER]: Initialized transformers for transformation service mixin
[02May2025 18:42:48.809] [main/DEBUG] [cpw.mods.modlauncher.TransformationServiceDecorator/MODLAUNCHER]: Initializing transformers for transformation service fml
[02May2025 18:42:48.809] [main/DEBUG] [net.minecraftforge.fml.loading.FMLServiceProvider/CORE]: Loading coremod transformers
[02May2025 18:42:48.809] [main/DEBUG] [net.minecraftforge.coremod.CoreModEngine/COREMOD]: Loading CoreMod from coremods/get_ench_level_event.js
[02May2025 18:42:49.194] [main/DEBUG] [net.minecraftforge.coremod.CoreModEngine/COREMOD]: CoreMod loaded successfully
[02May2025 18:42:49.195] [main/DEBUG] [net.minecraftforge.coremod.CoreModEngine/COREMOD]: Loading CoreMod from coremods/get_ench_level_event_specific.js
[02May2025 18:42:49.224] [main/DEBUG] [net.minecraftforge.coremod.CoreModEngine/COREMOD]: CoreMod loaded successfully
[02May2025 18:42:49.227] [main/DEBUG] [net.minecraftforge.coremod.CoreModEngine/COREMOD]: Loading CoreMod from coremods/field_to_method.js
[02May2025 18:42:49.304] [main/DEBUG] [net.minecraftforge.coremod.CoreModEngine/COREMOD]: CoreMod loaded successfully
[02May2025 18:42:49.304] [main/DEBUG] [net.minecraftforge.coremod.CoreModEngine/COREMOD]: Loading CoreMod from coremods/field_to_instanceof.js
[02May2025 18:42:49.408] [main/DEBUG] [net.minecraftforge.coremod.CoreModEngine/COREMOD]: CoreMod loaded successfully
[02May2025 18:42:49.408] [main/DEBUG] [net.minecraftforge.coremod.CoreModEngine/COREMOD]: Loading CoreMod from coremods/add_bouncer_method.js
[02May2025 18:42:49.484] [main/DEBUG] [net.minecraftforge.coremod.CoreModEngine/COREMOD]: CoreMod loaded successfully
[02May2025 18:42:49.484] [main/DEBUG] [net.minecraftforge.coremod.CoreModEngine/COREMOD]: Loading CoreMod from coremods/method_redirector.js
[02May2025 18:42:49.618] [main/DEBUG] [net.minecraftforge.coremod.CoreModEngine/COREMOD]: CoreMod loaded successfully
[02May2025 18:42:49.619] [main/DEBUG] [net.minecraftforge.coremod.CoreModEngine/COREMOD]: Loading CoreMod from coremods/BlockModelCoreMod.js
[02May2025 18:42:49.672] [main/DEBUG] [net.minecraftforge.coremod.CoreModEngine/COREMOD]: CoreMod loaded successfully
[02May2025 18:42:49.673] [main/DEBUG] [net.minecraftforge.coremod.CoreModEngine/COREMOD]: Loading CoreMod from coremods/EnchantedBookOverridesCoreMod.js
[02May2025 18:42:49.701] [main/DEBUG] [net.minecraftforge.coremod.CoreModEngine/COREMOD]: CoreMod loaded successfully
[02May2025 18:42:49.719] [main/DEBUG] [cpw.mods.modlauncher.TransformStore/MODLAUNCHER]: Adding transformer net.minecraftforge.coremod.transformer.CoreModMethodTransformer@2a235b8e to Target : METHOD {Lnet/minecraftforge/common/extensions/IForgeItemStack;} {getAllEnchantments} {()Ljava/util/Map;}
[02May2025 18:42:49.722] [main/DEBUG] [cpw.mods.modlauncher.TransformStore/MODLAUNCHER]: Adding transformer net.minecraftforge.coremod.transformer.CoreModMethodTransformer@57a6a933 to Target : METHOD {Lnet/minecraftforge/common/extensions/IForgeItemStack;} {getEnchantmentLevel} {(Lnet/minecraft/world/item/enchantment/Enchantment;)I}
[02May2025 18:42:49.722] [main/DEBUG] [cpw.mods.modlauncher.TransformStore/MODLAUNCHER]: Adding transformer net.minecraftforge.coremod.transformer.CoreModClassTransformer@1934ad7c to Target : CLASS {Lnet/minecraft/world/level/biome/Biome;} {} {V}
[02May2025 18:42:49.723] [main/DEBUG] [cpw.mods.modlauncher.TransformStore/MODLAUNCHER]: Adding transformer net.minecraftforge.coremod.transformer.CoreModClassTransformer@b27b210 to Target : CLASS {Lnet/minecraft/world/level/levelgen/structure/Structure;} {} {V}
[02May2025 18:42:49.724] [main/DEBUG] [cpw.mods.modlauncher.TransformStore/MODLAUNCHER]: Adding transformer net.minecraftforge.coremod.transformer.CoreModClassTransformer@69aa7d76 to Target : CLASS {Lnet/minecraft/world/effect/MobEffectInstance;} {} {V}
[02May2025 18:42:49.724] [main/DEBUG] [cpw.mods.modlauncher.TransformStore/MODLAUNCHER]: Adding transformer net.minecraftforge.coremod.transformer.CoreModClassTransformer@33f17289 to Target : CLASS {Lnet/minecraft/world/level/block/LiquidBlock;} {} {V}
[02May2025 18:42:49.724] [main/DEBUG] [cpw.mods.modlauncher.TransformStore/MODLAUNCHER]: Adding transformer net.minecraftforge.coremod.transformer.CoreModClassTransformer@f1266c6 to Target : CLASS {Lnet/minecraft/world/item/BucketItem;} {} {V}
[02May2025 18:42:49.724] [main/DEBUG] [cpw.mods.modlauncher.TransformStore/MODLAUNCHER]: Adding transformer net.minecraftforge.coremod.transformer.CoreModClassTransformer@3913f206 to Target : CLASS {Lnet/minecraft/world/level/block/StairBlock;} {} {V}
[02May2025 18:42:49.724] [main/DEBUG] [cpw.mods.modlauncher.TransformStore/MODLAUNCHER]: Adding transformer net.minecraftforge.coremod.transformer.CoreModClassTransformer@3e8799f to Target : CLASS {Lnet/minecraft/world/level/block/FlowerPotBlock;} {} {V}
[02May2025 18:42:49.725] [main/DEBUG] [cpw.mods.modlauncher.TransformStore/MODLAUNCHER]: Adding transformer net.minecraftforge.coremod.transformer.CoreModClassTransformer@3b353651 to Target : CLASS {Lnet/minecraft/world/item/ItemStack;} {} {V}
[02May2025 18:42:49.725] [main/DEBUG] [cpw.mods.modlauncher.TransformStore/MODLAUNCHER]: Adding transformer net.minecraftforge.coremod.transformer.CoreModClassTransformer@270d43a7 to Target : CLASS {Lnet/minecraft/network/play/client/CClientSettingsPacket;} {} {V}
[02May2025 18:42:49.726] [main/DEBUG] [cpw.mods.modlauncher.TransformStore/MODLAUNCHER]: Adding transformer net.minecraftforge.coremod.transformer.CoreModClassTransformer@1280682 to Target : CLASS {Lnet/minecraft/server/commands/SummonCommand;} {} {V}
[02May2025 18:42:49.726] [main/DEBUG] [cpw.mods.modlauncher.TransformStore/MODLAUNCHER]: Adding transformer net.minecraftforge.coremod.transformer.CoreModClassTransformer@1280682 to Target : CLASS {Lnet/minecraft/world/entity/raid/Raid;} {} {V}
[02May2025 18:42:49.728] [main/DEBUG] [cpw.mods.modlauncher.TransformStore/MODLAUNCHER]: Adding transformer net.minecraftforge.coremod.transformer.CoreModClassTransformer@1280682 to Target : CLASS {Lnet/minecraft/world/entity/npc/Villager;} {} {V}
[02May2025 18:42:49.728] [main/DEBUG] [cpw.mods.modlauncher.TransformStore/MODLAUNCHER]: Adding transformer net.minecraftforge.coremod.transformer.CoreModClassTransformer@1280682 to Target : CLASS {Lnet/minecraft/world/level/levelgen/structure/structures/WoodlandMansionPieces$WoodlandMansionPiece;} {} {V}
[02May2025 18:42:49.728] [main/DEBUG] [cpw.mods.modlauncher.TransformStore/MODLAUNCHER]: Adding transformer net.minecraftforge.coremod.transformer.CoreModClassTransformer@1280682 to Target : CLASS {Lnet/minecraft/world/level/levelgen/structure/structures/SwampHutPiece;} {} {V}
[02May2025 18:42:49.728] [main/DEBUG] [cpw.mods.modlauncher.TransformStore/MODLAUNCHER]: Adding transformer net.minecraftforge.coremod.transformer.CoreModClassTransformer@1280682 to Target : CLASS {Lnet/minecraft/world/entity/animal/frog/Tadpole;} {} {V}
[02May2025 18:42:49.728] [main/DEBUG] [cpw.mods.modlauncher.TransformStore/MODLAUNCHER]: Adding transformer net.minecraftforge.coremod.transformer.CoreModClassTransformer@1280682 to Target : CLASS {Lnet/minecraft/world/entity/monster/Zombie;} {} {V}
[02May2025 18:42:49.728] [main/DEBUG] [cpw.mods.modlauncher.TransformStore/MODLAUNCHER]: Adding transformer net.minecraftforge.coremod.transformer.CoreModClassTransformer@1280682 to Target : CLASS {Lnet/minecraft/world/level/levelgen/PatrolSpawner;} {} {V}
[02May2025 18:42:49.728] [main/DEBUG] [cpw.mods.modlauncher.TransformStore/MODLAUNCHER]: Adding transformer net.minecraftforge.coremod.transformer.CoreModClassTransformer@1280682 to Target : CLASS {Lnet/minecraft/world/entity/EntityType;} {} {V}
[02May2025 18:42:49.728] [main/DEBUG] [cpw.mods.modlauncher.TransformStore/MODLAUNCHER]: Adding transformer net.minecraftforge.coremod.transformer.CoreModClassTransformer@1280682 to Target : CLASS {Lnet/minecraft/world/level/NaturalSpawner;} {} {V}
[02May2025 18:42:49.728] [main/DEBUG] [cpw.mods.modlauncher.TransformStore/MODLAUNCHER]: Adding transformer net.minecraftforge.coremod.transformer.CoreModClassTransformer@1280682 to Target : CLASS {Lnet/minecraft/world/level/levelgen/structure/structures/OceanRuinPieces$OceanRuinPiece;} {} {V}
[02May2025 18:42:49.728] [main/DEBUG] [cpw.mods.modlauncher.TransformStore/MODLAUNCHER]: Adding transformer net.minecraftforge.coremod.transformer.CoreModClassTransformer@1280682 to Target : CLASS {Lnet/minecraft/world/entity/monster/ZombieVillager;} {} {V}
[02May2025 18:42:49.728] [main/DEBUG] [cpw.mods.modlauncher.TransformStore/MODLAUNCHER]: Adding transformer net.minecraftforge.coremod.transformer.CoreModClassTransformer@1280682 to Target : CLASS {Lnet/minecraft/world/level/levelgen/structure/templatesystem/StructureTemplate;} {} {V}
[02May2025 18:42:49.728] [main/DEBUG] [cpw.mods.modlauncher.TransformStore/MODLAUNCHER]: Adding transformer net.minecraftforge.coremod.transformer.CoreModClassTransformer@1280682 to Target : CLASS {Lnet/minecraft/server/commands/RaidCommand;} {} {V}
[02May2025 18:42:49.729] [main/DEBUG] [cpw.mods.modlauncher.TransformStore/MODLAUNCHER]: Adding transformer net.minecraftforge.coremod.transformer.CoreModClassTransformer@1280682 to Target : CLASS {Lnet/minecraft/world/entity/animal/horse/SkeletonTrapGoal;} {} {V}
[02May2025 18:42:49.729] [main/DEBUG] [cpw.mods.modlauncher.TransformStore/MODLAUNCHER]: Adding transformer net.minecraftforge.coremod.transformer.CoreModClassTransformer@1280682 to Target : CLASS {Lnet/minecraft/world/entity/monster/Spider;} {} {V}
[02May2025 18:42:49.729] [main/DEBUG] [cpw.mods.modlauncher.TransformStore/MODLAUNCHER]: Adding transformer net.minecraftforge.coremod.transformer.CoreModClassTransformer@1280682 to Target : CLASS {Lnet/minecraft/world/level/levelgen/PhantomSpawner;} {} {V}
[02May2025 18:42:49.729] [main/DEBUG] [cpw.mods.modlauncher.TransformStore/MODLAUNCHER]: Adding transformer net.minecraftforge.coremod.transformer.CoreModClassTransformer@1280682 to Target : CLASS {Lnet/minecraft/world/entity/npc/CatSpawner;} {} {V}
[02May2025 18:42:49.729] [main/DEBUG] [cpw.mods.modlauncher.TransformStore/MODLAUNCHER]: Adding transformer net.minecraftforge.coremod.transformer.CoreModClassTransformer@1280682 to Target : CLASS {Lnet/minecraft/world/entity/ai/village/VillageSiege;} {} {V}
[02May2025 18:42:49.731] [main/DEBUG] [cpw.mods.modlauncher.TransformStore/MODLAUNCHER]: Adding transformer net.minecraftforge.coremod.transformer.CoreModClassTransformer@1280682 to Target : CLASS {Lnet/minecraft/world/level/levelgen/structure/structures/OceanMonumentPieces$OceanMonumentPiece;} {} {V}
[02May2025 18:42:49.732] [main/DEBUG] [cpw.mods.modlauncher.TransformStore/MODLAUNCHER]: Adding transformer net.minecraftforge.coremod.transformer.CoreModClassTransformer@1280682 to Target : CLASS {Lnet/minecraft/world/entity/monster/Strider;} {} {V}
[02May2025 18:42:49.732] [main/DEBUG] [cpw.mods.modlauncher.TransformStore/MODLAUNCHER]: Adding transformer net.minecraftforge.coremod.transformer.CoreModClassTransformer@1280682 to Target : CLASS {Lnet/minecraft/world/entity/monster/Evoker$EvokerSummonSpellGoal;} {} {V}
[02May2025 18:42:49.734] [main/DEBUG] [cpw.mods.modlauncher.TransformStore/MODLAUNCHER]: Adding transformer net.minecraftforge.coremod.transformer.CoreModClassTransformer@41ccb3b9 to Target : CLASS {Lnet/minecraft/client/renderer/block/model/BlockModel;} {} {V}
[02May2025 18:42:49.734] [main/DEBUG] [cpw.mods.modlauncher.TransformStore/MODLAUNCHER]: Adding transformer net.minecraftforge.coremod.transformer.CoreModClassTransformer@53d9826f to Target : CLASS {Lorg/infernalstudios/nebs/EnchantedBookOverrides;} {} {V}
[02May2025 18:42:49.738] [main/DEBUG] [cpw.mods.modlauncher.TransformationServiceDecorator/MODLAUNCHER]: Initialized transformers for transformation service fml
[02May2025 18:42:53.915] [main/DEBUG] [mixin/]: Processing prepare() for PlatformAgent[MixinPlatformAgentDefault:ModLauncher Root Container(ModLauncher:4f56a0a2)]
[02May2025 18:42:53.915] [main/DEBUG] [mixin/]: Processing launch tasks for PlatformAgent[MixinPlatformAgentDefault:ModLauncher Root Container(ModLauncher:4f56a0a2)]
[02May2025 18:42:53.915] [main/DEBUG] [mixin/]: Adding mixin platform agents for container SecureJarResource(betterdungeons)
[02May2025 18:42:53.915] [main/DEBUG] [mixin/]: Instancing new MixinPlatformAgentMinecraftForge for SecureJarResource(betterdungeons)
[02May2025 18:42:53.915] [main/DEBUG] [mixin/]: MixinPlatformAgentMinecraftForge rejected container SecureJarResource(betterdungeons)
[02May2025 18:42:53.916] [main/DEBUG] [mixin/]: Instancing new MixinPlatformAgentDefault for SecureJarResource(betterdungeons)
[02May2025 18:42:53.916] [main/DEBUG] [mixin/]: MixinPlatformAgentDefault accepted container SecureJarResource(betterdungeons)
[02May2025 18:42:53.916] [main/DEBUG] [mixin/]: Processing prepare() for PlatformAgent[MixinPlatformAgentDefault:SecureJarResource(betterdungeons)]
[02May2025 18:42:53.916] [main/DEBUG] [mixin/]: Registering mixin config: betterdungeons.mixins.json
[02May2025 18:42:54.068] [main/DEBUG] [mixin/]: Compatibility level JAVA_17 specified by betterdungeons.mixins.json is higher than the maximum level supported by this version of mixin (JAVA_13).
[02May2025 18:42:54.087] [main/INFO] [mixin/]: Compatibility level set to JAVA_17
[02May2025 18:42:54.088] [main/DEBUG] [mixin/]: Registering mixin config: betterdungeons_forge.mixins.json
[02May2025 18:42:54.095] [main/DEBUG] [mixin/]: Adding mixin platform agents for container SecureJarResource(mowziesmobs)
[02May2025 18:42:54.097] [main/DEBUG] [mixin/]: Instancing new MixinPlatformAgentMinecraftForge for SecureJarResource(mowziesmobs)
[02May2025 18:42:54.097] [main/DEBUG] [mixin/]: MixinPlatformAgentMinecraftForge rejected container SecureJarResource(mowziesmobs)
[02May2025 18:42:54.097] [main/DEBUG] [mixin/]: Instancing new MixinPlatformAgentDefault for SecureJarResource(mowziesmobs)
[02May2025 18:42:54.097] [main/DEBUG] [mixin/]: MixinPlatformAgentDefault accepted container SecureJarResource(mowziesmobs)
[02May2025 18:42:54.098] [main/DEBUG] [mixin/]: Processing prepare() for PlatformAgent[MixinPlatformAgentDefault:SecureJarResource(mowziesmobs)]
[02May2025 18:42:54.098] [main/DEBUG] [mixin/]: Registering mixin config: mowziesmobs.mixins.json
[02May2025 18:42:54.104] [main/DEBUG] [mixin/]: Adding mixin platform agents for container SecureJarResource(kuma_api)
[02May2025 18:42:54.106] [main/DEBUG] [mixin/]: Instancing new MixinPlatformAgentMinecraftForge for SecureJarResource(kuma_api)
[02May2025 18:42:54.107] [main/DEBUG] [mixin/]: MixinPlatformAgentMinecraftForge rejected container SecureJarResource(kuma_api)
[02May2025 18:42:54.107] [main/DEBUG] [mixin/]: Instancing new MixinPlatformAgentDefault for SecureJarResource(kuma_api)
[02May2025 18:42:54.107] [main/DEBUG] [mixin/]: MixinPlatformAgentDefault accepted container SecureJarResource(kuma_api)
[02May2025 18:42:54.107] [main/DEBUG] [mixin/]: Processing prepare() for PlatformAgent[MixinPlatformAgentDefault:SecureJarResource(kuma_api)]
[02May2025 18:42:54.107] [main/DEBUG] [mixin/]: Registering mixin config: kuma_api.mixins.json
[02May2025 18:42:54.115] [main/DEBUG] [mixin/]: Registering mixin config: kuma_api.forge.mixins.json
[02May2025 18:42:54.119] [main/DEBUG] [mixin/]: Adding mixin platform agents for container SecureJarResource(trashslot)
[02May2025 18:42:54.120] [main/DEBUG] [mixin/]: Instancing new MixinPlatformAgentMinecraftForge for SecureJarResource(trashslot)
[02May2025 18:42:54.121] [main/DEBUG] [mixin/]: MixinPlatformAgentMinecraftForge rejected container SecureJarResource(trashslot)
[02May2025 18:42:54.121] [main/DEBUG] [mixin/]: Instancing new MixinPlatformAgentDefault for SecureJarResource(trashslot)
[02May2025 18:42:54.121] [main/DEBUG] [mixin/]: MixinPlatformAgentDefault accepted container SecureJarResource(trashslot)
[02May2025 18:42:54.121] [main/DEBUG] [mixin/]: Processing prepare() for PlatformAgent[MixinPlatformAgentDefault:SecureJarResource(trashslot)]
[02May2025 18:42:54.121] [main/DEBUG] [mixin/]: Registering mixin config: trashslot.mixins.json
[02May2025 18:42:54.125] [main/DEBUG] [mixin/]: Adding mixin platform agents for container SecureJarResource(geckolib)
[02May2025 18:42:54.126] [main/DEBUG] [mixin/]: Instancing new MixinPlatformAgentMinecraftForge for SecureJarResource(geckolib)
[02May2025 18:42:54.127] [main/DEBUG] [mixin/]: MixinPlatformAgentMinecraftForge rejected container SecureJarResource(geckolib)
[02May2025 18:42:54.129] [main/DEBUG] [mixin/]: Instancing new MixinPlatformAgentDefault for SecureJarResource(geckolib)
[02May2025 18:42:54.129] [main/DEBUG] [mixin/]: MixinPlatformAgentDefault accepted container SecureJarResource(geckolib)
[02May2025 18:42:54.129] [main/DEBUG] [mixin/]: Processing prepare() for PlatformAgent[MixinPlatformAgentDefault:SecureJarResource(geckolib)]
[02May2025 18:42:54.129] [main/DEBUG] [mixin/]: Registering mixin config: geckolib.mixins.json
[02May2025 18:42:54.134] [main/DEBUG] [mixin/]: Adding mixin platform agents for container SecureJarResource(botarium)
[02May2025 18:42:54.134] [main/DEBUG] [mixin/]: Instancing new MixinPlatformAgentMinecraftForge for SecureJarResource(botarium)
[02May2025 18:42:54.135] [main/DEBUG] [mixin/]: MixinPlatformAgentMinecraftForge rejected container SecureJarResource(botarium)
[02May2025 18:42:54.139] [main/DEBUG] [mixin/]: Instancing new MixinPlatformAgentDefault for SecureJarResource(botarium)
[02May2025 18:42:54.139] [main/DEBUG] [mixin/]: MixinPlatformAgentDefault accepted container SecureJarResource(botarium)
[02May2025 18:42:54.139] [main/DEBUG] [mixin/]: Processing prepare() for PlatformAgent[MixinPlatformAgentDefault:SecureJarResource(botarium)]
[02May2025 18:42:54.139] [main/DEBUG] [mixin/]: Adding mixin platform agents for container SecureJarResource(jei)
[02May2025 18:42:54.140] [main/DEBUG] [mixin/]: Instancing new MixinPlatformAgentMinecraftForge for SecureJarResource(jei)
[02May2025 18:42:54.140] [main/DEBUG] [mixin/]: MixinPlatformAgentMinecraftForge rejected container SecureJarResource(jei)
[02May2025 18:42:54.140] [main/DEBUG] [mixin/]: Instancing new MixinPlatformAgentDefault for SecureJarResource(jei)
[02May2025 18:42:54.140] [main/DEBUG] [mixin/]: MixinPlatformAgentDefault accepted container SecureJarResource(jei)
[02May2025 18:42:54.143] [main/DEBUG] [mixin/]: Processing prepare() for PlatformAgent[MixinPlatformAgentDefault:SecureJarResource(jei)]
[02May2025 18:42:54.143] [main/DEBUG] [mixin/]: Adding mixin platform agents for container SecureJarResource(libraryferret)
[02May2025 18:42:54.143] [main/DEBUG] [mixin/]: Instancing new MixinPlatformAgentMinecraftForge for SecureJarResource(libraryferret)
[02May2025 18:42:54.143] [main/DEBUG] [mixin/]: MixinPlatformAgentMinecraftForge rejected container SecureJarResource(libraryferret)
[02May2025 18:42:54.143] [main/DEBUG] [mixin/]: Instancing new MixinPlatformAgentDefault for SecureJarResource(libraryferret)
[02May2025 18:42:54.143] [main/DEBUG] [mixin/]: MixinPlatformAgentDefault accepted container SecureJarResource(libraryferret)
[02May2025 18:42:54.143] [main/DEBUG] [mixin/]: Processing prepare() for PlatformAgent[MixinPlatformAgentDefault:SecureJarResource(libraryferret)]
[02May2025 18:42:54.144] [main/DEBUG] [mixin/]: Adding mixin platform agents for container SecureJarResource(sophisticatedcore)
[02May2025 18:42:54.144] [main/DEBUG] [mixin/]: Instancing new MixinPlatformAgentMinecraftForge for SecureJarResource(sophisticatedcore)
[02May2025 18:42:54.144] [main/DEBUG] [mixin/]: MixinPlatformAgentMinecraftForge rejected container SecureJarResource(sophisticatedcore)
[02May2025 18:42:54.144] [main/DEBUG] [mixin/]: Instancing new MixinPlatformAgentDefault for SecureJarResource(sophisticatedcore)
[02May2025 18:42:54.144] [main/DEBUG] [mixin/]: MixinPlatformAgentDefault accepted container SecureJarResource(sophisticatedcore)
[02May2025 18:42:54.144] [main/DEBUG] [mixin/]: Processing prepare() for PlatformAgent[MixinPlatformAgentDefault:SecureJarResource(sophisticatedcore)]
[02May2025 18:42:54.144] [main/DEBUG] [mixin/]: Adding mixin platform agents for container SecureJarResource(rubidium)
[02May2025 18:42:54.147] [main/DEBUG] [mixin/]: Instancing new MixinPlatformAgentMinecraftForge for SecureJarResource(rubidium)
[02May2025 18:42:54.147] [main/DEBUG] [mixin/]: MixinPlatformAgentMinecraftForge rejected container SecureJarResource(rubidium)
[02May2025 18:42:54.147] [main/DEBUG] [mixin/]: Instancing new MixinPlatformAgentDefault for SecureJarResource(rubidium)
[02May2025 18:42:54.147] [main/DEBUG] [mixin/]: MixinPlatformAgentDefault accepted container SecureJarResource(rubidium)
[02May2025 18:42:54.147] [main/DEBUG] [mixin/]: Processing prepare() for PlatformAgent[MixinPlatformAgentDefault:SecureJarResource(rubidium)]
[02May2025 18:42:54.148] [main/DEBUG] [mixin/]: Registering mixin config: rubidium.mixins.json
[02May2025 18:42:54.161] [main/DEBUG] [mixin/]: Registering mixin config: rubidium.compat.mixins.json
[02May2025 18:42:54.171] [main/DEBUG] [mixin/]: Adding mixin platform agents for container SecureJarResource(waystones)
[02May2025 18:42:54.175] [main/DEBUG] [mixin/]: Instancing new MixinPlatformAgentMinecraftForge for SecureJarResource(waystones)
[02May2025 18:42:54.175] [main/DEBUG] [mixin/]: MixinPlatformAgentMinecraftForge rejected container SecureJarResource(waystones)
[02May2025 18:42:54.176] [main/DEBUG] [mixin/]: Instancing new MixinPlatformAgentDefault for SecureJarResource(waystones)
[02May2025 18:42:54.176] [main/DEBUG] [mixin/]: MixinPlatformAgentDefault accepted container SecureJarResource(waystones)
[02May2025 18:42:54.176] [main/DEBUG] [mixin/]: Processing prepare() for PlatformAgent[MixinPlatformAgentDefault:SecureJarResource(waystones)]
[02May2025 18:42:54.176] [main/DEBUG] [mixin/]: Registering mixin config: waystones.mixins.json
[02May2025 18:42:54.181] [main/DEBUG] [mixin/]: Adding mixin platform agents for container SecureJarResource(cookingforblockheads)
[02May2025 18:42:54.181] [main/DEBUG] [mixin/]: Instancing new MixinPlatformAgentMinecraftForge for SecureJarResource(cookingforblockheads)
[02May2025 18:42:54.182] [main/DEBUG] [mixin/]: MixinPlatformAgentMinecraftForge rejected container SecureJarResource(cookingforblockheads)
[02May2025 18:42:54.182] [main/DEBUG] [mixin/]: Instancing new MixinPlatformAgentDefault for SecureJarResource(cookingforblockheads)
[02May2025 18:42:54.182] [main/DEBUG] [mixin/]: MixinPlatformAgentDefault accepted container SecureJarResource(cookingforblockheads)
[02May2025 18:42:54.182] [main/DEBUG] [mixin/]: Processing prepare() for PlatformAgent[MixinPlatformAgentDefault:SecureJarResource(cookingforblockheads)]
[02May2025 18:42:54.182] [main/DEBUG] [mixin/]: Registering mixin config: cookingforblockheads.mixins.json
[02May2025 18:42:54.186] [main/DEBUG] [mixin/]: Adding mixin platform agents for container SecureJarResource(placebo)
[02May2025 18:42:54.187] [main/DEBUG] [mixin/]: Instancing new MixinPlatformAgentMinecraftForge for SecureJarResource(placebo)
[02May2025 18:42:54.187] [main/DEBUG] [mixin/]: MixinPlatformAgentMinecraftForge rejected container SecureJarResource(placebo)
[02May2025 18:42:54.188] [main/DEBUG] [mixin/]: Instancing new MixinPlatformAgentDefault for SecureJarResource(placebo)
[02May2025 18:42:54.188] [main/DEBUG] [mixin/]: MixinPlatformAgentDefault accepted container SecureJarResource(placebo)
[02May2025 18:42:54.188] [main/DEBUG] [mixin/]: Processing prepare() for PlatformAgent[MixinPlatformAgentDefault:SecureJarResource(placebo)]
[02May2025 18:42:54.188] [main/DEBUG] [mixin/]: Registering mixin config: placebo.mixins.json
[02May2025 18:42:54.194] [main/DEBUG] [mixin/]: Adding mixin platform agents for container SecureJarResource(comforts)
[02May2025 18:42:54.195] [main/DEBUG] [mixin/]: Instancing new MixinPlatformAgentMinecraftForge for SecureJarResource(comforts)
[02May2025 18:42:54.200] [main/DEBUG] [mixin/]: MixinPlatformAgentMinecraftForge rejected container SecureJarResource(comforts)
[02May2025 18:42:54.202] [main/DEBUG] [mixin/]: Instancing new MixinPlatformAgentDefault for SecureJarResource(comforts)
[02May2025 18:42:54.202] [main/DEBUG] [mixin/]: MixinPlatformAgentDefault accepted container SecureJarResource(comforts)
[02May2025 18:42:54.202] [main/DEBUG] [mixin/]: Processing prepare() for PlatformAgent[MixinPlatformAgentDefault:SecureJarResource(comforts)]
[02May2025 18:42:54.202] [main/DEBUG] [mixin/]: Registering mixin config: comforts.mixins.json
[02May2025 18:42:54.206] [main/DEBUG] [mixin/]: Adding mixin platform agents for container SecureJarResource(citadel)
[02May2025 18:42:54.206] [main/DEBUG] [mixin/]: Instancing new MixinPlatformAgentMinecraftForge for SecureJarResource(citadel)
[02May2025 18:42:54.206] [main/DEBUG] [mixin/]: MixinPlatformAgentMinecraftForge rejected container SecureJarResource(citadel)
[02May2025 18:42:54.207] [main/DEBUG] [mixin/]: Instancing new MixinPlatformAgentDefault for SecureJarResource(citadel)
[02May2025 18:42:54.207] [main/DEBUG] [mixin/]: MixinPlatformAgentDefault accepted container SecureJarResource(citadel)
[02May2025 18:42:54.207] [main/DEBUG] [mixin/]: Processing prepare() for PlatformAgent[MixinPlatformAgentDefault:SecureJarResource(citadel)]
[02May2025 18:42:54.209] [main/DEBUG] [mixin/]: Registering mixin config: citadel.mixins.json
[02May2025 18:42:54.213] [main/DEBUG] [mixin/]: Adding mixin platform agents for container SecureJarResource(alexsmobs)
[02May2025 18:42:54.215] [main/DEBUG] [mixin/]: Instancing new MixinPlatformAgentMinecraftForge for SecureJarResource(alexsmobs)
[02May2025 18:42:54.215] [main/DEBUG] [mixin/]: MixinPlatformAgentMinecraftForge rejected container SecureJarResource(alexsmobs)
[02May2025 18:42:54.216] [main/DEBUG] [mixin/]: Instancing new MixinPlatformAgentDefault for SecureJarResource(alexsmobs)
[02May2025 18:42:54.216] [main/DEBUG] [mixin/]: MixinPlatformAgentDefault accepted container SecureJarResource(alexsmobs)
[02May2025 18:42:54.216] [main/DEBUG] [mixin/]: Processing prepare() for PlatformAgent[MixinPlatformAgentDefault:SecureJarResource(alexsmobs)]
[02May2025 18:42:54.217] [main/DEBUG] [mixin/]: Registering mixin config: citadel.mixins.json
[02May2025 18:42:54.217] [main/DEBUG] [mixin/]: Adding mixin platform agents for container SecureJarResource(artifacts)
[02May2025 18:42:54.217] [main/DEBUG] [mixin/]: Instancing new MixinPlatformAgentMinecraftForge for SecureJarResource(artifacts)
[02May2025 18:42:54.217] [main/DEBUG] [mixin/]: MixinPlatformAgentMinecraftForge rejected container SecureJarResource(artifacts)
[02May2025 18:42:54.217] [main/DEBUG] [mixin/]: Instancing new MixinPlatformAgentDefault for SecureJarResource(artifacts)
[02May2025 18:42:54.217] [main/DEBUG] [mixin/]: MixinPlatformAgentDefault accepted container SecureJarResource(artifacts)
[02May2025 18:42:54.217] [main/DEBUG] [mixin/]: Processing prepare() for PlatformAgent[MixinPlatformAgentDefault:SecureJarResource(artifacts)]
[02May2025 18:42:54.217] [main/DEBUG] [mixin/]: Registering mixin config: mixins.artifacts.common.json
[02May2025 18:42:54.221] [main/DEBUG] [mixin/]: Registering mixin config: mixins.artifacts.forge.json
[02May2025 18:42:54.225] [main/DEBUG] [mixin/]: Adding mixin platform agents for container SecureJarResource(yungsapi)
[02May2025 18:42:54.229] [main/DEBUG] [mixin/]: Instancing new MixinPlatformAgentMinecraftForge for SecureJarResource(yungsapi)
[02May2025 18:42:54.229] [main/DEBUG] [mixin/]: MixinPlatformAgentMinecraftForge rejected container SecureJarResource(yungsapi)
[02May2025 18:42:54.229] [main/DEBUG] [mixin/]: Instancing new MixinPlatformAgentDefault for SecureJarResource(yungsapi)
[02May2025 18:42:54.230] [main/DEBUG] [mixin/]: MixinPlatformAgentDefault accepted container SecureJarResource(yungsapi)
[02May2025 18:42:54.230] [main/DEBUG] [mixin/]: Processing prepare() for PlatformAgent[MixinPlatformAgentDefault:SecureJarResource(yungsapi)]
[02May2025 18:42:54.230] [main/DEBUG] [mixin/]: Registering mixin config: yungsapi.mixins.json
[02May2025 18:42:54.235] [main/DEBUG] [mixin/]: Registering mixin config: yungsapi_forge.mixins.json
[02May2025 18:42:54.247] [main/DEBUG] [mixin/]: Adding mixin platform agents for container SecureJarResource(mixinextras)
[02May2025 18:42:54.249] [main/DEBUG] [mixin/]: Instancing new MixinPlatformAgentMinecraftForge for SecureJarResource(mixinextras)
[02May2025 18:42:54.249] [main/DEBUG] [mixin/]: MixinPlatformAgentMinecraftForge rejected container SecureJarResource(mixinextras)
[02May2025 18:42:54.249] [main/DEBUG] [mixin/]: Instancing new MixinPlatformAgentDefault for SecureJarResource(mixinextras)
[02May2025 18:42:54.250] [main/DEBUG] [mixin/]: MixinPlatformAgentDefault accepted container SecureJarResource(mixinextras)
[02May2025 18:42:54.250] [main/DEBUG] [mixin/]: Processing prepare() for PlatformAgent[MixinPlatformAgentDefault:SecureJarResource(mixinextras)]
[02May2025 18:42:54.250] [main/DEBUG] [mixin/]: Registering mixin config: mixinextras.init.mixins.json
[02May2025 18:42:54.255] [main/DEBUG] [mixin/]: Adding mixin platform agents for container SecureJarResource(horrrs_pvz)
[02May2025 18:42:54.255] [main/DEBUG] [mixin/]: Instancing new MixinPlatformAgentMinecraftForge for SecureJarResource(horrrs_pvz)
[02May2025 18:42:54.256] [main/DEBUG] [mixin/]: MixinPlatformAgentMinecraftForge rejected container SecureJarResource(horrrs_pvz)
[02May2025 18:42:54.256] [main/DEBUG] [mixin/]: Instancing new MixinPlatformAgentDefault for SecureJarResource(horrrs_pvz)
[02May2025 18:42:54.256] [main/DEBUG] [mixin/]: MixinPlatformAgentDefault accepted container SecureJarResource(horrrs_pvz)
[02May2025 18:42:54.256] [main/DEBUG] [mixin/]: Processing prepare() for PlatformAgent[MixinPlatformAgentDefault:SecureJarResource(horrrs_pvz)]
[02May2025 18:42:54.257] [main/DEBUG] [mixin/]: Adding mixin platform agents for container SecureJarResource(glitchcore)
[02May2025 18:42:54.257] [main/DEBUG] [mixin/]: Instancing new MixinPlatformAgentMinecraftForge for SecureJarResource(glitchcore)
[02May2025 18:42:54.258] [main/DEBUG] [mixin/]: MixinPlatformAgentMinecraftForge rejected container SecureJarResource(glitchcore)
[02May2025 18:42:54.258] [main/DEBUG] [mixin/]: Instancing new MixinPlatformAgentDefault for SecureJarResource(glitchcore)
[02May2025 18:42:54.258] [main/DEBUG] [mixin/]: MixinPlatformAgentDefault accepted container SecureJarResource(glitchcore)
[02May2025 18:42:54.258] [main/DEBUG] [mixin/]: Processing prepare() for PlatformAgent[MixinPlatformAgentDefault:SecureJarResource(glitchcore)]
[02May2025 18:42:54.258] [main/DEBUG] [mixin/]: Registering mixin config: glitchcore.mixins.json
[02May2025 18:42:54.262] [main/DEBUG] [mixin/]: Registering mixin config: glitchcore.forge.mixins.json
[02May2025 18:42:54.266] [main/DEBUG] [mixin/]: Adding mixin platform agents for container SecureJarResource(sophisticatedbackpacks)
[02May2025 18:42:54.266] [main/DEBUG] [mixin/]: Instancing new MixinPlatformAgentMinecraftForge for SecureJarResource(sophisticatedbackpacks)
[02May2025 18:42:54.267] [main/DEBUG] [mixin/]: MixinPlatformAgentMinecraftForge rejected container SecureJarResource(sophisticatedbackpacks)
[02May2025 18:42:54.267] [main/DEBUG] [mixin/]: Instancing new MixinPlatformAgentDefault for SecureJarResource(sophisticatedbackpacks)
[02May2025 18:42:54.267] [main/DEBUG] [mixin/]: MixinPlatformAgentDefault accepted container SecureJarResource(sophisticatedbackpacks)
[02May2025 18:42:54.267] [main/DEBUG] [mixin/]: Processing prepare() for PlatformAgent[MixinPlatformAgentDefault:SecureJarResource(sophisticatedbackpacks)]
[02May2025 18:42:54.267] [main/DEBUG] [mixin/]: Adding mixin platform agents for container SecureJarResource(relics)
[02May2025 18:42:54.267] [main/DEBUG] [mixin/]: Instancing new MixinPlatformAgentMinecraftForge for SecureJarResource(relics)
[02May2025 18:42:54.267] [main/DEBUG] [mixin/]: MixinPlatformAgentMinecraftForge rejected container SecureJarResource(relics)
[02May2025 18:42:54.268] [main/DEBUG] [mixin/]: Instancing new MixinPlatformAgentDefault for SecureJarResource(relics)
[02May2025 18:42:54.268] [main/DEBUG] [mixin/]: MixinPlatformAgentDefault accepted container SecureJarResource(relics)
[02May2025 18:42:54.268] [main/DEBUG] [mixin/]: Processing prepare() for PlatformAgent[MixinPlatformAgentDefault:SecureJarResource(relics)]
[02May2025 18:42:54.268] [main/DEBUG] [mixin/]: Registering mixin config: relics.mixins.json
[02May2025 18:42:54.270] [main/DEBUG] [mixin/]: Compatibility level JAVA_8 specified by relics.mixins.json is lower than the default level supported by the current mixin service (JAVA_16).
[02May2025 18:42:54.270] [main/DEBUG] [mixin/]: Adding mixin platform agents for container SecureJarResource(ldlib)
[02May2025 18:42:54.270] [main/DEBUG] [mixin/]: Instancing new MixinPlatformAgentMinecraftForge for SecureJarResource(ldlib)
[02May2025 18:42:54.270] [main/DEBUG] [mixin/]: MixinPlatformAgentMinecraftForge rejected container SecureJarResource(ldlib)
[02May2025 18:42:54.271] [main/DEBUG] [mixin/]: Instancing new MixinPlatformAgentDefault for SecureJarResource(ldlib)
[02May2025 18:42:54.271] [main/DEBUG] [mixin/]: MixinPlatformAgentDefault accepted container SecureJarResource(ldlib)
[02May2025 18:42:54.271] [main/DEBUG] [mixin/]: Processing prepare() for PlatformAgent[MixinPlatformAgentDefault:SecureJarResource(ldlib)]
[02May2025 18:42:54.271] [main/DEBUG] [mixin/]: Registering mixin config: ldlib-common.mixins.json
[02May2025 18:42:54.281] [main/DEBUG] [mixin/]: Registering mixin config: ldlib.mixins.json
[02May2025 18:42:54.284] [main/DEBUG] [mixin/]: Adding mixin platform agents for container SecureJarResource(balm)
[02May2025 18:42:54.285] [main/DEBUG] [mixin/]: Instancing new MixinPlatformAgentMinecraftForge for SecureJarResource(balm)
[02May2025 18:42:54.285] [main/DEBUG] [mixin/]: MixinPlatformAgentMinecraftForge rejected container SecureJarResource(balm)
[02May2025 18:42:54.286] [main/DEBUG] [mixin/]: Instancing new MixinPlatformAgentDefault for SecureJarResource(balm)
[02May2025 18:42:54.286] [main/DEBUG] [mixin/]: MixinPlatformAgentDefault accepted container SecureJarResource(balm)
[02May2025 18:42:54.286] [main/DEBUG] [mixin/]: Processing prepare() for PlatformAgent[MixinPlatformAgentDefault:SecureJarResource(balm)]
[02May2025 18:42:54.287] [main/DEBUG] [mixin/]: Registering mixin config: balm.mixins.json
[02May2025 18:42:54.289] [main/DEBUG] [mixin/]: Adding mixin platform agents for container SecureJarResource(carryon)
[02May2025 18:42:54.291] [main/DEBUG] [mixin/]: Instancing new MixinPlatformAgentMinecraftForge for SecureJarResource(carryon)
[02May2025 18:42:54.291] [main/DEBUG] [mixin/]: MixinPlatformAgentMinecraftForge rejected container SecureJarResource(carryon)
[02May2025 18:42:54.292] [main/DEBUG] [mixin/]: Instancing new MixinPlatformAgentDefault for SecureJarResource(carryon)
[02May2025 18:42:54.292] [main/DEBUG] [mixin/]: MixinPlatformAgentDefault accepted container SecureJarResource(carryon)
[02May2025 18:42:54.292] [main/DEBUG] [mixin/]: Processing prepare() for PlatformAgent[MixinPlatformAgentDefault:SecureJarResource(carryon)]
[02May2025 18:42:54.292] [main/DEBUG] [mixin/]: Registering mixin config: carryon.mixins.json
[02May2025 18:42:54.297] [main/DEBUG] [mixin/]: Registering mixin config: carryon.forge.mixins.json
[02May2025 18:42:54.301] [main/DEBUG] [mixin/]: Adding mixin platform agents for container SecureJarResource(cloth_config)
[02May2025 18:42:54.302] [main/DEBUG] [mixin/]: Instancing new MixinPlatformAgentMinecraftForge for SecureJarResource(cloth_config)
[02May2025 18:42:54.302] [main/DEBUG] [mixin/]: MixinPlatformAgentMinecraftForge rejected container SecureJarResource(cloth_config)
[02May2025 18:42:54.302] [main/DEBUG] [mixin/]: Instancing new MixinPlatformAgentDefault for SecureJarResource(cloth_config)
[02May2025 18:42:54.302] [main/DEBUG] [mixin/]: MixinPlatformAgentDefault accepted container SecureJarResource(cloth_config)
[02May2025 18:42:54.302] [main/DEBUG] [mixin/]: Processing prepare() for PlatformAgent[MixinPlatformAgentDefault:SecureJarResource(cloth_config)]
[02May2025 18:42:54.302] [main/DEBUG] [mixin/]: Adding mixin platform agents for container SecureJarResource(forge)
[02May2025 18:42:54.302] [main/DEBUG] [mixin/]: Instancing new MixinPlatformAgentMinecraftForge for SecureJarResource(forge)
[02May2025 18:42:54.303] [main/DEBUG] [mixin/]: MixinPlatformAgentMinecraftForge rejected container SecureJarResource(forge)
[02May2025 18:42:54.303] [main/DEBUG] [mixin/]: Instancing new MixinPlatformAgentDefault for SecureJarResource(forge)
[02May2025 18:42:54.303] [main/DEBUG] [mixin/]: MixinPlatformAgentDefault accepted container SecureJarResource(forge)
[02May2025 18:42:54.303] [main/DEBUG] [mixin/]: Processing prepare() for PlatformAgent[MixinPlatformAgentDefault:SecureJarResource(forge)]
[02May2025 18:42:54.303] [main/DEBUG] [mixin/]: Adding mixin platform agents for container SecureJarResource(ironchest)
[02May2025 18:42:54.303] [main/DEBUG] [mixin/]: Instancing new MixinPlatformAgentMinecraftForge for SecureJarResource(ironchest)
[02May2025 18:42:54.303] [main/DEBUG] [mixin/]: MixinPlatformAgentMinecraftForge rejected container SecureJarResource(ironchest)
[02May2025 18:42:54.303] [main/DEBUG] [mixin/]: Instancing new MixinPlatformAgentDefault for SecureJarResource(ironchest)
[02May2025 18:42:54.303] [main/DEBUG] [mixin/]: MixinPlatformAgentDefault accepted container SecureJarResource(ironchest)
[02May2025 18:42:54.303] [main/DEBUG] [mixin/]: Processing prepare() for PlatformAgent[MixinPlatformAgentDefault:SecureJarResource(ironchest)]
[02May2025 18:42:54.303] [main/DEBUG] [mixin/]: Adding mixin platform agents for container SecureJarResource(minecraft)
[02May2025 18:42:54.303] [main/DEBUG] [mixin/]: Instancing new MixinPlatformAgentMinecraftForge for SecureJarResource(minecraft)
[02May2025 18:42:54.303] [main/DEBUG] [mixin/]: MixinPlatformAgentMinecraftForge rejected container SecureJarResource(minecraft)
[02May2025 18:42:54.303] [main/DEBUG] [mixin/]: Instancing new MixinPlatformAgentDefault for SecureJarResource(minecraft)
[02May2025 18:42:54.304] [main/DEBUG] [mixin/]: MixinPlatformAgentDefault accepted container SecureJarResource(minecraft)
[02May2025 18:42:54.305] [main/DEBUG] [mixin/]: Processing prepare() for PlatformAgent[MixinPlatformAgentDefault:SecureJarResource(minecraft)]
[02May2025 18:42:54.305] [main/DEBUG] [mixin/]: Adding mixin platform agents for container SecureJarResource(slugterra)
[02May2025 18:42:54.305] [main/DEBUG] [mixin/]: Instancing new MixinPlatformAgentMinecraftForge for SecureJarResource(slugterra)
[02May2025 18:42:54.305] [main/DEBUG] [mixin/]: MixinPlatformAgentMinecraftForge rejected container SecureJarResource(slugterra)
[02May2025 18:42:54.306] [main/DEBUG] [mixin/]: Instancing new MixinPlatformAgentDefault for SecureJarResource(slugterra)
[02May2025 18:42:54.306] [main/DEBUG] [mixin/]: MixinPlatformAgentDefault accepted container SecureJarResource(slugterra)
[02May2025 18:42:54.307] [main/DEBUG] [mixin/]: Processing prepare() for PlatformAgent[MixinPlatformAgentDefault:SecureJarResource(slugterra)]
[02May2025 18:42:54.308] [main/DEBUG] [mixin/]: Adding mixin platform agents for container SecureJarResource(farmersdelight)
[02May2025 18:42:54.308] [main/DEBUG] [mixin/]: Instancing new MixinPlatformAgentMinecraftForge for SecureJarResource(farmersdelight)
[02May2025 18:42:54.308] [main/DEBUG] [mixin/]: MixinPlatformAgentMinecraftForge rejected container SecureJarResource(farmersdelight)
[02May2025 18:42:54.308] [main/DEBUG] [mixin/]: Instancing new MixinPlatformAgentDefault for SecureJarResource(farmersdelight)
[02May2025 18:42:54.308] [main/DEBUG] [mixin/]: MixinPlatformAgentDefault accepted container SecureJarResource(farmersdelight)
[02May2025 18:42:54.308] [main/DEBUG] [mixin/]: Processing prepare() for PlatformAgent[MixinPlatformAgentDefault:SecureJarResource(farmersdelight)]
[02May2025 18:42:54.309] [main/DEBUG] [mixin/]: Registering mixin config: farmersdelight.mixins.json
[02May2025 18:42:54.314] [main/DEBUG] [mixin/]: Adding mixin platform agents for container SecureJarResource(torchmaster)
[02May2025 18:42:54.315] [main/DEBUG] [mixin/]: Instancing new MixinPlatformAgentMinecraftForge for SecureJarResource(torchmaster)
[02May2025 18:42:54.315] [main/DEBUG] [mixin/]: MixinPlatformAgentMinecraftForge rejected container SecureJarResource(torchmaster)
[02May2025 18:42:54.315] [main/DEBUG] [mixin/]: Instancing new MixinPlatformAgentDefault for SecureJarResource(torchmaster)
[02May2025 18:42:54.315] [main/DEBUG] [mixin/]: MixinPlatformAgentDefault accepted container SecureJarResource(torchmaster)
[02May2025 18:42:54.316] [main/DEBUG] [mixin/]: Processing prepare() for PlatformAgent[MixinPlatformAgentDefault:SecureJarResource(torchmaster)]
[02May2025 18:42:54.316] [main/DEBUG] [mixin/]: Adding mixin platform agents for container SecureJarResource(terrablender)
[02May2025 18:42:54.316] [main/DEBUG] [mixin/]: Instancing new MixinPlatformAgentMinecraftForge for SecureJarResource(terrablender)
[02May2025 18:42:54.317] [main/DEBUG] [mixin/]: MixinPlatformAgentMinecraftForge rejected container SecureJarResource(terrablender)
[02May2025 18:42:54.317] [main/DEBUG] [mixin/]: Instancing new MixinPlatformAgentDefault for SecureJarResource(terrablender)
[02May2025 18:42:54.317] [main/DEBUG] [mixin/]: MixinPlatformAgentDefault accepted container SecureJarResource(terrablender)
[02May2025 18:42:54.317] [main/DEBUG] [mixin/]: Processing prepare() for PlatformAgent[MixinPlatformAgentDefault:SecureJarResource(terrablender)]
[02May2025 18:42:54.317] [main/DEBUG] [mixin/]: Registering mixin config: terrablender.mixins.json
[02May2025 18:42:54.321] [main/DEBUG] [mixin/]: Registering mixin config: terrablender_forge.mixins.json
[02May2025 18:42:54.326] [main/DEBUG] [mixin/]: Adding mixin platform agents for container SecureJarResource(moonlight)
[02May2025 18:42:54.328] [main/DEBUG] [mixin/]: Instancing new MixinPlatformAgentMinecraftForge for SecureJarResource(moonlight)
[02May2025 18:42:54.329] [main/DEBUG] [mixin/]: MixinPlatformAgentMinecraftForge rejected container SecureJarResource(moonlight)
[02May2025 18:42:54.329] [main/DEBUG] [mixin/]: Instancing new MixinPlatformAgentDefault for SecureJarResource(moonlight)
[02May2025 18:42:54.330] [main/DEBUG] [mixin/]: MixinPlatformAgentDefault accepted container SecureJarResource(moonlight)
[02May2025 18:42:54.330] [main/DEBUG] [mixin/]: Processing prepare() for PlatformAgent[MixinPlatformAgentDefault:SecureJarResource(moonlight)]
[02May2025 18:42:54.330] [main/DEBUG] [mixin/]: Registering mixin config: moonlight-common.mixins.json
[02May2025 18:42:54.335] [main/DEBUG] [mixin/]: Registering mixin config: moonlight.mixins.json
[02May2025 18:42:54.339] [main/DEBUG] [mixin/]: Adding mixin platform agents for container SecureJarResource(biomesoplenty)
[02May2025 18:42:54.341] [main/DEBUG] [mixin/]: Instancing new MixinPlatformAgentMinecraftForge for SecureJarResource(biomesoplenty)
[02May2025 18:42:54.341] [main/DEBUG] [mixin/]: MixinPlatformAgentMinecraftForge rejected container SecureJarResource(biomesoplenty)
[02May2025 18:42:54.341] [main/DEBUG] [mixin/]: Instancing new MixinPlatformAgentDefault for SecureJarResource(biomesoplenty)
[02May2025 18:42:54.341] [main/DEBUG] [mixin/]: MixinPlatformAgentDefault accepted container SecureJarResource(biomesoplenty)
[02May2025 18:42:54.341] [main/DEBUG] [mixin/]: Processing prepare() for PlatformAgent[MixinPlatformAgentDefault:SecureJarResource(biomesoplenty)]
[02May2025 18:42:54.341] [main/DEBUG] [mixin/]: Registering mixin config: biomesoplenty.mixins.json
[02May2025 18:42:54.344] [main/DEBUG] [mixin/]: Registering mixin config: biomesoplenty.forge.mixins.json
[02May2025 18:42:54.349] [main/DEBUG] [mixin/]: Adding mixin platform agents for container SecureJarResource(mixinsquared)
[02May2025 18:42:54.350] [main/DEBUG] [mixin/]: Instancing new MixinPlatformAgentMinecraftForge for SecureJarResource(mixinsquared)
[02May2025 18:42:54.350] [main/DEBUG] [mixin/]: MixinPlatformAgentMinecraftForge rejected container SecureJarResource(mixinsquared)
[02May2025 18:42:54.350] [main/DEBUG] [mixin/]: Instancing new MixinPlatformAgentDefault for SecureJarResource(mixinsquared)
[02May2025 18:42:54.350] [main/DEBUG] [mixin/]: MixinPlatformAgentDefault accepted container SecureJarResource(mixinsquared)
[02May2025 18:42:54.350] [main/DEBUG] [mixin/]: Processing prepare() for PlatformAgent[MixinPlatformAgentDefault:SecureJarResource(mixinsquared)]
[02May2025 18:42:54.350] [main/DEBUG] [mixin/]: Registering mixin config: mixinsquared.init.mixins.json
[02May2025 18:42:54.352] [main/DEBUG] [mixin/]: Adding mixin platform agents for container SecureJarResource(jade)
[02May2025 18:42:54.352] [main/DEBUG] [mixin/]: Instancing new MixinPlatformAgentMinecraftForge for SecureJarResource(jade)
[02May2025 18:42:54.352] [main/DEBUG] [mixin/]: MixinPlatformAgentMinecraftForge rejected container SecureJarResource(jade)
[02May2025 18:42:54.353] [main/DEBUG] [mixin/]: Instancing new MixinPlatformAgentDefault for SecureJarResource(jade)
[02May2025 18:42:54.353] [main/DEBUG] [mixin/]: MixinPlatformAgentDefault accepted container SecureJarResource(jade)
[02May2025 18:42:54.353] [main/DEBUG] [mixin/]: Processing prepare() for PlatformAgent[MixinPlatformAgentDefault:SecureJarResource(jade)]
[02May2025 18:42:54.353] [main/DEBUG] [mixin/]: Registering mixin config: jade.mixins.json
[02May2025 18:42:54.355] [main/DEBUG] [mixin/]: Compatibility level JAVA_16 specified by jade.mixins.json is higher than the maximum level supported by this version of mixin (JAVA_13).
[02May2025 18:42:54.355] [main/DEBUG] [mixin/]: Adding mixin platform agents for container SecureJarResource(creativecore)
[02May2025 18:42:54.355] [main/DEBUG] [mixin/]: Instancing new MixinPlatformAgentMinecraftForge for SecureJarResource(creativecore)
[02May2025 18:42:54.355] [main/DEBUG] [mixin/]: MixinPlatformAgentMinecraftForge rejected container SecureJarResource(creativecore)
[02May2025 18:42:54.355] [main/DEBUG] [mixin/]: Instancing new MixinPlatformAgentDefault for SecureJarResource(creativecore)
[02May2025 18:42:54.355] [main/DEBUG] [mixin/]: MixinPlatformAgentDefault accepted container SecureJarResource(creativecore)
[02May2025 18:42:54.356] [main/DEBUG] [mixin/]: Processing prepare() for PlatformAgent[MixinPlatformAgentDefault:SecureJarResource(creativecore)]
[02May2025 18:42:54.356] [main/DEBUG] [mixin/]: Registering mixin config: creativecore.mixins.json
[02May2025 18:42:54.362] [main/DEBUG] [mixin/]: Registering mixin config: creativecore.forge.mixins.json
[02May2025 18:42:54.366] [main/DEBUG] [mixin/]: Adding mixin platform agents for container SecureJarResource(spectrelib)
[02May2025 18:42:54.367] [main/DEBUG] [mixin/]: Instancing new MixinPlatformAgentMinecraftForge for SecureJarResource(spectrelib)
[02May2025 18:42:54.368] [main/DEBUG] [mixin/]: MixinPlatformAgentMinecraftForge rejected container SecureJarResource(spectrelib)
[02May2025 18:42:54.368] [main/DEBUG] [mixin/]: Instancing new MixinPlatformAgentDefault for SecureJarResource(spectrelib)
[02May2025 18:42:54.368] [main/DEBUG] [mixin/]: MixinPlatformAgentDefault accepted container SecureJarResource(spectrelib)
[02May2025 18:42:54.368] [main/DEBUG] [mixin/]: Processing prepare() for PlatformAgent[MixinPlatformAgentDefault:SecureJarResource(spectrelib)]
[02May2025 18:42:54.368] [main/DEBUG] [mixin/]: Adding mixin platform agents for container SecureJarResource(simplefarming)
[02May2025 18:42:54.368] [main/DEBUG] [mixin/]: Instancing new MixinPlatformAgentMinecraftForge for SecureJarResource(simplefarming)
[02May2025 18:42:54.368] [main/DEBUG] [mixin/]: MixinPlatformAgentMinecraftForge rejected container SecureJarResource(simplefarming)
[02May2025 18:42:54.368] [main/DEBUG] [mixin/]: Instancing new MixinPlatformAgentDefault for SecureJarResource(simplefarming)
[02May2025 18:42:54.368] [main/DEBUG] [mixin/]: MixinPlatformAgentDefault accepted container SecureJarResource(simplefarming)
[02May2025 18:42:54.368] [main/DEBUG] [mixin/]: Processing prepare() for PlatformAgent[MixinPlatformAgentDefault:SecureJarResource(simplefarming)]
[02May2025 18:42:54.368] [main/DEBUG] [mixin/]: Adding mixin platform agents for container SecureJarResource(resourcefulconfig)
[02May2025 18:42:54.368] [main/DEBUG] [mixin/]: Instancing new MixinPlatformAgentMinecraftForge for SecureJarResource(resourcefulconfig)
[02May2025 18:42:54.368] [main/DEBUG] [mixin/]: MixinPlatformAgentMinecraftForge rejected container SecureJarResource(resourcefulconfig)
[02May2025 18:42:54.368] [main/DEBUG] [mixin/]: Instancing new MixinPlatformAgentDefault for SecureJarResource(resourcefulconfig)
[02May2025 18:42:54.368] [main/DEBUG] [mixin/]: MixinPlatformAgentDefault accepted container SecureJarResource(resourcefulconfig)
[02May2025 18:42:54.368] [main/DEBUG] [mixin/]: Processing prepare() for PlatformAgent[MixinPlatformAgentDefault:SecureJarResource(resourcefulconfig)]
[02May2025 18:42:54.368] [main/DEBUG] [mixin/]: Adding mixin platform agents for container SecureJarResource(kotlinforforge)
[02May2025 18:42:54.369] [main/DEBUG] [mixin/]: Instancing new MixinPlatformAgentMinecraftForge for SecureJarResource(kotlinforforge)
[02May2025 18:42:54.369] [main/DEBUG] [mixin/]: MixinPlatformAgentMinecraftForge rejected container SecureJarResource(kotlinforforge)
[02May2025 18:42:54.369] [main/DEBUG] [mixin/]: Instancing new MixinPlatformAgentDefault for SecureJarResource(kotlinforforge)
[02May2025 18:42:54.369] [main/DEBUG] [mixin/]: MixinPlatformAgentDefault accepted container SecureJarResource(kotlinforforge)
[02May2025 18:42:54.369] [main/DEBUG] [mixin/]: Processing prepare() for PlatformAgent[MixinPlatformAgentDefault:SecureJarResource(kotlinforforge)]
[02May2025 18:42:54.369] [main/DEBUG] [mixin/]: Adding mixin platform agents for container SecureJarResource(curios)
[02May2025 18:42:54.369] [main/DEBUG] [mixin/]: Instancing new MixinPlatformAgentMinecraftForge for SecureJarResource(curios)
[02May2025 18:42:54.369] [main/DEBUG] [mixin/]: MixinPlatformAgentMinecraftForge rejected container SecureJarResource(curios)
[02May2025 18:42:54.369] [main/DEBUG] [mixin/]: Instancing new MixinPlatformAgentDefault for SecureJarResource(curios)
[02May2025 18:42:54.369] [main/DEBUG] [mixin/]: MixinPlatformAgentDefault accepted container SecureJarResource(curios)
[02May2025 18:42:54.369] [main/DEBUG] [mixin/]: Processing prepare() for PlatformAgent[MixinPlatformAgentDefault:SecureJarResource(curios)]
[02May2025 18:42:54.371] [main/DEBUG] [mixin/]: Registering mixin config: curios.mixins.json
[02May2025 18:42:54.373] [main/DEBUG] [mixin/]: Adding mixin platform agents for container SecureJarResource(zeta)
[02May2025 18:42:54.379] [main/DEBUG] [mixin/]: Instancing new MixinPlatformAgentMinecraftForge for SecureJarResource(zeta)
[02May2025 18:42:54.380] [main/DEBUG] [mixin/]: MixinPlatformAgentMinecraftForge rejected container SecureJarResource(zeta)
[02May2025 18:42:54.380] [main/DEBUG] [mixin/]: Instancing new MixinPlatformAgentDefault for SecureJarResource(zeta)
[02May2025 18:42:54.382] [main/DEBUG] [mixin/]: MixinPlatformAgentDefault accepted container SecureJarResource(zeta)
[02May2025 18:42:54.382] [main/DEBUG] [mixin/]: Processing prepare() for PlatformAgent[MixinPlatformAgentDefault:SecureJarResource(zeta)]
[02May2025 18:42:54.383] [main/DEBUG] [mixin/]: Registering mixin config: zeta.mixins.json
[02May2025 18:42:54.401] [main/DEBUG] [mixin/]: Registering mixin config: zeta_forge.mixins.json
[02May2025 18:42:54.406] [main/DEBUG] [mixin/]: Adding mixin platform agents for container SecureJarResource(quark)
[02May2025 18:42:54.406] [main/DEBUG] [mixin/]: Instancing new MixinPlatformAgentMinecraftForge for SecureJarResource(quark)
[02May2025 18:42:54.407] [main/DEBUG] [mixin/]: MixinPlatformAgentMinecraftForge rejected container SecureJarResource(quark)
[02May2025 18:42:54.407] [main/DEBUG] [mixin/]: Instancing new MixinPlatformAgentDefault for SecureJarResource(quark)
[02May2025 18:42:54.407] [main/DEBUG] [mixin/]: MixinPlatformAgentDefault accepted container SecureJarResource(quark)
[02May2025 18:42:54.407] [main/DEBUG] [mixin/]: Processing prepare() for PlatformAgent[MixinPlatformAgentDefault:SecureJarResource(quark)]
[02May2025 18:42:54.407] [main/DEBUG] [mixin/]: Registering mixin config: quark.mixins.json
[02May2025 18:42:54.456] [main/DEBUG] [mixin/]: Registering mixin config: quark_integrations.mixins.json
[02May2025 18:42:54.491] [main/DEBUG] [mixin/]: Adding mixin platform agents for container SecureJarResource(supplementaries)
[02May2025 18:42:54.491] [main/DEBUG] [mixin/]: Instancing new MixinPlatformAgentMinecraftForge for SecureJarResource(supplementaries)
[02May2025 18:42:54.492] [main/DEBUG] [mixin/]: MixinPlatformAgentMinecraftForge rejected container SecureJarResource(supplementaries)
[02May2025 18:42:54.492] [main/DEBUG] [mixin/]: Instancing new MixinPlatformAgentDefault for SecureJarResource(supplementaries)
[02May2025 18:42:54.492] [main/DEBUG] [mixin/]: MixinPlatformAgentDefault accepted container SecureJarResource(supplementaries)
[02May2025 18:42:54.492] [main/DEBUG] [mixin/]: Processing prepare() for PlatformAgent[MixinPlatformAgentDefault:SecureJarResource(supplementaries)]
[02May2025 18:42:54.492] [main/DEBUG] [mixin/]: Registering mixin config: supplementaries-common.mixins.json
[02May2025 18:42:54.496] [main/DEBUG] [mixin/]: Registering mixin config: supplementaries.mixins.json
[02May2025 18:42:54.504] [main/DEBUG] [mixin/]: Adding mixin platform agents for container SecureJarResource(bettervillage)
[02May2025 18:42:54.504] [main/DEBUG] [mixin/]: Instancing new MixinPlatformAgentMinecraftForge for SecureJarResource(bettervillage)
[02May2025 18:42:54.504] [main/DEBUG] [mixin/]: MixinPlatformAgentMinecraftForge rejected container SecureJarResource(bettervillage)
[02May2025 18:42:54.505] [main/DEBUG] [mixin/]: Instancing new MixinPlatformAgentDefault for SecureJarResource(bettervillage)
[02May2025 18:42:54.505] [main/DEBUG] [mixin/]: MixinPlatformAgentDefault accepted container SecureJarResource(bettervillage)
[02May2025 18:42:54.505] [main/DEBUG] [mixin/]: Processing prepare() for PlatformAgent[MixinPlatformAgentDefault:SecureJarResource(bettervillage)]
[02May2025 18:42:54.505] [main/DEBUG] [mixin/]: Registering mixin config: bettervillage.mixins.json
[02May2025 18:42:54.511] [main/DEBUG] [mixin/]: Adding mixin platform agents for container SecureJarResource(inventoryhud)
[02May2025 18:42:54.511] [main/DEBUG] [mixin/]: Instancing new MixinPlatformAgentMinecraftForge for SecureJarResource(inventoryhud)
[02May2025 18:42:54.511] [main/DEBUG] [mixin/]: MixinPlatformAgentMinecraftForge rejected container SecureJarResource(inventoryhud)
[02May2025 18:42:54.511] [main/DEBUG] [mixin/]: Instancing new MixinPlatformAgentDefault for SecureJarResource(inventoryhud)
[02May2025 18:42:54.511] [main/DEBUG] [mixin/]: MixinPlatformAgentDefault accepted container SecureJarResource(inventoryhud)
[02May2025 18:42:54.511] [main/DEBUG] [mixin/]: Processing prepare() for PlatformAgent[MixinPlatformAgentDefault:SecureJarResource(inventoryhud)]
[02May2025 18:42:54.511] [main/DEBUG] [mixin/]: Adding mixin platform agents for container SecureJarResource(betterstrongholds)
[02May2025 18:42:54.511] [main/DEBUG] [mixin/]: Instancing new MixinPlatformAgentMinecraftForge for SecureJarResource(betterstrongholds)
[02May2025 18:42:54.511] [main/DEBUG] [mixin/]: MixinPlatformAgentMinecraftForge rejected container SecureJarResource(betterstrongholds)
[02May2025 18:42:54.511] [main/DEBUG] [mixin/]: Instancing new MixinPlatformAgentDefault for SecureJarResource(betterstrongholds)
[02May2025 18:42:54.511] [main/DEBUG] [mixin/]: MixinPlatformAgentDefault accepted container SecureJarResource(betterstrongholds)
[02May2025 18:42:54.511] [main/DEBUG] [mixin/]: Processing prepare() for PlatformAgent[MixinPlatformAgentDefault:SecureJarResource(betterstrongholds)]
[02May2025 18:42:54.511] [main/DEBUG] [mixin/]: Registering mixin config: betterstrongholds.mixins.json
[02May2025 18:42:54.518] [main/DEBUG] [mixin/]: Registering mixin config: betterstrongholds_forge.mixins.json
[02May2025 18:42:54.523] [main/DEBUG] [mixin/]: Adding mixin platform agents for container SecureJarResource(tombstone)
[02May2025 18:42:54.524] [main/DEBUG] [mixin/]: Instancing new MixinPlatformAgentMinecraftForge for SecureJarResource(tombstone)
[02May2025 18:42:54.524] [main/DEBUG] [mixin/]: MixinPlatformAgentMinecraftForge rejected container SecureJarResource(tombstone)
[02May2025 18:42:54.524] [main/DEBUG] [mixin/]: Instancing new MixinPlatformAgentDefault for SecureJarResource(tombstone)
[02May2025 18:42:54.524] [main/DEBUG] [mixin/]: MixinPlatformAgentDefault accepted container SecureJarResource(tombstone)
[02May2025 18:42:54.524] [main/DEBUG] [mixin/]: Processing prepare() for PlatformAgent[MixinPlatformAgentDefault:SecureJarResource(tombstone)]
[02May2025 18:42:54.524] [main/DEBUG] [mixin/]: Registering mixin config: tombstone.mixins.json
[02May2025 18:42:54.528] [main/DEBUG] [mixin/]: Adding mixin platform agents for container SecureJarResource(resourcefullib)
[02May2025 18:42:54.528] [main/DEBUG] [mixin/]: Instancing new MixinPlatformAgentMinecraftForge for SecureJarResource(resourcefullib)
[02May2025 18:42:54.528] [main/DEBUG] [mixin/]: MixinPlatformAgentMinecraftForge rejected container SecureJarResource(resourcefullib)
[02May2025 18:42:54.528] [main/DEBUG] [mixin/]: Instancing new MixinPlatformAgentDefault for SecureJarResource(resourcefullib)
[02May2025 18:42:54.528] [main/DEBUG] [mixin/]: MixinPlatformAgentDefault accepted container SecureJarResource(resourcefullib)
[02May2025 18:42:54.528] [main/DEBUG] [mixin/]: Processing prepare() for PlatformAgent[MixinPlatformAgentDefault:SecureJarResource(resourcefullib)]
[02May2025 18:42:54.528] [main/DEBUG] [mixin/]: Adding mixin platform agents for container SecureJarResource(upgradedcore)
[02May2025 18:42:54.528] [main/DEBUG] [mixin/]: Instancing new MixinPlatformAgentMinecraftForge for SecureJarResource(upgradedcore)
[02May2025 18:42:54.528] [main/DEBUG] [mixin/]: MixinPlatformAgentMinecraftForge rejected container SecureJarResource(upgradedcore)
[02May2025 18:42:54.528] [main/DEBUG] [mixin/]: Instancing new MixinPlatformAgentDefault for SecureJarResource(upgradedcore)
[02May2025 18:42:54.528] [main/DEBUG] [mixin/]: MixinPlatformAgentDefault accepted container SecureJarResource(upgradedcore)
[02May2025 18:42:54.528] [main/DEBUG] [mixin/]: Processing prepare() for PlatformAgent[MixinPlatformAgentDefault:SecureJarResource(upgradedcore)]
[02May2025 18:42:54.528] [main/DEBUG] [mixin/]: Adding mixin platform agents for container SecureJarResource(architectury)
[02May2025 18:42:54.528] [main/DEBUG] [mixin/]: Instancing new MixinPlatformAgentMinecraftForge for SecureJarResource(architectury)
[02May2025 18:42:54.528] [main/DEBUG] [mixin/]: MixinPlatformAgentMinecraftForge rejected container SecureJarResource(architectury)
[02May2025 18:42:54.528] [main/DEBUG] [mixin/]: Instancing new MixinPlatformAgentDefault for SecureJarResource(architectury)
[02May2025 18:42:54.529] [main/DEBUG] [mixin/]: MixinPlatformAgentDefault accepted container SecureJarResource(architectury)
[02May2025 18:42:54.529] [main/DEBUG] [mixin/]: Processing prepare() for PlatformAgent[MixinPlatformAgentDefault:SecureJarResource(architectury)]
[02May2025 18:42:54.531] [main/DEBUG] [mixin/]: Registering mixin config: architectury.mixins.json
[02May2025 18:42:54.534] [main/DEBUG] [mixin/]: Compatibility level JAVA_16 specified by architectury.mixins.json is higher than the maximum level supported by this version of mixin (JAVA_13).
[02May2025 18:42:54.535] [main/DEBUG] [mixin/]: Registering mixin config: architectury-common.mixins.json
[02May2025 18:42:54.539] [main/DEBUG] [mixin/]: Compatibility level JAVA_16 specified by architectury-common.mixins.json is higher than the maximum level supported by this version of mixin (JAVA_13).
[02May2025 18:42:54.539] [main/DEBUG] [mixin/]: Adding mixin platform agents for container SecureJarResource(octolib)
[02May2025 18:42:54.539] [main/DEBUG] [mixin/]: Instancing new MixinPlatformAgentMinecraftForge for SecureJarResource(octolib)
[02May2025 18:42:54.539] [main/DEBUG] [mixin/]: MixinPlatformAgentMinecraftForge rejected container SecureJarResource(octolib)
[02May2025 18:42:54.539] [main/DEBUG] [mixin/]: Instancing new MixinPlatformAgentDefault for SecureJarResource(octolib)
[02May2025 18:42:54.539] [main/DEBUG] [mixin/]: MixinPlatformAgentDefault accepted container SecureJarResource(octolib)
[02May2025 18:42:54.539] [main/DEBUG] [mixin/]: Processing prepare() for PlatformAgent[MixinPlatformAgentDefault:SecureJarResource(octolib)]
[02May2025 18:42:54.539] [main/DEBUG] [mixin/]: Adding mixin platform agents for container SecureJarResource(appleskin)
[02May2025 18:42:54.539] [main/DEBUG] [mixin/]: Instancing new MixinPlatformAgentMinecraftForge for SecureJarResource(appleskin)
[02May2025 18:42:54.539] [main/DEBUG] [mixin/]: MixinPlatformAgentMinecraftForge rejected container SecureJarResource(appleskin)
[02May2025 18:42:54.540] [main/DEBUG] [mixin/]: Instancing new MixinPlatformAgentDefault for SecureJarResource(appleskin)
[02May2025 18:42:54.540] [main/DEBUG] [mixin/]: MixinPlatformAgentDefault accepted container SecureJarResource(appleskin)
[02May2025 18:42:54.540] [main/DEBUG] [mixin/]: Processing prepare() for PlatformAgent[MixinPlatformAgentDefault:SecureJarResource(appleskin)]
[02May2025 18:42:54.540] [main/DEBUG] [mixin/]: Adding mixin platform agents for container SecureJarResource(aiimprovements)
[02May2025 18:42:54.540] [main/DEBUG] [mixin/]: Instancing new MixinPlatformAgentMinecraftForge for SecureJarResource(aiimprovements)
[02May2025 18:42:54.540] [main/DEBUG] [mixin/]: MixinPlatformAgentMinecraftForge rejected container SecureJarResource(aiimprovements)
[02May2025 18:42:54.540] [main/DEBUG] [mixin/]: Instancing new MixinPlatformAgentDefault for SecureJarResource(aiimprovements)
[02May2025 18:42:54.540] [main/DEBUG] [mixin/]: MixinPlatformAgentDefault accepted container SecureJarResource(aiimprovements)
[02May2025 18:42:54.540] [main/DEBUG] [mixin/]: Processing prepare() for PlatformAgent[MixinPlatformAgentDefault:SecureJarResource(aiimprovements)]
[02May2025 18:42:54.540] [main/DEBUG] [mixin/]: Adding mixin platform agents for container SecureJarResource(photon)
[02May2025 18:42:54.540] [main/DEBUG] [mixin/]: Instancing new MixinPlatformAgentMinecraftForge for SecureJarResource(photon)
[02May2025 18:42:54.540] [main/DEBUG] [mixin/]: MixinPlatformAgentMinecraftForge rejected container SecureJarResource(photon)
[02May2025 18:42:54.540] [main/DEBUG] [mixin/]: Instancing new MixinPlatformAgentDefault for SecureJarResource(photon)
[02May2025 18:42:54.540] [main/DEBUG] [mixin/]: MixinPlatformAgentDefault accepted container SecureJarResource(photon)
[02May2025 18:42:54.540] [main/DEBUG] [mixin/]: Processing prepare() for PlatformAgent[MixinPlatformAgentDefault:SecureJarResource(photon)]
[02May2025 18:42:54.540] [main/DEBUG] [mixin/]: Registering mixin config: photon-common.mixins.json
[02May2025 18:42:54.553] [main/DEBUG] [mixin/]: Registering mixin config: photon.mixins.json
[02May2025 18:42:54.559] [main/DEBUG] [mixin/]: Adding mixin platform agents for container SecureJarResource(expandability)
[02May2025 18:42:54.559] [main/DEBUG] [mixin/]: Instancing new MixinPlatformAgentMinecraftForge for SecureJarResource(expandability)
[02May2025 18:42:54.559] [main/DEBUG] [mixin/]: MixinPlatformAgentMinecraftForge rejected container SecureJarResource(expandability)
[02May2025 18:42:54.559] [main/DEBUG] [mixin/]: Instancing new MixinPlatformAgentDefault for SecureJarResource(expandability)
[02May2025 18:42:54.559] [main/DEBUG] [mixin/]: MixinPlatformAgentDefault accepted container SecureJarResource(expandability)
[02May2025 18:42:54.559] [main/DEBUG] [mixin/]: Processing prepare() for PlatformAgent[MixinPlatformAgentDefault:SecureJarResource(expandability)]
[02May2025 18:42:54.559] [main/DEBUG] [mixin/]: Registering mixin config: expandability.mixins.json
[02May2025 18:42:54.561] [main/DEBUG] [mixin/]: Registering mixin config: expandability-common.mixins.json
[02May2025 18:42:54.566] [main/DEBUG] [mixin/]: Adding mixin platform agents for container SecureJarResource(bettermineshafts)
[02May2025 18:42:54.566] [main/DEBUG] [mixin/]: Instancing new MixinPlatformAgentMinecraftForge for SecureJarResource(bettermineshafts)
[02May2025 18:42:54.566] [main/DEBUG] [mixin/]: MixinPlatformAgentMinecraftForge rejected container SecureJarResource(bettermineshafts)
[02May2025 18:42:54.566] [main/DEBUG] [mixin/]: Instancing new MixinPlatformAgentDefault for SecureJarResource(bettermineshafts)
[02May2025 18:42:54.566] [main/DEBUG] [mixin/]: MixinPlatformAgentDefault accepted container SecureJarResource(bettermineshafts)
[02May2025 18:42:54.566] [main/DEBUG] [mixin/]: Processing prepare() for PlatformAgent[MixinPlatformAgentDefault:SecureJarResource(bettermineshafts)]
[02May2025 18:42:54.566] [main/DEBUG] [mixin/]: Registering mixin config: bettermineshafts.mixins.json
[02May2025 18:42:54.570] [main/DEBUG] [mixin/]: Registering mixin config: bettermineshafts_forge.mixins.json
[02May2025 18:42:54.578] [main/DEBUG] [mixin/]: Adding mixin platform agents for container SecureJarResource(realmrpg_quests)
[02May2025 18:42:54.578] [main/DEBUG] [mixin/]: Instancing new MixinPlatformAgentMinecraftForge for SecureJarResource(realmrpg_quests)
[02May2025 18:42:54.578] [main/DEBUG] [mixin/]: MixinPlatformAgentMinecraftForge rejected container SecureJarResource(realmrpg_quests)
[02May2025 18:42:54.578] [main/DEBUG] [mixin/]: Instancing new MixinPlatformAgentDefault for SecureJarResource(realmrpg_quests)
[02May2025 18:42:54.578] [main/DEBUG] [mixin/]: MixinPlatformAgentDefault accepted container SecureJarResource(realmrpg_quests)
[02May2025 18:42:54.579] [main/DEBUG] [mixin/]: Processing prepare() for PlatformAgent[MixinPlatformAgentDefault:SecureJarResource(realmrpg_quests)]
[02May2025 18:42:54.579] [main/DEBUG] [mixin/]: Adding mixin platform agents for container SecureJarResource(playerrevive)
[02May2025 18:42:54.579] [main/DEBUG] [mixin/]: Instancing new MixinPlatformAgentMinecraftForge for SecureJarResource(playerrevive)
[02May2025 18:42:54.579] [main/DEBUG] [mixin/]: MixinPlatformAgentMinecraftForge rejected container SecureJarResource(playerrevive)
[02May2025 18:42:54.579] [main/DEBUG] [mixin/]: Instancing new MixinPlatformAgentDefault for SecureJarResource(playerrevive)
[02May2025 18:42:54.579] [main/DEBUG] [mixin/]: MixinPlatformAgentDefault accepted container SecureJarResource(playerrevive)
[02May2025 18:42:54.579] [main/DEBUG] [mixin/]: Processing prepare() for PlatformAgent[MixinPlatformAgentDefault:SecureJarResource(playerrevive)]
[02May2025 18:42:54.579] [main/DEBUG] [mixin/]: Registering mixin config: playerrevive.mixins.json
[02May2025 18:42:54.585] [main/DEBUG] [mixin/]: Adding mixin platform agents for container SecureJarResource(nebs)
[02May2025 18:42:54.585] [main/DEBUG] [mixin/]: Instancing new MixinPlatformAgentMinecraftForge for SecureJarResource(nebs)
[02May2025 18:42:54.586] [main/DEBUG] [mixin/]: MixinPlatformAgentMinecraftForge rejected container SecureJarResource(nebs)
[02May2025 18:42:54.586] [main/DEBUG] [mixin/]: Instancing new MixinPlatformAgentDefault for SecureJarResource(nebs)
[02May2025 18:42:54.586] [main/DEBUG] [mixin/]: MixinPlatformAgentDefault accepted container SecureJarResource(nebs)
[02May2025 18:42:54.586] [main/DEBUG] [mixin/]: Processing prepare() for PlatformAgent[MixinPlatformAgentDefault:SecureJarResource(nebs)]
[02May2025 18:42:54.586] [main/DEBUG] [mixin/]: Adding mixin platform agents for container SecureJarResource(ad_astra)
[02May2025 18:42:54.586] [main/DEBUG] [mixin/]: Instancing new MixinPlatformAgentMinecraftForge for SecureJarResource(ad_astra)
[02May2025 18:42:54.586] [main/DEBUG] [mixin/]: MixinPlatformAgentMinecraftForge rejected container SecureJarResource(ad_astra)
[02May2025 18:42:54.586] [main/DEBUG] [mixin/]: Instancing new MixinPlatformAgentDefault for SecureJarResource(ad_astra)
[02May2025 18:42:54.586] [main/DEBUG] [mixin/]: MixinPlatformAgentDefault accepted container SecureJarResource(ad_astra)
[02May2025 18:42:54.586] [main/DEBUG] [mixin/]: Processing prepare() for PlatformAgent[MixinPlatformAgentDefault:SecureJarResource(ad_astra)]
[02May2025 18:42:54.586] [main/DEBUG] [mixin/]: Registering mixin config: adastra-common.mixins.json
[02May2025 18:42:54.591] [main/DEBUG] [mixin/]: Registering mixin config: adastra.mixins.json
[02May2025 18:42:54.595] [main/DEBUG] [mixin/]: Adding mixin platform agents for container SecureJarResource(mclib)
[02May2025 18:42:54.595] [main/DEBUG] [mixin/]: Instancing new MixinPlatformAgentMinecraftForge for SecureJarResource(mclib)
[02May2025 18:42:54.596] [main/DEBUG] [mixin/]: MixinPlatformAgentMinecraftForge rejected container SecureJarResource(mclib)
[02May2025 18:42:54.596] [main/DEBUG] [mixin/]: Instancing new MixinPlatformAgentDefault for SecureJarResource(mclib)
[02May2025 18:42:54.596] [main/DEBUG] [mixin/]: MixinPlatformAgentDefault accepted container SecureJarResource(mclib)
[02May2025 18:42:54.596] [main/DEBUG] [mixin/]: Processing prepare() for PlatformAgent[MixinPlatformAgentDefault:SecureJarResource(mclib)]
[02May2025 18:42:54.596] [main/DEBUG] [mixin/]: Adding mixin platform agents for container SecureJarResource(jlayer)
[02May2025 18:42:54.597] [main/DEBUG] [mixin/]: Instancing new MixinPlatformAgentMinecraftForge for SecureJarResource(jlayer)
[02May2025 18:42:54.597] [main/DEBUG] [mixin/]: MixinPlatformAgentMinecraftForge rejected container SecureJarResource(jlayer)
[02May2025 18:42:54.597] [main/DEBUG] [mixin/]: Instancing new MixinPlatformAgentDefault for SecureJarResource(jlayer)
[02May2025 18:42:54.598] [main/DEBUG] [mixin/]: MixinPlatformAgentDefault accepted container SecureJarResource(jlayer)
[02May2025 18:42:54.598] [main/DEBUG] [mixin/]: Processing prepare() for PlatformAgent[MixinPlatformAgentDefault:SecureJarResource(jlayer)]
[02May2025 18:42:54.598] [main/DEBUG] [mixin/]: Adding mixin platform agents for container SecureJarResource(bytecodecs)
[02May2025 18:42:54.598] [main/DEBUG] [mixin/]: Instancing new MixinPlatformAgentMinecraftForge for SecureJarResource(bytecodecs)
[02May2025 18:42:54.598] [main/DEBUG] [mixin/]: MixinPlatformAgentMinecraftForge rejected container SecureJarResource(bytecodecs)
[02May2025 18:42:54.598] [main/DEBUG] [mixin/]: Instancing new MixinPlatformAgentDefault for SecureJarResource(bytecodecs)
[02May2025 18:42:54.598] [main/DEBUG] [mixin/]: MixinPlatformAgentDefault accepted container SecureJarResource(bytecodecs)
[02May2025 18:42:54.598] [main/DEBUG] [mixin/]: Processing prepare() for PlatformAgent[MixinPlatformAgentDefault:SecureJarResource(bytecodecs)]
[02May2025 18:42:54.598] [main/DEBUG] [mixin/]: Adding mixin platform agents for container SecureJarResource(org.yaml.snakeyaml)
[02May2025 18:42:54.598] [main/DEBUG] [mixin/]: Instancing new MixinPlatformAgentMinecraftForge for SecureJarResource(org.yaml.snakeyaml)
[02May2025 18:42:54.598] [main/DEBUG] [mixin/]: MixinPlatformAgentMinecraftForge rejected container SecureJarResource(org.yaml.snakeyaml)
[02May2025 18:42:54.599] [main/DEBUG] [mixin/]: Instancing new MixinPlatformAgentDefault for SecureJarResource(org.yaml.snakeyaml)
[02May2025 18:42:54.599] [main/DEBUG] [mixin/]: MixinPlatformAgentDefault accepted container SecureJarResource(org.yaml.snakeyaml)
[02May2025 18:42:54.599] [main/DEBUG] [mixin/]: Processing prepare() for PlatformAgent[MixinPlatformAgentDefault:SecureJarResource(org.yaml.snakeyaml)]
[02May2025 18:42:54.599] [main/DEBUG] [mixin/]: Adding mixin platform agents for container SecureJarResource(MixinSquared)
[02May2025 18:42:54.599] [main/DEBUG] [mixin/]: Instancing new MixinPlatformAgentMinecraftForge for SecureJarResource(MixinSquared)
[02May2025 18:42:54.599] [main/DEBUG] [mixin/]: MixinPlatformAgentMinecraftForge rejected container SecureJarResource(MixinSquared)
[02May2025 18:42:54.599] [main/DEBUG] [mixin/]: Instancing new MixinPlatformAgentDefault for SecureJarResource(MixinSquared)
[02May2025 18:42:54.599] [main/DEBUG] [mixin/]: MixinPlatformAgentDefault accepted container SecureJarResource(MixinSquared)
[02May2025 18:42:54.599] [main/DEBUG] [mixin/]: Processing prepare() for PlatformAgent[MixinPlatformAgentDefault:SecureJarResource(MixinSquared)]
[02May2025 18:42:54.599] [main/DEBUG] [mixin/]: Adding mixin platform agents for container SecureJarResource(thedarkcolour.kotlinforforge.kfflib)
[02May2025 18:42:54.599] [main/DEBUG] [mixin/]: Instancing new MixinPlatformAgentMinecraftForge for SecureJarResource(thedarkcolour.kotlinforforge.kfflib)
[02May2025 18:42:54.599] [main/DEBUG] [mixin/]: MixinPlatformAgentMinecraftForge rejected container SecureJarResource(thedarkcolour.kotlinforforge.kfflib)
[02May2025 18:42:54.599] [main/DEBUG] [mixin/]: Instancing new MixinPlatformAgentDefault for SecureJarResource(thedarkcolour.kotlinforforge.kfflib)
[02May2025 18:42:54.599] [main/DEBUG] [mixin/]: MixinPlatformAgentDefault accepted container SecureJarResource(thedarkcolour.kotlinforforge.kfflib)
[02May2025 18:42:54.599] [main/DEBUG] [mixin/]: Processing prepare() for PlatformAgent[MixinPlatformAgentDefault:SecureJarResource(thedarkcolour.kotlinforforge.kfflib)]
[02May2025 18:42:54.599] [main/DEBUG] [mixin/]: Adding mixin platform agents for container SecureJarResource(yabn)
[02May2025 18:42:54.599] [main/DEBUG] [mixin/]: Instancing new MixinPlatformAgentMinecraftForge for SecureJarResource(yabn)
[02May2025 18:42:54.599] [main/DEBUG] [mixin/]: MixinPlatformAgentMinecraftForge rejected container SecureJarResource(yabn)
[02May2025 18:42:54.599] [main/DEBUG] [mixin/]: Instancing new MixinPlatformAgentDefault for SecureJarResource(yabn)
[02May2025 18:42:54.599] [main/DEBUG] [mixin/]: MixinPlatformAgentDefault accepted container SecureJarResource(yabn)
[02May2025 18:42:54.599] [main/DEBUG] [mixin/]: Processing prepare() for PlatformAgent[MixinPlatformAgentDefault:SecureJarResource(yabn)]
[02May2025 18:42:54.599] [main/DEBUG] [mixin/]: Adding mixin platform agents for container SecureJarResource(MixinExtras)
[02May2025 18:42:54.599] [main/DEBUG] [mixin/]: Instancing new MixinPlatformAgentMinecraftForge for SecureJarResource(MixinExtras)
[02May2025 18:42:54.599] [main/DEBUG] [mixin/]: MixinPlatformAgentMinecraftForge rejected container SecureJarResource(MixinExtras)
[02May2025 18:42:54.599] [main/DEBUG] [mixin/]: Instancing new MixinPlatformAgentDefault for SecureJarResource(MixinExtras)
[02May2025 18:42:54.599] [main/DEBUG] [mixin/]: MixinPlatformAgentDefault accepted container SecureJarResource(MixinExtras)
[02May2025 18:42:54.599] [main/DEBUG] [mixin/]: Processing prepare() for PlatformAgent[MixinPlatformAgentDefault:SecureJarResource(MixinExtras)]
[02May2025 18:42:54.600] [main/DEBUG] [mixin/]: inject() running with 73 agents
[02May2025 18:42:54.600] [main/DEBUG] [mixin/]: Processing inject() for PlatformAgent[MixinPlatformAgentDefault:ModLauncher Root Container(ModLauncher:4f56a0a2)]
[02May2025 18:42:54.600] [main/DEBUG] [mixin/]: Processing inject() for PlatformAgent[MixinPlatformAgentDefault:SecureJarResource(betterdungeons)]
[02May2025 18:42:54.600] [main/DEBUG] [mixin/]: Processing inject() for PlatformAgent[MixinPlatformAgentDefault:SecureJarResource(mowziesmobs)]
[02May2025 18:42:54.600] [main/DEBUG] [mixin/]: Processing inject() for PlatformAgent[MixinPlatformAgentDefault:SecureJarResource(kuma_api)]
[02May2025 18:42:54.600] [main/DEBUG] [mixin/]: Processing inject() for PlatformAgent[MixinPlatformAgentDefault:SecureJarResource(trashslot)]
[02May2025 18:42:54.600] [main/DEBUG] [mixin/]: Processing inject() for PlatformAgent[MixinPlatformAgentDefault:SecureJarResource(geckolib)]
[02May2025 18:42:54.600] [main/DEBUG] [mixin/]: Processing inject() for PlatformAgent[MixinPlatformAgentDefault:SecureJarResource(botarium)]
[02May2025 18:42:54.600] [main/DEBUG] [mixin/]: Processing inject() for PlatformAgent[MixinPlatformAgentDefault:SecureJarResource(jei)]
[02May2025 18:42:54.600] [main/DEBUG] [mixin/]: Processing inject() for PlatformAgent[MixinPlatformAgentDefault:SecureJarResource(libraryferret)]
[02May2025 18:42:54.600] [main/DEBUG] [mixin/]: Processing inject() for PlatformAgent[MixinPlatformAgentDefault:SecureJarResource(sophisticatedcore)]
[02May2025 18:42:54.600] [main/DEBUG] [mixin/]: Processing inject() for PlatformAgent[MixinPlatformAgentDefault:SecureJarResource(rubidium)]
[02May2025 18:42:54.600] [main/DEBUG] [mixin/]: Processing inject() for PlatformAgent[MixinPlatformAgentDefault:SecureJarResource(waystones)]
[02May2025 18:42:54.600] [main/DEBUG] [mixin/]: Processing inject() for PlatformAgent[MixinPlatformAgentDefault:SecureJarResource(cookingforblockheads)]
[02May2025 18:42:54.600] [main/DEBUG] [mixin/]: Processing inject() for PlatformAgent[MixinPlatformAgentDefault:SecureJarResource(placebo)]
[02May2025 18:42:54.600] [main/DEBUG] [mixin/]: Processing inject() for PlatformAgent[MixinPlatformAgentDefault:SecureJarResource(comforts)]
[02May2025 18:42:54.605] [main/DEBUG] [mixin/]: Processing inject() for PlatformAgent[MixinPlatformAgentDefault:SecureJarResource(citadel)]
[02May2025 18:42:54.605] [main/DEBUG] [mixin/]: Processing inject() for PlatformAgent[MixinPlatformAgentDefault:SecureJarResource(alexsmobs)]
[02May2025 18:42:54.605] [main/DEBUG] [mixin/]: Processing inject() for PlatformAgent[MixinPlatformAgentDefault:SecureJarResource(artifacts)]
[02May2025 18:42:54.605] [main/DEBUG] [mixin/]: Processing inject() for PlatformAgent[MixinPlatformAgentDefault:SecureJarResource(yungsapi)]
[02May2025 18:42:54.605] [main/DEBUG] [mixin/]: Processing inject() for PlatformAgent[MixinPlatformAgentDefault:SecureJarResource(mixinextras)]
[02May2025 18:42:54.605] [main/DEBUG] [mixin/]: Processing inject() for PlatformAgent[MixinPlatformAgentDefault:SecureJarResource(horrrs_pvz)]
[02May2025 18:42:54.605] [main/DEBUG] [mixin/]: Processing inject() for PlatformAgent[MixinPlatformAgentDefault:SecureJarResource(glitchcore)]
[02May2025 18:42:54.605] [main/DEBUG] [mixin/]: Processing inject() for PlatformAgent[MixinPlatformAgentDefault:SecureJarResource(sophisticatedbackpacks)]
[02May2025 18:42:54.605] [main/DEBUG] [mixin/]: Processing inject() for PlatformAgent[MixinPlatformAgentDefault:SecureJarResource(relics)]
[02May2025 18:42:54.605] [main/DEBUG] [mixin/]: Processing inject() for PlatformAgent[MixinPlatformAgentDefault:SecureJarResource(ldlib)]
[02May2025 18:42:54.605] [main/DEBUG] [mixin/]: Processing inject() for PlatformAgent[MixinPlatformAgentDefault:SecureJarResource(balm)]
[02May2025 18:42:54.605] [main/DEBUG] [mixin/]: Processing inject() for PlatformAgent[MixinPlatformAgentDefault:SecureJarResource(carryon)]
[02May2025 18:42:54.605] [main/DEBUG] [mixin/]: Processing inject() for PlatformAgent[MixinPlatformAgentDefault:SecureJarResource(cloth_config)]
[02May2025 18:42:54.605] [main/DEBUG] [mixin/]: Processing inject() for PlatformAgent[MixinPlatformAgentDefault:SecureJarResource(forge)]
[02May2025 18:42:54.605] [main/DEBUG] [mixin/]: Processing inject() for PlatformAgent[MixinPlatformAgentDefault:SecureJarResource(ironchest)]
[02May2025 18:42:54.605] [main/DEBUG] [mixin/]: Processing inject() for PlatformAgent[MixinPlatformAgentDefault:SecureJarResource(minecraft)]
[02May2025 18:42:54.605] [main/DEBUG] [mixin/]: Processing inject() for PlatformAgent[MixinPlatformAgentDefault:SecureJarResource(slugterra)]
[02May2025 18:42:54.605] [main/DEBUG] [mixin/]: Processing inject() for PlatformAgent[MixinPlatformAgentDefault:SecureJarResource(farmersdelight)]
[02May2025 18:42:54.605] [main/DEBUG] [mixin/]: Processing inject() for PlatformAgent[MixinPlatformAgentDefault:SecureJarResource(torchmaster)]
[02May2025 18:42:54.605] [main/DEBUG] [mixin/]: Processing inject() for PlatformAgent[MixinPlatformAgentDefault:SecureJarResource(terrablender)]
[02May2025 18:42:54.605] [main/DEBUG] [mixin/]: Processing inject() for PlatformAgent[MixinPlatformAgentDefault:SecureJarResource(moonlight)]
[02May2025 18:42:54.605] [main/DEBUG] [mixin/]: Processing inject() for PlatformAgent[MixinPlatformAgentDefault:SecureJarResource(biomesoplenty)]
[02May2025 18:42:54.606] [main/DEBUG] [mixin/]: Processing inject() for PlatformAgent[MixinPlatformAgentDefault:SecureJarResource(mixinsquared)]
[02May2025 18:42:54.606] [main/DEBUG] [mixin/]: Processing inject() for PlatformAgent[MixinPlatformAgentDefault:SecureJarResource(jade)]
[02May2025 18:42:54.606] [main/DEBUG] [mixin/]: Processing inject() for PlatformAgent[MixinPlatformAgentDefault:SecureJarResource(creativecore)]
[02May2025 18:42:54.606] [main/DEBUG] [mixin/]: Processing inject() for PlatformAgent[MixinPlatformAgentDefault:SecureJarResource(spectrelib)]
[02May2025 18:42:54.606] [main/DEBUG] [mixin/]: Processing inject() for PlatformAgent[MixinPlatformAgentDefault:SecureJarResource(simplefarming)]
[02May2025 18:42:54.606] [main/DEBUG] [mixin/]: Processing inject() for PlatformAgent[MixinPlatformAgentDefault:SecureJarResource(resourcefulconfig)]
[02May2025 18:42:54.606] [main/DEBUG] [mixin/]: Processing inject() for PlatformAgent[MixinPlatformAgentDefault:SecureJarResource(kotlinforforge)]
[02May2025 18:42:54.606] [main/DEBUG] [mixin/]: Processing inject() for PlatformAgent[MixinPlatformAgentDefault:SecureJarResource(curios)]
[02May2025 18:42:54.606] [main/DEBUG] [mixin/]: Processing inject() for PlatformAgent[MixinPlatformAgentDefault:SecureJarResource(zeta)]
[02May2025 18:42:54.607] [main/DEBUG] [mixin/]: Processing inject() for PlatformAgent[MixinPlatformAgentDefault:SecureJarResource(quark)]
[02May2025 18:42:54.607] [main/DEBUG] [mixin/]: Processing inject() for PlatformAgent[MixinPlatformAgentDefault:SecureJarResource(supplementaries)]
[02May2025 18:42:54.607] [main/DEBUG] [mixin/]: Processing inject() for PlatformAgent[MixinPlatformAgentDefault:SecureJarResource(bettervillage)]
[02May2025 18:42:54.607] [main/DEBUG] [mixin/]: Processing inject() for PlatformAgent[MixinPlatformAgentDefault:SecureJarResource(inventoryhud)]
[02May2025 18:42:54.607] [main/DEBUG] [mixin/]: Processing inject() for PlatformAgent[MixinPlatformAgentDefault:SecureJarResource(betterstrongholds)]
[02May2025 18:42:54.607] [main/DEBUG] [mixin/]: Processing inject() for PlatformAgent[MixinPlatformAgentDefault:SecureJarResource(tombstone)]
[02May2025 18:42:54.607] [main/DEBUG] [mixin/]: Processing inject() for PlatformAgent[MixinPlatformAgentDefault:SecureJarResource(resourcefullib)]
[02May2025 18:42:54.607] [main/DEBUG] [mixin/]: Processing inject() for PlatformAgent[MixinPlatformAgentDefault:SecureJarResource(upgradedcore)]
[02May2025 18:42:54.607] [main/DEBUG] [mixin/]: Processing inject() for PlatformAgent[MixinPlatformAgentDefault:SecureJarResource(architectury)]
[02May2025 18:42:54.607] [main/DEBUG] [mixin/]: Processing inject() for PlatformAgent[MixinPlatformAgentDefault:SecureJarResource(octolib)]
[02May2025 18:42:54.608] [main/DEBUG] [mixin/]: Processing inject() for PlatformAgent[MixinPlatformAgentDefault:SecureJarResource(appleskin)]
[02May2025 18:42:54.608] [main/DEBUG] [mixin/]: Processing inject() for PlatformAgent[MixinPlatformAgentDefault:SecureJarResource(aiimprovements)]
[02May2025 18:42:54.608] [main/DEBUG] [mixin/]: Processing inject() for PlatformAgent[MixinPlatformAgentDefault:SecureJarResource(photon)]
[02May2025 18:42:54.608] [main/DEBUG] [mixin/]: Processing inject() for PlatformAgent[MixinPlatformAgentDefault:SecureJarResource(expandability)]
[02May2025 18:42:54.608] [main/DEBUG] [mixin/]: Processing inject() for PlatformAgent[MixinPlatformAgentDefault:SecureJarResource(bettermineshafts)]
[02May2025 18:42:54.608] [main/DEBUG] [mixin/]: Processing inject() for PlatformAgent[MixinPlatformAgentDefault:SecureJarResource(realmrpg_quests)]
[02May2025 18:42:54.608] [main/DEBUG] [mixin/]: Processing inject() for PlatformAgent[MixinPlatformAgentDefault:SecureJarResource(playerrevive)]
[02May2025 18:42:54.608] [main/DEBUG] [mixin/]: Processing inject() for PlatformAgent[MixinPlatformAgentDefault:SecureJarResource(nebs)]
[02May2025 18:42:54.608] [main/DEBUG] [mixin/]: Processing inject() for PlatformAgent[MixinPlatformAgentDefault:SecureJarResource(ad_astra)]
[02May2025 18:42:54.608] [main/DEBUG] [mixin/]: Processing inject() for PlatformAgent[MixinPlatformAgentDefault:SecureJarResource(mclib)]
[02May2025 18:42:54.608] [main/DEBUG] [mixin/]: Processing inject() for PlatformAgent[MixinPlatformAgentDefault:SecureJarResource(jlayer)]
[02May2025 18:42:54.608] [main/DEBUG] [mixin/]: Processing inject() for PlatformAgent[MixinPlatformAgentDefault:SecureJarResource(bytecodecs)]
[02May2025 18:42:54.608] [main/DEBUG] [mixin/]: Processing inject() for PlatformAgent[MixinPlatformAgentDefault:SecureJarResource(org.yaml.snakeyaml)]
[02May2025 18:42:54.608] [main/DEBUG] [mixin/]: Processing inject() for PlatformAgent[MixinPlatformAgentDefault:SecureJarResource(MixinSquared)]
[02May2025 18:42:54.608] [main/DEBUG] [mixin/]: Processing inject() for PlatformAgent[MixinPlatformAgentDefault:SecureJarResource(thedarkcolour.kotlinforforge.kfflib)]
[02May2025 18:42:54.608] [main/DEBUG] [mixin/]: Processing inject() for PlatformAgent[MixinPlatformAgentDefault:SecureJarResource(yabn)]
[02May2025 18:42:54.608] [main/DEBUG] [mixin/]: Processing inject() for PlatformAgent[MixinPlatformAgentDefault:SecureJarResource(MixinExtras)]
[02May2025 18:42:54.608] [main/INFO] [cpw.mods.modlauncher.LaunchServiceHandler/MODLAUNCHER]: Launching target 'forgeserver' with arguments [nogui]
[02May2025 18:42:54.762] [main/DEBUG] [mixin/]: Error cleaning class output directory: .mixin.out
[02May2025 18:42:54.766] [main/DEBUG] [mixin/]: Preparing mixins for MixinEnvironment[DEFAULT]
[02May2025 18:42:54.767] [main/DEBUG] [mixin/]: Selecting config betterdungeons.mixins.json
[02May2025 18:42:54.790] [main/DEBUG] [mixin/]: Selecting config betterdungeons_forge.mixins.json
[02May2025 18:42:54.794] [main/DEBUG] [mixin/]: Selecting config mowziesmobs.mixins.json
[02May2025 18:42:54.802] [main/DEBUG] [mixin/]: Selecting config kuma_api.mixins.json
[02May2025 18:42:54.803] [main/DEBUG] [mixin/]: Selecting config kuma_api.forge.mixins.json
[02May2025 18:42:54.809] [main/DEBUG] [mixin/]: Selecting config trashslot.mixins.json
[02May2025 18:42:54.818] [main/WARN] [mixin/]: Reference map 'trashslot.refmap.json' for trashslot.mixins.json could not be read. If this is a development environment you can ignore this message
[02May2025 18:42:54.822] [main/DEBUG] [mixin/]: Selecting config geckolib.mixins.json
[02May2025 18:42:54.824] [main/DEBUG] [mixin/]: Selecting config rubidium.mixins.json
[02May2025 18:42:54.873] [main/INFO] [Rubidium/]: Loaded configuration file for Rubidium: 41 options available, 0 override(s) found
[02May2025 18:42:54.879] [main/DEBUG] [mixin/]: Selecting config rubidium.compat.mixins.json
[02May2025 18:42:54.893] [main/DEBUG] [mixin/]: Selecting config waystones.mixins.json
[02May2025 18:42:54.897] [main/DEBUG] [mixin/]: Selecting config cookingforblockheads.mixins.json
[02May2025 18:42:54.904] [main/WARN] [mixin/]: Reference map 'cookingforblockheads.refmap.json' for cookingforblockheads.mixins.json could not be read. If this is a development environment you can ignore this message
[02May2025 18:42:54.904] [main/DEBUG] [mixin/]: Selecting config placebo.mixins.json
[02May2025 18:42:54.909] [main/DEBUG] [mixin/]: Selecting config comforts.mixins.json
[02May2025 18:42:54.916] [main/DEBUG] [mixin/]: Selecting config citadel.mixins.json
[02May2025 18:42:54.920] [main/DEBUG] [mixin/]: Selecting config mixins.artifacts.common.json
[02May2025 18:42:54.934] [main/DEBUG] [mixin/]: Selecting config mixins.artifacts.forge.json
[02May2025 18:42:54.939] [main/DEBUG] [mixin/]: Selecting config yungsapi.mixins.json
[02May2025 18:42:54.947] [main/DEBUG] [mixin/]: Selecting config yungsapi_forge.mixins.json
[02May2025 18:42:54.951] [main/DEBUG] [mixin/]: Selecting config mixinextras.init.mixins.json
[02May2025 18:42:55.032] [main/DEBUG] [MixinExtras|Service/]: com.llamalad7.mixinextras.service.MixinExtrasServiceImpl(version=0.4.1) is taking over from null
[02May2025 18:42:55.191] [main/DEBUG] [mixin/]: Registering new injector for @Inject with org.spongepowered.asm.mixin.injection.struct.CallbackInjectionInfo
[02May2025 18:42:55.205] [main/DEBUG] [mixin/]: Registering new injector for @ModifyArg with org.spongepowered.asm.mixin.injection.struct.ModifyArgInjectionInfo
[02May2025 18:42:55.210] [main/DEBUG] [mixin/]: Registering new injector for @ModifyArgs with org.spongepowered.asm.mixin.injection.struct.ModifyArgsInjectionInfo
[02May2025 18:42:55.213] [main/DEBUG] [mixin/]: Registering new injector for @Redirect with org.spongepowered.asm.mixin.injection.struct.RedirectInjectionInfo
[02May2025 18:42:55.217] [main/DEBUG] [mixin/]: Registering new injector for @ModifyVariable with org.spongepowered.asm.mixin.injection.struct.ModifyVariableInjectionInfo
[02May2025 18:42:55.225] [main/DEBUG] [mixin/]: Registering new injector for @ModifyConstant with org.spongepowered.asm.mixin.injection.struct.ModifyConstantInjectionInfo
[02May2025 18:42:55.286] [main/DEBUG] [mixin/]: Selecting config glitchcore.mixins.json
[02May2025 18:42:55.296] [main/DEBUG] [mixin/]: Selecting config glitchcore.forge.mixins.json
[02May2025 18:42:55.299] [main/DEBUG] [mixin/]: Selecting config relics.mixins.json
[02May2025 18:42:55.303] [main/DEBUG] [mixin/]: Selecting config ldlib-common.mixins.json
[02May2025 18:42:55.312] [main/DEBUG] [mixin/]: Selecting config ldlib.mixins.json
[02May2025 18:42:55.315] [main/DEBUG] [mixin/]: Selecting config balm.mixins.json
[02May2025 18:42:55.317] [main/DEBUG] [mixin/]: Selecting config carryon.mixins.json
[02May2025 18:42:55.334] [main/DEBUG] [mixin/]: Selecting config carryon.forge.mixins.json
[02May2025 18:42:55.338] [main/DEBUG] [mixin/]: Selecting config farmersdelight.mixins.json
[02May2025 18:42:55.346] [main/DEBUG] [mixin/]: Selecting config terrablender.mixins.json
[02May2025 18:42:55.351] [main/DEBUG] [mixin/]: Selecting config terrablender_forge.mixins.json
[02May2025 18:42:55.352] [main/DEBUG] [mixin/]: Selecting config moonlight-common.mixins.json
[02May2025 18:42:55.387] [main/DEBUG] [mixin/]: Selecting config moonlight.mixins.json
[02May2025 18:42:55.388] [main/DEBUG] [mixin/]: Selecting config biomesoplenty.mixins.json
[02May2025 18:42:55.415] [main/DEBUG] [mixin/]: Selecting config biomesoplenty.forge.mixins.json
[02May2025 18:42:55.427] [main/DEBUG] [mixin/]: Selecting config mixinsquared.init.mixins.json
[02May2025 18:42:55.461] [main/DEBUG] [mixin/]: Registering new target selector for @mixinsquared:handler with com.bawnorton.mixinsquared.selector.DynamicSelectorHandler
[02May2025 18:42:55.483] [main/DEBUG] [mixin/]: Selecting config jade.mixins.json
[02May2025 18:42:55.486] [main/DEBUG] [mixin/]: Selecting config creativecore.mixins.json
[02May2025 18:42:55.490] [main/DEBUG] [mixin/]: Selecting config creativecore.forge.mixins.json
[02May2025 18:42:55.492] [main/DEBUG] [mixin/]: Selecting config curios.mixins.json
[02May2025 18:42:55.494] [main/DEBUG] [mixin/]: Selecting config zeta.mixins.json
[02May2025 18:42:55.496] [main/DEBUG] [mixin/]: Selecting config zeta_forge.mixins.json
[02May2025 18:42:55.521] [main/DEBUG] [mixin/]: Selecting config quark.mixins.json
[02May2025 18:42:55.543] [main/DEBUG] [mixin/]: Selecting config quark_integrations.mixins.json
[02May2025 18:42:55.553] [main/DEBUG] [mixin/]: Selecting config supplementaries-common.mixins.json
[02May2025 18:42:55.575] [main/DEBUG] [mixin/]: Selecting config supplementaries.mixins.json
[02May2025 18:42:55.596] [main/DEBUG] [mixin/]: Selecting config bettervillage.mixins.json
[02May2025 18:42:55.623] [main/DEBUG] [mixin/]: Selecting config betterstrongholds.mixins.json
[02May2025 18:42:55.629] [main/DEBUG] [mixin/]: Selecting config betterstrongholds_forge.mixins.json
[02May2025 18:42:55.636] [main/DEBUG] [mixin/]: Selecting config tombstone.mixins.json
[02May2025 18:42:55.644] [main/DEBUG] [mixin/]: Selecting config architectury.mixins.json
[02May2025 18:42:55.654] [main/DEBUG] [mixin/]: Selecting config architectury-common.mixins.json
[02May2025 18:42:55.656] [main/DEBUG] [mixin/]: Selecting config photon-common.mixins.json
[02May2025 18:42:55.662] [main/DEBUG] [mixin/]: Selecting config photon.mixins.json
[02May2025 18:42:55.680] [main/DEBUG] [mixin/]: Selecting config expandability.mixins.json
[02May2025 18:42:55.683] [main/DEBUG] [mixin/]: Selecting config expandability-common.mixins.json
[02May2025 18:42:55.691] [main/DEBUG] [mixin/]: Selecting config bettermineshafts.mixins.json
[02May2025 18:42:55.703] [main/DEBUG] [mixin/]: Selecting config bettermineshafts_forge.mixins.json
[02May2025 18:42:55.712] [main/DEBUG] [mixin/]: Selecting config playerrevive.mixins.json
[02May2025 18:42:55.716] [main/DEBUG] [mixin/]: Selecting config adastra-common.mixins.json
[02May2025 18:42:55.722] [main/DEBUG] [mixin/]: Selecting config adastra.mixins.json
[02May2025 18:42:55.728] [main/DEBUG] [mixin/]: Preparing betterdungeons.mixins.json (8)
[02May2025 18:42:55.901] [main/DEBUG] [net.minecraftforge.coremod.transformer.CoreModBaseTransformer/COREMOD]: Transforming net/minecraft/world/level/levelgen/structure/templatesystem/StructureTemplate
[02May2025 18:42:57.168] [main/DEBUG] [mixin/]: Preparing betterdungeons_forge.mixins.json (0)
[02May2025 18:42:57.168] [main/DEBUG] [mixin/]: Preparing mowziesmobs.mixins.json (1)
[02May2025 18:42:57.227] [main/DEBUG] [mixin/]: Preparing kuma_api.mixins.json (1)
[02May2025 18:42:57.227] [main/DEBUG] [mixin/]: Preparing kuma_api.forge.mixins.json (0)
[02May2025 18:42:57.227] [main/DEBUG] [mixin/]: Preparing trashslot.mixins.json (0)
[02May2025 18:42:57.227] [main/DEBUG] [mixin/]: Preparing geckolib.mixins.json (1)
[02May2025 18:42:57.227] [main/DEBUG] [mixin/]: Preparing rubidium.mixins.json (74)
[02May2025 18:42:57.227] [main/DEBUG] [mixin/]: Preparing rubidium.compat.mixins.json (1)
[02May2025 18:42:57.228] [main/DEBUG] [mixin/]: Preparing waystones.mixins.json (3)
[02May2025 18:42:57.280] [main/DEBUG] [mixin/]: Preparing cookingforblockheads.mixins.json (0)
[02May2025 18:42:57.280] [main/DEBUG] [mixin/]: Preparing placebo.mixins.json (6)
[02May2025 18:42:57.378] [main/DEBUG] [net.minecraftforge.coremod.transformer.CoreModBaseTransformer/COREMOD]: Transforming net/minecraft/world/item/ItemStack
[02May2025 18:42:57.440] [main/DEBUG] [net.minecraftforge.coremod.transformer.CoreModBaseTransformer/COREMOD]: Transforming getEnchantmentLevel with desc (Lnet/minecraft/world/item/enchantment/Enchantment;)I
[02May2025 18:42:57.461] [main/INFO] [net.minecraftforge.coremod.CoreMod.placebo/COREMODLOG]: Patching IForgeItemStack#getEnchantmentLevel
[02May2025 18:42:57.492] [main/DEBUG] [net.minecraftforge.coremod.transformer.CoreModBaseTransformer/COREMOD]: Transforming getAllEnchantments with desc ()Ljava/util/Map;
[02May2025 18:42:57.514] [main/INFO] [net.minecraftforge.coremod.CoreMod.placebo/COREMODLOG]: Patching IForgeItemStack#getEnchantmentLevel
[02May2025 18:42:57.664] [main/DEBUG] [mixin/]: Preparing comforts.mixins.json (3)
[02May2025 18:42:57.801] [main/DEBUG] [mixin/]: Preparing citadel.mixins.json (15)
[02May2025 18:42:58.192] [main/DEBUG] [mixin/]: Preparing mixins.artifacts.common.json (21)
[02May2025 18:42:58.290] [main/DEBUG] [net.minecraftforge.coremod.transformer.CoreModBaseTransformer/COREMOD]: Transforming net/minecraft/world/level/NaturalSpawner
[02May2025 18:42:58.681] [main/DEBUG] [net.minecraftforge.coremod.transformer.CoreModBaseTransformer/COREMOD]: Transforming net/minecraft/world/entity/npc/Villager
[02May2025 18:42:59.259] [main/DEBUG] [mixin/]: Preparing mixins.artifacts.forge.json (3)
[02May2025 18:42:59.266] [main/DEBUG] [mixin/]: Preparing yungsapi.mixins.json (11)
[02May2025 18:42:59.272] [main/DEBUG] [yungsapi/]: Loaded com.yungnickyoung.minecraft.yungsapi.services.ForgePlatformHelper@350323a0 for service interface com.yungnickyoung.minecraft.yungsapi.services.IPlatformHelper
[02May2025 18:42:59.274] [main/DEBUG] [yungsapi/]: Loaded com.yungnickyoung.minecraft.yungsapi.services.ForgeAutoRegisterHelper@5111de7c for service interface com.yungnickyoung.minecraft.yungsapi.services.IAutoRegisterHelper
[02May2025 18:42:59.275] [main/DEBUG] [yungsapi/]: Loaded com.yungnickyoung.minecraft.yungsapi.services.ForgeBlockEntityTypeHelper@6075b369 for service interface com.yungnickyoung.minecraft.yungsapi.services.IBlockEntityTypeHelper
[02May2025 18:42:59.277] [main/DEBUG] [yungsapi/]: Loaded com.yungnickyoung.minecraft.yungsapi.services.ForgeParticleTypeHelper@723e2d08 for service interface com.yungnickyoung.minecraft.yungsapi.services.IParticleTypeHelper
[02May2025 18:42:59.338] [main/DEBUG] [mixin/]: Preparing yungsapi_forge.mixins.json (1)
[02May2025 18:42:59.341] [main/DEBUG] [mixin/]: Preparing mixinextras.init.mixins.json (0)
[02May2025 18:42:59.341] [main/DEBUG] [mixin/]: Preparing glitchcore.mixins.json (4)
[02May2025 18:42:59.343] [main/DEBUG] [mixin/]: Preparing glitchcore.forge.mixins.json (7)
[02May2025 18:42:59.356] [main/DEBUG] [mixin/]: Preparing relics.mixins.json (15)
[02May2025 18:42:59.496] [main/ERROR] [net.minecraftforge.fml.loading.RuntimeDistCleaner/DISTXFORM]: Attempted to load class net/minecraft/client/gui/screens/Screen for invalid dist DEDICATED_SERVER
[02May2025 18:42:59.501] [main/WARN] [mixin/]: Error loading class: net/minecraft/client/gui/screens/Screen (java.lang.RuntimeException: Attempted to load class net/minecraft/client/gui/screens/Screen for invalid dist DEDICATED_SERVER)
[02May2025 18:42:59.504] [main/WARN] [mixin/]: @Mixin target net.minecraft.client.gui.screens.Screen was not found relics.mixins.json:ScreenMixin
[02May2025 18:42:59.504] [main/DEBUG] [mixin/]: Preparing ldlib-common.mixins.json (29)
[02May2025 18:42:59.560] [main/DEBUG] [mixin/]: Preparing ldlib.mixins.json (3)
[02May2025 18:42:59.560] [main/DEBUG] [mixin/]: Preparing balm.mixins.json (16)
[02May2025 18:42:59.603] [main/DEBUG] [mixin/]: Preparing carryon.mixins.json (5)
[02May2025 18:42:59.624] [main/DEBUG] [mixin/]: Preparing carryon.forge.mixins.json (0)
[02May2025 18:42:59.624] [main/DEBUG] [mixin/]: Preparing farmersdelight.mixins.json (9)
[02May2025 18:42:59.676] [main/DEBUG] [mixin/]: Preparing terrablender.mixins.json (7)
[02May2025 18:42:59.743] [main/DEBUG] [mixin/]: Preparing terrablender_forge.mixins.json (0)
[02May2025 18:42:59.745] [main/DEBUG] [mixin/]: Preparing moonlight-common.mixins.json (36)
[02May2025 18:42:59.966] [main/DEBUG] [mixin/]: Preparing moonlight.mixins.json (11)
[02May2025 18:43:00.010] [main/DEBUG] [mixin/]: Preparing biomesoplenty.mixins.json (0)
[02May2025 18:43:00.010] [main/DEBUG] [mixin/]: Preparing biomesoplenty.forge.mixins.json (2)
[02May2025 18:43:00.020] [main/DEBUG] [mixin/]: Preparing mixinsquared.init.mixins.json (0)
[02May2025 18:43:00.022] [main/DEBUG] [mixin/]: Preparing jade.mixins.json (2)
[02May2025 18:43:00.022] [main/DEBUG] [mixin/]: Preparing creativecore.mixins.json (8)
[02May2025 18:43:00.067] [main/DEBUG] [mixin/]: Preparing creativecore.forge.mixins.json (3)
[02May2025 18:43:00.068] [main/DEBUG] [mixin/]: Preparing curios.mixins.json (13)
[02May2025 18:43:00.106] [main/DEBUG] [mixin/]: Preparing zeta.mixins.json (7)
[02May2025 18:43:00.186] [main/DEBUG] [mixin/]: Preparing zeta_forge.mixins.json (9)
[02May2025 18:43:00.253] [main/DEBUG] [mixin/]: Preparing quark.mixins.json (115)
[02May2025 18:43:00.792] [main/DEBUG] [mixin/]: Preparing quark_integrations.mixins.json (1)
[02May2025 18:43:00.805] [main/WARN] [mixin/]: Error loading class: noobanidus/mods/lootr/config/ConfigManager (java.lang.ClassNotFoundException: noobanidus.mods.lootr.config.ConfigManager)
[02May2025 18:43:00.807] [main/WARN] [mixin/]: @Mixin target noobanidus.mods.lootr.config.ConfigManager was not found quark_integrations.mixins.json:lootr.ConfigManagerMixin
[02May2025 18:43:00.812] [main/DEBUG] [mixin/]: Preparing supplementaries-common.mixins.json (78)
[02May2025 18:43:01.280] [main/DEBUG] [mixin/]: Preparing supplementaries.mixins.json (28)
[02May2025 18:43:01.898] [main/DEBUG] [mixin/]: Preparing bettervillage.mixins.json (2)
[02May2025 18:43:01.909] [main/DEBUG] [mixin/]: Preparing betterstrongholds.mixins.json (2)
[02May2025 18:43:01.911] [main/DEBUG] [mixin/]: Preparing betterstrongholds_forge.mixins.json (0)
[02May2025 18:43:01.911] [main/DEBUG] [mixin/]: Preparing tombstone.mixins.json (27)
[02May2025 18:43:02.005] [main/DEBUG] [mixin/]: Preparing architectury.mixins.json (9)
[02May2025 18:43:02.017] [main/DEBUG] [mixin/]: Preparing architectury-common.mixins.json (10)
[02May2025 18:43:02.041] [main/DEBUG] [net.minecraftforge.coremod.transformer.CoreModBaseTransformer/COREMOD]: Transforming net/minecraft/world/item/BucketItem
[02May2025 18:43:02.079] [main/DEBUG] [net.minecraftforge.coremod.transformer.CoreModBaseTransformer/COREMOD]: Transforming net/minecraft/world/entity/EntityType
[02May2025 18:43:02.319] [main/DEBUG] [net.minecraftforge.coremod.transformer.CoreModBaseTransformer/COREMOD]: Transforming net/minecraft/world/level/block/LiquidBlock
[02May2025 18:43:02.334] [main/DEBUG] [mixin/]: Preparing photon-common.mixins.json (5)
[02May2025 18:43:02.335] [main/DEBUG] [mixin/]: Preparing photon.mixins.json (3)
[02May2025 18:43:02.342] [main/DEBUG] [mixin/]: Preparing expandability.mixins.json (4)
[02May2025 18:43:02.346] [main/DEBUG] [mixin/]: Preparing expandability-common.mixins.json (9)
[02May2025 18:43:02.370] [main/DEBUG] [mixin/]: Preparing bettermineshafts.mixins.json (4)
[02May2025 18:43:02.390] [main/DEBUG] [mixin/]: Preparing bettermineshafts_forge.mixins.json (0)
[02May2025 18:43:02.390] [main/DEBUG] [mixin/]: Preparing playerrevive.mixins.json (5)
[02May2025 18:43:02.401] [main/DEBUG] [mixin/]: Preparing adastra-common.mixins.json (39)
[02May2025 18:43:02.826] [main/DEBUG] [mixin/]: @Mixin target net/minecraft/server/level/ServerLevel$EntityCallbacks is public in adastra-common.mixins.json:common.multipart.ServerLevelEntityCallbacksMixin and should be specified in value
[02May2025 18:43:02.826] [main/DEBUG] [mixin/]: Preparing adastra.mixins.json (5)
[02May2025 18:43:03.361] [main/DEBUG] [mixin/]: Inner class glitchcore/forge/mixin/impl/MixinPacketHandler$1 in glitchcore/forge/mixin/impl/MixinPacketHandler on glitchcore/network/PacketHandler gets unique name glitchcore/network/PacketHandler$Anonymous$d165424f1455455692a14428fb4ce2c9
[02May2025 18:43:03.691] [main/DEBUG] [mixin/]: Inner class net/mehvahdjukaar/supplementaries/mixins/forge/self/SelfFlammableFluidBlockMixin$1 in net/mehvahdjukaar/supplementaries/mixins/forge/self/SelfFlammableFluidBlockMixin on net/mehvahdjukaar/supplementaries/common/fluids/FlammableLiquidBlock gets unique name net/mehvahdjukaar/supplementaries/common/fluids/FlammableLiquidBlock$Anonymous$c947be59e9fe4f4bbb31b5f4ddd74fa6
[02May2025 18:43:03.831] [main/DEBUG] [mixin/]: Inner class earth/terrarium/adastra/mixins/forge/common/CustomDyeableArmorItemMixin$1 in earth/terrarium/adastra/mixins/forge/common/CustomDyeableArmorItemMixin on earth/terrarium/adastra/common/items/armor/base/CustomDyeableArmorItem gets unique name earth/terrarium/adastra/common/items/armor/base/CustomDyeableArmorItem$Anonymous$fc87fb0a7b254b88970ab7cbd340c7ec
[02May2025 18:43:03.835] [main/DEBUG] [mixin/]: Inner class earth/terrarium/adastra/mixins/forge/common/RenderedItemMixin$1 in earth/terrarium/adastra/mixins/forge/common/RenderedItemMixin on earth/terrarium/adastra/common/items/rendered/RenderedItem gets unique name earth/terrarium/adastra/common/items/rendered/RenderedItem$Anonymous$13ad32befed84277a7721dac45e2a01d
[02May2025 18:43:03.836] [main/DEBUG] [mixin/]: Inner class earth/terrarium/adastra/mixins/forge/common/RenderedItemMixin$1 in earth/terrarium/adastra/mixins/forge/common/RenderedItemMixin on earth/terrarium/adastra/common/items/rendered/RenderedBlockItem gets unique name earth/terrarium/adastra/common/items/rendered/RenderedBlockItem$Anonymous$ae4ca69c4393480c8cf711859ec9cf02
[02May2025 18:43:03.836] [main/DEBUG] [mixin/]: Inner class earth/terrarium/adastra/mixins/forge/common/RenderedItemMixin$1 in earth/terrarium/adastra/mixins/forge/common/RenderedItemMixin on earth/terrarium/adastra/common/items/rendered/TooltipRenderedBlockItem gets unique name earth/terrarium/adastra/common/items/rendered/TooltipRenderedBlockItem$Anonymous$ea795ba5574a479fa921dcb00d76df2e
[02May2025 18:43:03.844] [main/DEBUG] [mixin/]: Prepared 408 mixins in 9.075 sec (22.2ms avg) (0ms load, 0ms transform, 0ms plugin)
[02May2025 18:43:03.899] [main/INFO] [MixinExtras|Service/]: Initializing MixinExtras via com.llamalad7.mixinextras.service.MixinExtrasServiceImpl(version=0.4.1).
[02May2025 18:43:03.904] [main/DEBUG] [mixin/]: Registering new injector for @SugarWrapper with com.llamalad7.mixinextras.sugar.impl.SugarWrapperInjectionInfo
[02May2025 18:43:03.909] [main/DEBUG] [mixin/]: Registering new injector for @FactoryRedirectWrapper with com.llamalad7.mixinextras.wrapper.factory.FactoryRedirectWrapperInjectionInfo
[02May2025 18:43:03.916] [main/DEBUG] [mixin/]: Mixing MinecraftServerMixin from citadel.mixins.json into net.minecraft.server.MinecraftServer
[02May2025 18:43:03.938] [main/DEBUG] [mixin/]: Mixing MinecraftServerMixin from balm.mixins.json into net.minecraft.server.MinecraftServer
[02May2025 18:43:03.940] [main/DEBUG] [mixin/]: Renaming synthetic method lambda$reloadResources$0(Ljava/lang/Void;)V to mdcf8a4d$lambda$reloadResources$0$0 in balm.mixins.json:MinecraftServerMixin
[02May2025 18:43:04.334] [main/DEBUG] [mixin/]: Mixing DedicatedServerMixin from tombstone.mixins.json into net.minecraft.server.dedicated.DedicatedServer
[02May2025 18:43:04.401] [main/DEBUG] [io.netty.util.internal.logging.InternalLoggerFactory/]: Using SLF4J as the default logging framework
[02May2025 18:43:04.415] [main/DEBUG] [io.netty.util.ResourceLeakDetector/]: -Dio.netty.leakDetection.level: simple
[02May2025 18:43:04.415] [main/DEBUG] [io.netty.util.ResourceLeakDetector/]: -Dio.netty.leakDetection.targetRecords: 4
[02May2025 18:43:05.321] [main/DEBUG] [oshi.util.FileUtil/]: No oshi.properties file found from ClassLoader cpw.mods.modlauncher.TransformingClassLoader@40ef0af8
[02May2025 18:43:05.323] [main/DEBUG] [oshi.util.FileUtil/]: No oshi.properties file found from ClassLoader jdk.internal.loader.ClassLoaders$AppClassLoader@76ed5528
[02May2025 18:43:05.563] [main/DEBUG] [oshi.util.FileUtil/]: Reading file /proc/self/auxv
[02May2025 18:43:05.568] [main/DEBUG] [oshi.util.FileUtil/]: Reading file /proc/self/auxv
[02May2025 18:43:05.582] [main/DEBUG] [oshi.util.FileUtil/]: Reading file /proc/stat
[02May2025 18:43:05.593] [main/DEBUG] [oshi.util.FileUtil/]: Reading file /sys/devices/system/cpu/cpu0/topology/core_id
[02May2025 18:43:05.593] [main/DEBUG] [oshi.util.FileUtil/]: Reading file /sys/devices/system/cpu/cpu0/topology/core_id
[02May2025 18:43:05.593] [main/DEBUG] [oshi.util.FileUtil/]: Reading file /sys/devices/system/cpu/cpu0/topology/physical_package_id
[02May2025 18:43:05.593] [main/DEBUG] [oshi.util.FileUtil/]: Reading file /sys/devices/system/cpu/cpu0/topology/physical_package_id
[02May2025 18:43:05.594] [main/DEBUG] [oshi.util.FileUtil/]: Reading file /sys/devices/system/cpu/cpu0/cpu_capacity
[02May2025 18:43:05.598] [main/DEBUG] [oshi.util.FileUtil/]: Reading file /sys/devices/system/cpu/cpu1/topology/core_id
[02May2025 18:43:05.599] [main/DEBUG] [oshi.util.FileUtil/]: Reading file /sys/devices/system/cpu/cpu1/topology/core_id
[02May2025 18:43:05.599] [main/DEBUG] [oshi.util.FileUtil/]: Reading file /sys/devices/system/cpu/cpu1/topology/physical_package_id
[02May2025 18:43:05.599] [main/DEBUG] [oshi.util.FileUtil/]: Reading file /sys/devices/system/cpu/cpu1/topology/physical_package_id
[02May2025 18:43:05.599] [main/DEBUG] [oshi.util.FileUtil/]: Reading file /sys/devices/system/cpu/cpu1/cpu_capacity
[02May2025 18:43:05.604] [main/DEBUG] [oshi.util.FileUtil/]: Reading file /proc/cpuinfo
[02May2025 18:43:05.669] [main/DEBUG] [oshi.util.FileUtil/]: Reading file /proc/self/auxv
[02May2025 18:43:05.673] [main/DEBUG] [oshi.util.FileUtil/]: No oshi.architecture.properties file found from ClassLoader cpw.mods.modlauncher.TransformingClassLoader@40ef0af8
[02May2025 18:43:05.676] [main/DEBUG] [oshi.util.FileUtil/]: No oshi.architecture.properties file found from ClassLoader jdk.internal.loader.ClassLoaders$AppClassLoader@76ed5528
[02May2025 18:43:05.709] [main/DEBUG] [oshi.util.FileUtil/]: Reading file /proc/meminfo
[02May2025 18:43:05.710] [main/DEBUG] [oshi.util.FileUtil/]: Reading file /proc/meminfo
[02May2025 18:43:05.723] [main/DEBUG] [mixin/]: Mixing SuppressLogMixin from bettermineshafts.mixins.json into net.minecraft.Util
[02May2025 18:43:06.072] [main/DEBUG] [mixin/]: Mixing MixinBuiltInRegistries from terrablender.mixins.json into net.minecraft.core.registries.BuiltInRegistries
[02May2025 18:43:06.076] [main/DEBUG] [mixin/]: Renaming synthetic method lambda$registerSimple$0(Lnet/minecraft/core/registries/BuiltInRegistries$RegistryBootstrap;Lnet/minecraft/core/Registry;)Ljava/lang/Object; to mdcf8a4d$lambda$registerSimple$0$0 in terrablender.mixins.json:MixinBuiltInRegistries
[02May2025 18:43:06.531] [main/DEBUG] [mixin/]: Mixing inject.MixinGameEvent from architectury-common.mixins.json into net.minecraft.world.level.gameevent.GameEvent
[02May2025 18:43:06.627] [main/DEBUG] [mixin/]: Mixing inject.MixinBlock from architectury-common.mixins.json into net.minecraft.world.level.block.Block
[02May2025 18:43:06.675] [main/DEBUG] [mixin/]: Mixing BlockBehaviourMixin from quark.mixins.json into net.minecraft.world.level.block.state.BlockBehaviour
[02May2025 18:43:06.697] [main/DEBUG] [mixin/]: Mixing fluidcollision.BlockStateBaseMixin from expandability-common.mixins.json into net.minecraft.world.level.block.state.BlockBehaviour$BlockStateBase
[02May2025 18:43:06.777] [main/DEBUG] [mixin/]: Mixing item.umbrella.EntityMixin from mixins.artifacts.common.json into net.minecraft.world.entity.Entity
[02May2025 18:43:06.784] [main/DEBUG] [mixin/]: Mixing item.wearable.aquadashers.EntityMixin from mixins.artifacts.common.json into net.minecraft.world.entity.Entity
[02May2025 18:43:06.843] [main/DEBUG] [mixin/]: Mixing EntityMixin from relics.mixins.json into net.minecraft.world.entity.Entity
[02May2025 18:43:06.843] [main/DEBUG] [mixin/]: relics.mixins.json:EntityMixin: Class version 61 required is higher than the class version supported by the current version of Mixin (JAVA_8 supports class version 52)
[02May2025 18:43:06.894] [main/DEBUG] [mixin/]: Mixing accessor.EntityAccessor from ldlib-common.mixins.json into net.minecraft.world.entity.Entity
[02May2025 18:43:06.908] [main/DEBUG] [mixin/]: Mixing EntityMixin from balm.mixins.json into net.minecraft.world.entity.Entity
[02May2025 18:43:06.920] [main/DEBUG] [mixin/]: Mixing EntityMixin from carryon.mixins.json into net.minecraft.world.entity.Entity
[02May2025 18:43:06.940] [main/DEBUG] [mixin/]: Mixing AccessorEntity from curios.mixins.json into net.minecraft.world.entity.Entity
[02May2025 18:43:06.940] [main/DEBUG] [mixin/]: Mixing EntityMixin from quark.mixins.json into net.minecraft.world.entity.Entity
[02May2025 18:43:06.952] [main/DEBUG] [mixin/]: Mixing EntityMixin from supplementaries-common.mixins.json into net.minecraft.world.entity.Entity
[02May2025 18:43:06.961] [main/DEBUG] [mixin/]: Mixing EntityMixin from tombstone.mixins.json into net.minecraft.world.entity.Entity
[02May2025 18:43:06.986] [main/DEBUG] [mixin/]: Mixing swimming.EntityMixin from expandability.mixins.json into net.minecraft.world.entity.Entity
[02May2025 18:43:06.996] [main/DEBUG] [mixin/]: Mixing swimming.EntityMixin from expandability-common.mixins.json into net.minecraft.world.entity.Entity
[02May2025 18:43:07.104] [main/DEBUG] [mixin/]: Mixing common.EntityBelowWorldMixin from adastra-common.mixins.json into net.minecraft.world.entity.Entity
[02May2025 18:43:07.106] [main/DEBUG] [mixin/]: Renaming synthetic method lambda$adastra$onBelowWorld$0(Lnet/minecraft/server/level/ServerLevel;Lnet/minecraft/world/entity/Entity;Lorg/spongepowered/asm/mixin/injection/callback/CallbackInfo;Lnet/minecraft/resources/ResourceKey;)V to mdcf8a4d$lambda$adastra$onBelowWorld$0$0 in adastra-common.mixins.json:common.EntityBelowWorldMixin
[02May2025 18:43:07.604] [main/DEBUG] [mixin/]: Mixing LivingEntityMixin from citadel.mixins.json into net.minecraft.world.entity.LivingEntity
[02May2025 18:43:07.743] [main/DEBUG] [mixin/]: Mixing accessors.LivingEntityAccessor from mixins.artifacts.common.json into net.minecraft.world.entity.LivingEntity
[02May2025 18:43:07.751] [main/DEBUG] [mixin/]: Mixing item.hurtsound.LivingEntityMixin from mixins.artifacts.common.json into net.minecraft.world.entity.LivingEntity
[02May2025 18:43:07.771] [main/DEBUG] [mixin/]: Mixing item.wearable.chorustotem.LivingEntityMixin from mixins.artifacts.common.json into net.minecraft.world.entity.LivingEntity
[02May2025 18:43:07.865] [main/DEBUG] [mixin/]: Mixing item.wearable.snowshoes.LivingEntityMixin from mixins.artifacts.forge.json into net.minecraft.world.entity.LivingEntity
[02May2025 18:43:07.875] [main/DEBUG] [mixin/]: Mixing LivingEntityMixin from relics.mixins.json into net.minecraft.world.entity.LivingEntity
[02May2025 18:43:07.877] [main/DEBUG] [mixin/]: relics.mixins.json:LivingEntityMixin: Class version 61 required is higher than the class version supported by the current version of Mixin (JAVA_8 supports class version 52)
[02May2025 18:43:07.893] [main/DEBUG] [mixin/]: Mixing MixinLivingEntity from curios.mixins.json into net.minecraft.world.entity.LivingEntity
[02May2025 18:43:07.906] [main/DEBUG] [mixin/]: Mixing accessor.AccessorLivingEntity from quark.mixins.json into net.minecraft.world.entity.LivingEntity
[02May2025 18:43:07.907] [main/DEBUG] [mixin/]: Mixing LivingEntityAccessor from supplementaries-common.mixins.json into net.minecraft.world.entity.LivingEntity
[02May2025 18:43:07.910] [main/DEBUG] [mixin/]: Mixing LivingEntityMixin from supplementaries-common.mixins.json into net.minecraft.world.entity.LivingEntity
[02May2025 18:43:07.973] [main/DEBUG] [net.minecraftforge.coremod.transformer.CoreModBaseTransformer/COREMOD]: Transforming net/minecraft/world/effect/MobEffectInstance
[02May2025 18:43:08.024] [main/DEBUG] [mixin/]: Mixing LivingEntityMixin from supplementaries.mixins.json into net.minecraft.world.entity.LivingEntity
[02May2025 18:43:08.034] [main/DEBUG] [mixin/]: Mixing LivingEntityMixin from tombstone.mixins.json into net.minecraft.world.entity.LivingEntity
[02May2025 18:43:08.129] [main/DEBUG] [mixin/]: Mixing swimming.LivingEntityMixin from expandability.mixins.json into net.minecraft.world.entity.LivingEntity
[02May2025 18:43:08.139] [main/DEBUG] [mixin/]: Mixing swimming.LivingEntityMixin from expandability-common.mixins.json into net.minecraft.world.entity.LivingEntity
[02May2025 18:43:08.158] [main/DEBUG] [mixin/]: Mixing common.EntityBelowWorldMixin from adastra-common.mixins.json into net.minecraft.world.entity.LivingEntity
[02May2025 18:43:08.172] [main/DEBUG] [mixin/]: Mixing common.LivingEntityAccessor from adastra-common.mixins.json into net.minecraft.world.entity.LivingEntity
[02May2025 18:43:08.176] [main/DEBUG] [mixin/]: Mixing common.LivingEntityMixin from adastra-common.mixins.json into net.minecraft.world.entity.LivingEntity
[02May2025 18:43:08.267] [main/DEBUG] [mixin/]: Mixing common.radio.LivingEntityMixin from adastra-common.mixins.json into net.minecraft.world.entity.LivingEntity
[02May2025 18:43:08.918] [main/DEBUG] [mixin/]: Mixing LevelMixin from citadel.mixins.json into net.minecraft.world.level.Level
[02May2025 18:43:08.927] [main/DEBUG] [mixin/]: Mixing common.multipart.LevelMixin from adastra.mixins.json into net.minecraft.world.level.Level
[02May2025 18:43:09.035] [main/DEBUG] [mixin/]: Mixing MixinServerSleepStatus from comforts.mixins.json into net.minecraft.server.level.ServerLevel
[02May2025 18:43:09.045] [main/DEBUG] [mixin/]: Mixing ServerLevelMixin from citadel.mixins.json into net.minecraft.server.level.ServerLevel
[02May2025 18:43:09.049] [main/DEBUG] [mixin/]: Mixing MixinServerLevel from glitchcore.mixins.json into net.minecraft.server.level.ServerLevel
[02May2025 18:43:09.051] [main/DEBUG] [mixin/]: Mixing ServerLevelMixin from moonlight-common.mixins.json into net.minecraft.server.level.ServerLevel
[02May2025 18:43:09.080] [main/DEBUG] [mixin/]: Mixing ServerLevelMixin from supplementaries-common.mixins.json into net.minecraft.server.level.ServerLevel
[02May2025 18:43:09.083] [main/DEBUG] [mixin/]: Discarding sythetic bridge method synthetic in m_6325_ because existing method in supplementaries-common.mixins.json:ServerLevelMixin is compatible
[02May2025 18:43:09.085] [main/DEBUG] [mixin/]: Renaming synthetic method lambda$unluckyLightning$0(Lnet/minecraft/world/entity/LivingEntity;)Z to mdcf8a4d$lambda$unluckyLightning$0$0 in supplementaries-common.mixins.json:ServerLevelMixin
[02May2025 18:43:09.119] [main/DEBUG] [mixin/]: Mixing common.ServerLevelMixin from adastra-common.mixins.json into net.minecraft.server.level.ServerLevel
[02May2025 18:43:09.122] [main/DEBUG] [mixin/]: Renaming synthetic method lambda$adastra$tick$0(JLnet/minecraft/server/level/ServerLevel;)V to mdcf8a4d$lambda$adastra$tick$0$1 in adastra-common.mixins.json:common.ServerLevelMixin
[02May2025 18:43:09.166] [main/DEBUG] [mixin/]: Mixing common.multipart.ServerLevelMixin from adastra-common.mixins.json into net.minecraft.server.level.ServerLevel
[02May2025 18:43:09.467] [main/DEBUG] [mixin/]: Mixing common.gravity.GravityEntityMixin from adastra-common.mixins.json into net.minecraft.world.entity.item.ItemEntity
[02May2025 18:43:09.492] [main/DEBUG] [mixin/]: Mixing AccessorPlayer from comforts.mixins.json into net.minecraft.world.entity.player.Player
[02May2025 18:43:09.492] [main/DEBUG] [mixin/]: Mixing PlayerMixin from carryon.mixins.json into net.minecraft.world.entity.player.Player
[02May2025 18:43:09.497] [main/DEBUG] [mixin/]: Mixing PlayerMixin from supplementaries-common.mixins.json into net.minecraft.world.entity.player.Player
[02May2025 18:43:09.601] [main/DEBUG] [mixin/]: Mixing PlayerProjectileMixin from supplementaries.mixins.json into net.minecraft.world.entity.player.Player
[02May2025 18:43:09.610] [main/DEBUG] [mixin/]: Mixing swimming.PlayerMixin from expandability-common.mixins.json into net.minecraft.world.entity.player.Player
[02May2025 18:43:09.612] [main/DEBUG] [mixin/]: Mixing PlayerMixin from playerrevive.mixins.json into net.minecraft.world.entity.player.Player
[02May2025 18:43:09.619] [main/DEBUG] [mixin/]: Mixing common.PlayerMixin from adastra-common.mixins.json into net.minecraft.world.entity.player.Player
[02May2025 18:43:09.797] [main/DEBUG] [mixin/]: Mixing inject.MixinFluid from architectury-common.mixins.json into net.minecraft.world.level.material.Fluid
[02May2025 18:43:09.807] [main/DEBUG] [mixin/]: Mixing ItemMixin from relics.mixins.json into net.minecraft.world.item.Item
[02May2025 18:43:09.808] [main/DEBUG] [mixin/]: relics.mixins.json:ItemMixin: Class version 61 required is higher than the class version supported by the current version of Mixin (JAVA_8 supports class version 52)
[02May2025 18:43:09.836] [main/DEBUG] [mixin/]: Mixing ItemMixin from moonlight-common.mixins.json into net.minecraft.world.item.Item
[02May2025 18:43:09.842] [main/DEBUG] [mixin/]: Mixing ItemMixin from quark.mixins.json into net.minecraft.world.item.Item
[02May2025 18:43:09.848] [main/DEBUG] [mixin/]: Mixing ItemMixin from tombstone.mixins.json into net.minecraft.world.item.Item
[02May2025 18:43:09.849] [main/DEBUG] [mixin/]: Renaming synthetic method lambda$methodIsFoil$1(Lnet/minecraft/world/item/ItemStack;Lovh/corail/tombstone/api/capability/ISoulConsumer;)Ljava/lang/Boolean; to mdcf8a4d$lambda$methodIsFoil$1$0 in tombstone.mixins.json:ItemMixin
[02May2025 18:43:09.849] [main/DEBUG] [mixin/]: Renaming synthetic method lambda$methodGetName$0(Lnet/minecraft/world/item/ItemStack;Lovh/corail/tombstone/api/capability/ISoulConsumer;)Ljava/lang/Boolean; to mdcf8a4d$lambda$methodGetName$0$1 in tombstone.mixins.json:ItemMixin
[02May2025 18:43:09.901] [main/DEBUG] [mixin/]: Mixing inject.MixinItem from architectury-common.mixins.json into net.minecraft.world.item.Item
[02May2025 18:43:09.963] [main/DEBUG] [mixin/]: Mixing IForgeItemMixin from quark.mixins.json into net.minecraftforge.common.extensions.IForgeItem
[02May2025 18:43:09.975] [main/DEBUG] [net.minecraftforge.coremod.transformer.CoreModBaseTransformer/COREMOD]: Transforming net/minecraft/world/entity/EntityType
[02May2025 18:43:10.155] [main/DEBUG] [mixin/]: Mixing inject.MixinEntityType from architectury-common.mixins.json into net.minecraft.world.entity.EntityType
[02May2025 18:43:10.170] [main/DEBUG] [mixin/]: Mixing EnchantmentMixin from quark.mixins.json into net.minecraft.world.item.enchantment.Enchantment
[02May2025 18:43:10.235] [main/DEBUG] [mixin/]: Mixing PoiMixin from moonlight-common.mixins.json into net.minecraft.world.entity.ai.village.poi.PoiType
[02May2025 18:43:10.298] [main/DEBUG] [mixin/]: Mixing KeepRichSoilGiantTreeMixin from farmersdelight.mixins.json into net.minecraft.world.level.levelgen.feature.Feature
[02May2025 18:43:10.299] [main/DEBUG] [mixin/]: Renaming synthetic method lambda$keepRichSoil$0(Lnet/minecraft/world/level/block/state/BlockState;)Z to mdcf8a4d$lambda$keepRichSoil$0$0 in farmersdelight.mixins.json:KeepRichSoilGiantTreeMixin
[02May2025 18:43:10.390] [main/DEBUG] [mixin/]: Mixing CreativeModeTabsMixin from quark.mixins.json into net.minecraft.world.item.CreativeModeTabs
[02May2025 18:43:10.391] [main/DEBUG] [mixin/]: Renaming synthetic method lambda$quark$filterEnchantments2$1(Lnet/minecraft/world/item/enchantment/Enchantment;)Z to mdcf8a4d$lambda$quark$filterEnchantments2$1$0 in quark.mixins.json:CreativeModeTabsMixin
[02May2025 18:43:10.391] [main/DEBUG] [mixin/]: Renaming synthetic method lambda$quark$filterEnchantments$0(Lnet/minecraft/world/item/enchantment/Enchantment;)Z to mdcf8a4d$lambda$quark$filterEnchantments$0$1 in quark.mixins.json:CreativeModeTabsMixin
[02May2025 18:43:10.489] [main/DEBUG] [mixin/]: Mixing FireBlockMixin from moonlight.mixins.json into net.minecraft.world.level.block.FireBlock
[02May2025 18:43:10.494] [main/DEBUG] [mixin/]: Mixing FireBlockMixin from supplementaries-common.mixins.json into net.minecraft.world.level.block.FireBlock
[02May2025 18:43:10.509] [main/DEBUG] [mixin/]: Mixing FireBlockAccessor from supplementaries.mixins.json into net.minecraft.world.level.block.FireBlock
[02May2025 18:43:10.624] [main/DEBUG] [mixin/]: Mixing ShapesMixin from creativecore.mixins.json into net.minecraft.world.phys.shapes.Shapes
[02May2025 18:43:10.972] [main/DEBUG] [mixin/]: Mixing VoxelShapeAccessor from creativecore.mixins.json into net.minecraft.world.phys.shapes.VoxelShape
[02May2025 18:43:11.575] [main/DEBUG] [net.minecraftforge.coremod.transformer.CoreModBaseTransformer/COREMOD]: Transforming net/minecraft/world/level/block/LiquidBlock
[02May2025 18:43:11.577] [main/DEBUG] [mixin/]: Mixing inject.MixinLiquidBlock from architectury-common.mixins.json into net.minecraft.world.level.block.LiquidBlock
[02May2025 18:43:11.607] [main/DEBUG] [mixin/]: Mixing SpongeBlockMixin from quark.mixins.json into net.minecraft.world.level.block.SpongeBlock
[02May2025 18:43:11.632] [main/DEBUG] [mixin/]: Mixing HalfTransparentBlockMixin from quark.mixins.json into net.minecraft.world.level.block.HalfTransparentBlock
[02May2025 18:43:11.649] [main/DEBUG] [mixin/]: Mixing CuttingBoardDispenserMixin from farmersdelight.mixins.json into net.minecraft.world.level.block.DispenserBlock
[02May2025 18:43:11.667] [main/DEBUG] [mixin/]: Mixing accessor.DispenserBlockAccessor from moonlight-common.mixins.json into net.minecraft.world.level.block.DispenserBlock
[02May2025 18:43:11.670] [main/DEBUG] [mixin/]: Renaming @Accessor method getDispenserRegistry()Ljava/util/Map; to getDispenserRegistry_$md$cf8a4d$0 in moonlight-common.mixins.json:accessor.DispenserBlockAccessor
[02May2025 18:43:11.700] [main/DEBUG] [mixin/]: Mixing PistonBaseBlockMixin from zeta.mixins.json into net.minecraft.world.level.block.piston.PistonBaseBlock
[02May2025 18:43:11.762] [main/DEBUG] [mixin/]: Mixing PistonBaseBlockMixin from quark.mixins.json into net.minecraft.world.level.block.piston.PistonBaseBlock
[02May2025 18:43:11.971] [main/DEBUG] [net.minecraftforge.coremod.transformer.CoreModBaseTransformer/COREMOD]: Transforming net/minecraft/world/level/block/StairBlock
[02May2025 18:43:11.987] [main/DEBUG] [mixin/]: Mixing ChestBlockMixin from tombstone.mixins.json into net.minecraft.world.level.block.ChestBlock
[02May2025 18:43:12.014] [main/DEBUG] [mixin/]: Mixing CropBlockMixin from balm.mixins.json into net.minecraft.world.level.block.CropBlock
[02May2025 18:43:12.050] [main/DEBUG] [mixin/]: Mixing LadderBlockMixin from quark.mixins.json into net.minecraft.world.level.block.LadderBlock
[02May2025 18:43:12.066] [main/DEBUG] [mixin/]: Mixing CeilingHangingSignBlockMixin from quark.mixins.json into net.minecraft.world.level.block.CeilingHangingSignBlock
[02May2025 18:43:12.107] [main/DEBUG] [mixin/]: Mixing common.environment.IceBlockMixin from adastra-common.mixins.json into net.minecraft.world.level.block.IceBlock
[02May2025 18:43:12.159] [main/DEBUG] [mixin/]: Mixing IronBarsBlockMixin from quark.mixins.json into net.minecraft.world.level.block.IronBarsBlock
[02May2025 18:43:12.169] [main/DEBUG] [mixin/]: Mixing IronBarsBlockMixin from supplementaries-common.mixins.json into net.minecraft.world.level.block.IronBarsBlock
[02May2025 18:43:12.221] [main/DEBUG] [mixin/]: Mixing StemBlockMixin from balm.mixins.json into net.minecraft.world.level.block.StemBlock
[02May2025 18:43:12.312] [main/DEBUG] [mixin/]: Mixing TripWireHookBlockMixin from quark.mixins.json into net.minecraft.world.level.block.TripWireHookBlock
[02May2025 18:43:12.358] [main/DEBUG] [mixin/]: Mixing WallBlockMixin from quark.mixins.json into net.minecraft.world.level.block.WallBlock
[02May2025 18:43:12.380] [main/DEBUG] [net.minecraftforge.coremod.transformer.CoreModBaseTransformer/COREMOD]: Transforming net/minecraft/world/level/block/FlowerPotBlock
[02May2025 18:43:12.417] [main/DEBUG] [mixin/]: Mixing AnvilBlockMixin from placebo.mixins.json into net.minecraft.world.level.block.AnvilBlock
[02May2025 18:43:12.430] [main/DEBUG] [mixin/]: Mixing ComparatorBlockMixin from supplementaries-common.mixins.json into net.minecraft.world.level.block.ComparatorBlock
[02May2025 18:43:12.476] [main/DEBUG] [mixin/]: Mixing ObserverBlockMixin from supplementaries-common.mixins.json into net.minecraft.world.level.block.ObserverBlock
[02May2025 18:43:12.488] [main/DEBUG] [mixin/]: Mixing ConcretePowderBlockMixin from quark.mixins.json into net.minecraft.world.level.block.ConcretePowderBlock
[02May2025 18:43:12.510] [main/DEBUG] [mixin/]: Mixing BaseCoralPlantTypeBlockMixin from quark.mixins.json into net.minecraft.world.level.block.BaseCoralPlantTypeBlock
[02May2025 18:43:12.538] [main/DEBUG] [mixin/]: Mixing swimming.BubbleColumnBlockMixin from expandability-common.mixins.json into net.minecraft.world.level.block.BubbleColumnBlock
[02May2025 18:43:12.574] [main/DEBUG] [mixin/]: Mixing LanternBlockMixin from quark.mixins.json into net.minecraft.world.level.block.LanternBlock
[02May2025 18:43:12.582] [main/DEBUG] [mixin/]: Mixing CampfireBaleMixin from farmersdelight.mixins.json into net.minecraft.world.level.block.CampfireBlock
[02May2025 18:43:12.584] [main/DEBUG] [mixin/]: Mixing CampfireBlockMixin from supplementaries-common.mixins.json into net.minecraft.world.level.block.CampfireBlock
[02May2025 18:43:12.640] [main/DEBUG] [mixin/]: Mixing PowderSnowBlockMixin from relics.mixins.json into net.minecraft.world.level.block.PowderSnowBlock
[02May2025 18:43:12.641] [main/DEBUG] [mixin/]: relics.mixins.json:PowderSnowBlockMixin: Class version 61 required is higher than the class version supported by the current version of Mixin (JAVA_8 supports class version 52)
[02May2025 18:43:12.642] [main/DEBUG] [mixin/]: Mixing MixinPowderSnowBlock from curios.mixins.json into net.minecraft.world.level.block.PowderSnowBlock
[02May2025 18:43:12.668] [main/DEBUG] [mixin/]: Mixing common.environment.WeatheringCopperFullBlockMixin from adastra-common.mixins.json into net.minecraft.world.level.block.WeatheringCopperFullBlock
[02May2025 18:43:12.681] [main/DEBUG] [mixin/]: Mixing WeatheringCopperMixin from zeta_forge.mixins.json into net.minecraft.world.level.block.WeatheringCopper
[02May2025 18:43:12.741] [main/DEBUG] [mixin/]: Mixing BlockBehaviourMixin from mowziesmobs.mixins.json into net.minecraft.world.level.block.state.BlockBehaviour$Properties
[02May2025 18:43:12.896] [main/DEBUG] [mixin/]: Mixing common.environment.FlowingFluidMixin from adastra-common.mixins.json into net.minecraft.world.level.material.FlowingFluid
[02May2025 18:43:13.230] [main/DEBUG] [mixin/]: Mixing BlockEntityMixin from ldlib-common.mixins.json into net.minecraft.world.level.block.entity.BlockEntity
[02May2025 18:43:13.283] [main/DEBUG] [mixin/]: Mixing BrushableBlockEntityMixin from tombstone.mixins.json into net.minecraft.world.level.block.entity.BrushableBlockEntity
[02May2025 18:43:13.337] [main/DEBUG] [mixin/]: Mixing FallingBlockEntityMixin from quark.mixins.json into net.minecraft.world.entity.item.FallingBlockEntity
[02May2025 18:43:13.339] [main/DEBUG] [mixin/]: Mixing FallingBlockEntityMixin from supplementaries-common.mixins.json into net.minecraft.world.entity.item.FallingBlockEntity
[02May2025 18:43:13.343] [main/DEBUG] [mixin/]: Mixing MixinFallingBlockEntity from architectury.mixins.json into net.minecraft.world.entity.item.FallingBlockEntity
[02May2025 18:43:13.561] [main/DEBUG] [mixin/]: Mixing accessor.DispenserBlockEntityAccessor from moonlight-common.mixins.json into net.minecraft.world.level.block.entity.DispenserBlockEntity
[02May2025 18:43:14.125] [main/DEBUG] [mixin/]: Mixing AccessorPistonStructureResolver from zeta.mixins.json into net.minecraft.world.level.block.piston.PistonStructureResolver
[02May2025 18:43:14.624] [main/DEBUG] [mixin/]: Mixing PistonBlockEntityMixin from moonlight-common.mixins.json into net.minecraft.world.level.block.piston.PistonMovingBlockEntity
[02May2025 18:43:14.681] [main/DEBUG] [mixin/]: Mixing PistonMovingBlockEntityMixin from quark.mixins.json into net.minecraft.world.level.block.piston.PistonMovingBlockEntity
[02May2025 18:43:14.822] [main/DEBUG] [mixin/]: Mixing KeepRichSoilTreeMixin from farmersdelight.mixins.json into net.minecraft.world.level.levelgen.feature.trunkplacers.TrunkPlacer
[02May2025 18:43:14.823] [main/DEBUG] [mixin/]: Renaming synthetic method lambda$cancelSetDirtIfRichSoil$0(Lnet/minecraft/world/level/block/state/BlockState;)Z to mdcf8a4d$lambda$cancelSetDirtIfRichSoil$0$0 in farmersdelight.mixins.json:KeepRichSoilTreeMixin
[02May2025 18:43:14.919] [main/DEBUG] [mixin/]: Mixing common.gravity.GravityEntityMixin from adastra-common.mixins.json into net.minecraft.world.entity.item.PrimedTnt
[02May2025 18:43:15.519] [main/DEBUG] [mixin/]: Mixing SpawnerBlockEntityMixin from quark.mixins.json into net.minecraft.world.level.block.entity.SpawnerBlockEntity
[02May2025 18:43:15.794] [main/DEBUG] [mixin/]: Mixing AbstractContainerMenuInvoker from placebo.mixins.json into net.minecraft.world.inventory.AbstractContainerMenu
[02May2025 18:43:15.912] [main/DEBUG] [mixin/]: Mixing AbstractContainerMenuMixin from relics.mixins.json into net.minecraft.world.inventory.AbstractContainerMenu
[02May2025 18:43:15.913] [main/DEBUG] [mixin/]: relics.mixins.json:AbstractContainerMenuMixin: Class version 61 required is higher than the class version supported by the current version of Mixin (JAVA_8 supports class version 52)
[02May2025 18:43:15.922] [main/DEBUG] [mixin/]: Mixing accessor.AbstractContainerMenuAccessor from ldlib-common.mixins.json into net.minecraft.world.inventory.AbstractContainerMenu
[02May2025 18:43:16.023] [main/DEBUG] [net.minecraftforge.coremod.transformer.CoreModBaseTransformer/COREMOD]: Transforming net/minecraft/world/item/ItemStack
[02May2025 18:43:16.024] [main/DEBUG] [mixin/]: Mixing ItemStackMixin from placebo.mixins.json into net.minecraft.world.item.ItemStack
[02May2025 18:43:16.025] [main/DEBUG] [mixin/]: Renaming synthetic method lambda$getOrCreate$0(Ljava/util/function/Function;Ljava/util/function/ToIntFunction;Lnet/minecraft/resources/ResourceLocation;)Ldev/shadowsoffire/placebo/util/CachedObject; to mdcf8a4d$lambda$getOrCreate$0$0 in placebo.mixins.json:ItemStackMixin
[02May2025 18:43:16.033] [main/DEBUG] [mixin/]: Mixing MixinItemStack from glitchcore.mixins.json into net.minecraft.world.item.ItemStack
[02May2025 18:43:16.035] [main/DEBUG] [mixin/]: Mixing ItemStackMixin from relics.mixins.json into net.minecraft.world.item.ItemStack
[02May2025 18:43:16.035] [main/DEBUG] [mixin/]: relics.mixins.json:ItemStackMixin: Class version 61 required is higher than the class version supported by the current version of Mixin (JAVA_8 supports class version 52)
[02May2025 18:43:16.037] [main/DEBUG] [mixin/]: Mixing ItemStackMixin from quark.mixins.json into net.minecraft.world.item.ItemStack
[02May2025 18:43:16.069] [main/DEBUG] [mixin/]: Mixing ItemStackMixin from tombstone.mixins.json into net.minecraft.world.item.ItemStack
[02May2025 18:43:16.073] [main/DEBUG] [net.minecraftforge.coremod.transformer.CoreModBaseTransformer/COREMOD]: Transforming getEnchantmentLevel with desc (Lnet/minecraft/world/item/enchantment/Enchantment;)I
[02May2025 18:43:16.073] [main/INFO] [net.minecraftforge.coremod.CoreMod.placebo/COREMODLOG]: Patching IForgeItemStack#getEnchantmentLevel
[02May2025 18:43:16.075] [main/DEBUG] [net.minecraftforge.coremod.transformer.CoreModBaseTransformer/COREMOD]: Transforming getAllEnchantments with desc ()Ljava/util/Map;
[02May2025 18:43:16.077] [main/INFO] [net.minecraftforge.coremod.CoreMod.placebo/COREMODLOG]: Patching IForgeItemStack#getEnchantmentLevel
[02May2025 18:43:16.161] [main/DEBUG] [net.minecraftforge.coremod.transformer.CoreModBaseTransformer/COREMOD]: Transforming getEnchantmentLevel with desc (Lnet/minecraft/world/item/enchantment/Enchantment;)I
[02May2025 18:43:16.161] [main/INFO] [net.minecraftforge.coremod.CoreMod.placebo/COREMODLOG]: Patching IForgeItemStack#getEnchantmentLevel
[02May2025 18:43:16.163] [main/DEBUG] [net.minecraftforge.coremod.transformer.CoreModBaseTransformer/COREMOD]: Transforming getAllEnchantments with desc ()Ljava/util/Map;
[02May2025 18:43:16.163] [main/INFO] [net.minecraftforge.coremod.CoreMod.placebo/COREMODLOG]: Patching IForgeItemStack#getEnchantmentLevel
[02May2025 18:43:16.314] [main/DEBUG] [mixin/]: Mixing accessor.AccessorAbstractArrow from quark.mixins.json into net.minecraft.world.entity.projectile.AbstractArrow
[02May2025 18:43:16.315] [main/DEBUG] [mixin/]: Mixing AbstractArrowMixin from supplementaries-common.mixins.json into net.minecraft.world.entity.projectile.AbstractArrow
[02May2025 18:43:16.319] [main/DEBUG] [mixin/]: Mixing common.gravity.AbstractArrowMixin from adastra-common.mixins.json into net.minecraft.world.entity.projectile.AbstractArrow
[02May2025 18:43:16.514] [main/DEBUG] [mixin/]: Mixing accessors.MobAccessor from mixins.artifacts.common.json into net.minecraft.world.entity.Mob
[02May2025 18:43:16.514] [main/DEBUG] [mixin/]: Mixing EntityMixin from moonlight-common.mixins.json into net.minecraft.world.entity.Mob
[02May2025 18:43:16.515] [main/DEBUG] [mixin/]: Mixing MobMixin from tombstone.mixins.json into net.minecraft.world.entity.Mob
[02May2025 18:43:16.516] [main/DEBUG] [mixin/]: Renaming synthetic method lambda$methodSetTarget$2(Lnet/minecraft/world/entity/LivingEntity;Ljava/util/UUID;)Ljava/lang/Boolean; to mdcf8a4d$lambda$methodSetTarget$2$0 in tombstone.mixins.json:MobMixin
[02May2025 18:43:16.518] [main/DEBUG] [mixin/]: Renaming synthetic method lambda$methodCanBeLeashed$1(Lnet/minecraft/world/entity/player/Player;Ljava/util/UUID;)Ljava/lang/Boolean; to mdcf8a4d$lambda$methodCanBeLeashed$1$1 in tombstone.mixins.json:MobMixin
[02May2025 18:43:16.519] [main/DEBUG] [mixin/]: Renaming synthetic method lambda$methodTick$0(Lnet/minecraft/world/entity/Mob;Lovh/corail/tombstone/api/capability/ISpellCaster;)V to mdcf8a4d$lambda$methodTick$0$2 in tombstone.mixins.json:MobMixin
[02May2025 18:43:16.529] [main/DEBUG] [mixin/]: Mixing common.MobMixin from adastra-common.mixins.json into net.minecraft.world.entity.Mob
[02May2025 18:43:16.665] [main/DEBUG] [mixin/]: Mixing MonsterMixin from tombstone.mixins.json into net.minecraft.world.entity.monster.Monster
[02May2025 18:43:16.852] [main/DEBUG] [mixin/]: Mixing BeaconBlockEntityMixin from quark.mixins.json into net.minecraft.world.level.block.entity.BeaconBlockEntity
[02May2025 18:43:16.983] [main/DEBUG] [mixin/]: Mixing AnvilMenuMixin from quark.mixins.json into net.minecraft.world.inventory.AnvilMenu
[02May2025 18:43:17.311] [main/DEBUG] [mixin/]: Mixing ShulkerBoxBlockEntityMixin from supplementaries-common.mixins.json into net.minecraft.world.level.block.entity.ShulkerBoxBlockEntity
[02May2025 18:43:17.334] [main/DEBUG] [mixin/]: Mixing AnimalMixin from quark.mixins.json into net.minecraft.world.entity.animal.Animal
[02May2025 18:43:17.981] [main/DEBUG] [mixin/]: Mixing LoomMenuMixin from quark.mixins.json into net.minecraft.world.inventory.LoomMenu
[02May2025 18:43:17.982] [main/DEBUG] [mixin/]: Mixing LoomMenuMixin from supplementaries-common.mixins.json into net.minecraft.world.inventory.LoomMenu
[02May2025 18:43:17.993] [main/DEBUG] [mixin/]: Mixing CartographyTableMixin from supplementaries-common.mixins.json into net.minecraft.world.inventory.CartographyTableMenu
[02May2025 18:43:18.001] [main/DEBUG] [mixin/]: Mixing GrindstoneMenuMixin from supplementaries-common.mixins.json into net.minecraft.world.inventory.GrindstoneMenu
[02May2025 18:43:18.012] [main/DEBUG] [mixin/]: Mixing SmithingMenuMixin from citadel.mixins.json into net.minecraft.world.inventory.SmithingMenu
[02May2025 18:43:18.092] [main/DEBUG] [mixin/]: Mixing BeehiveBlockEntityMixin from quark.mixins.json into net.minecraft.world.level.block.entity.BeehiveBlockEntity
[02May2025 18:43:18.403] [main/DEBUG] [mixin/]: Mixing LightningEntityMixin from moonlight-common.mixins.json into net.minecraft.world.entity.LightningBolt
[02May2025 18:43:18.404] [main/DEBUG] [mixin/]: Mixing LightningBoltMixin from quark.mixins.json into net.minecraft.world.entity.LightningBolt
[02May2025 18:43:18.408] [main/DEBUG] [mixin/]: Mixing MixinLightningBolt from architectury-common.mixins.json into net.minecraft.world.entity.LightningBolt
[02May2025 18:43:18.653] [main/DEBUG] [net.minecraftforge.coremod.transformer.CoreModBaseTransformer/COREMOD]: Transforming net/minecraft/world/entity/animal/frog/Tadpole
[02May2025 18:43:18.723] [main/DEBUG] [mixin/]: Mixing BlockItemMixin from moonlight-common.mixins.json into net.minecraft.world.item.BlockItem
[02May2025 18:43:18.725] [main/DEBUG] [mixin/]: Mixing BlockItemMixin from quark.mixins.json into net.minecraft.world.item.BlockItem
[02May2025 18:43:18.727] [main/DEBUG] [mixin/]: Mixing accessor.AccessorBlockItem from quark.mixins.json into net.minecraft.world.item.BlockItem
[02May2025 18:43:18.759] [main/DEBUG] [mixin/]: Mixing ElytraItemMixin from quark.mixins.json into net.minecraft.world.item.ElytraItem
[02May2025 18:43:18.768] [main/DEBUG] [mixin/]: Mixing BowMixin from supplementaries-common.mixins.json into net.minecraft.world.item.BowItem
[02May2025 18:43:18.769] [main/DEBUG] [mixin/]: Renaming synthetic method lambda$getAllSupportedProjectiles$0(Ljava/util/function/Predicate;Lnet/minecraft/world/item/ItemStack;)Z to mdcf8a4d$lambda$getAllSupportedProjectiles$0$0 in supplementaries-common.mixins.json:BowMixin
[02May2025 18:43:18.775] [main/DEBUG] [mixin/]: Mixing ProjectileWeaponItemMixin from supplementaries-common.mixins.json into net.minecraft.world.item.ProjectileWeaponItem
[02May2025 18:43:18.806] [main/DEBUG] [mixin/]: Mixing DiggerItemMixin from quark.mixins.json into net.minecraft.world.item.DiggerItem
[02May2025 18:43:18.820] [main/DEBUG] [mixin/]: Mixing SoupItemMixin from farmersdelight.mixins.json into net.minecraft.world.item.BowlFoodItem
[02May2025 18:43:18.841] [main/DEBUG] [mixin/]: Mixing PaintingItemMixin from supplementaries-common.mixins.json into net.minecraft.world.item.HangingEntityItem
[02May2025 18:43:18.856] [main/DEBUG] [net.minecraftforge.coremod.transformer.CoreModBaseTransformer/COREMOD]: Transforming net/minecraft/world/item/BucketItem
[02May2025 18:43:18.860] [main/DEBUG] [mixin/]: Mixing inject.MixinBucketItem from architectury-common.mixins.json into net.minecraft.world.item.BucketItem
[02May2025 18:43:18.868] [main/DEBUG] [mixin/]: Mixing MobBucketItemAccessor from supplementaries.mixins.json into net.minecraft.world.item.MobBucketItem
[02May2025 18:43:18.875] [main/DEBUG] [mixin/]: Mixing BundleItemMixin from tombstone.mixins.json into net.minecraft.world.item.BundleItem
[02May2025 18:43:18.875] [main/DEBUG] [mixin/]: Renaming synthetic method lambda$getEnchantmentLevel$0(Lnet/minecraft/world/item/ItemStack;Lovh/corail/tombstone/api/capability/ISoulConsumer;)Ljava/lang/Boolean; to mdcf8a4d$lambda$getEnchantmentLevel$0$0 in tombstone.mixins.json:BundleItemMixin
[02May2025 18:43:18.884] [main/DEBUG] [mixin/]: Mixing item.wearable.anglershat.FishingRodItemMixin from mixins.artifacts.common.json into net.minecraft.world.item.FishingRodItem
[02May2025 18:43:18.890] [main/DEBUG] [mixin/]: Mixing InkSackMixin from supplementaries-common.mixins.json into net.minecraft.world.item.InkSacItem
[02May2025 18:43:18.901] [main/DEBUG] [mixin/]: Mixing MapItemMixin from moonlight-common.mixins.json into net.minecraft.world.item.MapItem
[02May2025 18:43:18.908] [main/DEBUG] [mixin/]: Renaming synthetic method lambda$update$1(Lnet/minecraft/world/level/saveddata/maps/MapItemSavedData;Lnet/minecraft/world/entity/Entity;Ljava/util/concurrent/atomic/AtomicBoolean;Lnet/minecraft/resources/ResourceLocation;Lnet/mehvahdjukaar/moonlight/api/map/CustomMapData;)V to mdcf8a4d$lambda$update$1$0 in moonlight-common.mixins.json:MapItemMixin
[02May2025 18:43:18.909] [main/DEBUG] [mixin/]: Renaming synthetic method lambda$appendHoverText$0(Lnet/minecraft/world/level/saveddata/maps/MapItemSavedData;Lnet/minecraft/world/item/ItemStack;Ljava/util/List;Lnet/minecraft/resources/ResourceLocation;Lnet/mehvahdjukaar/moonlight/api/map/CustomMapData;)V to mdcf8a4d$lambda$appendHoverText$0$1 in moonlight-common.mixins.json:MapItemMixin
[02May2025 18:43:18.912] [main/DEBUG] [mixin/]: Mixing MapItemMixin from supplementaries-common.mixins.json into net.minecraft.world.item.MapItem
[02May2025 18:43:18.916] [main/DEBUG] [mixin/]: Renaming synthetic method lambda$updateCustomColor$3(Lorg/joml/Vector2i;)D to mdcf8a4d$lambda$updateCustomColor$3$2 in supplementaries-common.mixins.json:MapItemMixin
[02May2025 18:43:18.917] [main/DEBUG] [mixin/]: Renaming synthetic method lambda$updateCustomColor$2(Lorg/joml/Vector2i;)D to mdcf8a4d$lambda$updateCustomColor$2$3 in supplementaries-common.mixins.json:MapItemMixin
[02May2025 18:43:18.917] [main/DEBUG] [mixin/]: Renaming synthetic method lambda$removeXrayAndAddAccurateColor$1(Lnet/minecraft/core/BlockPos;Lorg/joml/Vector2i;)Lcom/mojang/datafixers/util/Pair; to mdcf8a4d$lambda$removeXrayAndAddAccurateColor$1$4 in supplementaries-common.mixins.json:MapItemMixin
[02May2025 18:43:18.917] [main/DEBUG] [mixin/]: Renaming synthetic method lambda$removeXrayAndAddAccurateColor$0(Lorg/joml/Vector2i;)Ljava/util/List; to mdcf8a4d$lambda$removeXrayAndAddAccurateColor$0$5 in supplementaries-common.mixins.json:MapItemMixin
[02May2025 18:43:19.138] [main/DEBUG] [mixin/]: Mixing ShearItemMixin from moonlight-common.mixins.json into net.minecraft.world.item.ShearsItem
[02May2025 18:43:19.140] [main/DEBUG] [mixin/]: Mixing MixinShearsItem from curios.mixins.json into net.minecraft.world.item.ShearsItem
[02May2025 18:43:19.141] [main/DEBUG] [mixin/]: Mixing ShearsItemMixin from quark.mixins.json into net.minecraft.world.item.ShearsItem
[02May2025 18:43:19.152] [main/DEBUG] [mixin/]: Mixing PotionItemMixin from tombstone.mixins.json into net.minecraft.world.item.PotionItem
[02May2025 18:43:19.153] [main/DEBUG] [mixin/]: Renaming synthetic method lambda$methodFinishUsingItemReturn$1(Lnet/minecraft/world/entity/LivingEntity;Lovh/corail/tombstone/api/capability/ITBCapability;)V to mdcf8a4d$lambda$methodFinishUsingItemReturn$1$0 in tombstone.mixins.json:PotionItemMixin
[02May2025 18:43:19.153] [main/DEBUG] [mixin/]: Renaming synthetic method lambda$effectList$0(Lnet/minecraft/world/effect/MobEffectInstance;)Ljava/lang/Integer; to mdcf8a4d$lambda$effectList$0$1 in tombstone.mixins.json:PotionItemMixin
[02May2025 18:43:19.209] [main/DEBUG] [mixin/]: Mixing CrossbowMultishotMixin from quark.mixins.json into net.minecraft.world.item.CrossbowItem
[02May2025 18:43:19.213] [main/DEBUG] [mixin/]: Mixing CrossbowItemRopeMixin from supplementaries-common.mixins.json into net.minecraft.world.item.CrossbowItem
[02May2025 18:43:19.231] [main/DEBUG] [mixin/]: Mixing BannerPatternItemMixin from supplementaries-common.mixins.json into net.minecraft.world.item.BannerPatternItem
[02May2025 18:43:19.240] [main/DEBUG] [mixin/]: Mixing BrushItemMixin from supplementaries-common.mixins.json into net.minecraft.world.item.BrushItem
[02May2025 18:43:19.260] [main/DEBUG] [mixin/]: Mixing inject.MixinItemProperties from architectury-common.mixins.json into net.minecraft.world.item.Item$Properties
[02May2025 18:43:19.332] [main/DEBUG] [mixin/]: Mixing common.gravity.GravityEntityMixin from adastra-common.mixins.json into net.minecraft.world.entity.vehicle.AbstractMinecart
[02May2025 18:43:19.418] [main/DEBUG] [mixin/]: Mixing ServerPlayerEntityTickMixin from yungsapi.mixins.json into net.minecraft.server.level.ServerPlayer
[02May2025 18:43:19.419] [main/DEBUG] [mixin/]: Mixing MixinServerPlayer from glitchcore.forge.mixins.json into net.minecraft.server.level.ServerPlayer
[02May2025 18:43:19.419] [main/DEBUG] [mixin/]: Mixing accessor.ServerPlayerAccessor from ldlib-common.mixins.json into net.minecraft.server.level.ServerPlayer
[02May2025 18:43:19.420] [main/DEBUG] [mixin/]: Mixing ServerPlayerMixin from moonlight-common.mixins.json into net.minecraft.server.level.ServerPlayer
[02May2025 18:43:19.420] [main/DEBUG] [mixin/]: Mixing ServerPlayerMixin from playerrevive.mixins.json into net.minecraft.server.level.ServerPlayer
[02May2025 18:43:19.421] [main/DEBUG] [mixin/]: Mixing common.radio.ServerPlayerMixin from adastra-common.mixins.json into net.minecraft.server.level.ServerPlayer
[02May2025 18:43:19.423] [main/DEBUG] [mixin/]: Mixing ServerPlayerMixin from tombstone.mixins.json into net.minecraft.server.level.ServerPlayer
[02May2025 18:43:19.455] [main/DEBUG] [mixin/]: Mixing AbstractDecorationEntityMixin from bettervillage.mixins.json into net.minecraft.world.entity.decoration.HangingEntity
[02May2025 18:43:21.334] [main/DEBUG] [mixin/]: Mixing ArmorStandMixin from quark.mixins.json into net.minecraft.world.entity.decoration.ArmorStand
[02May2025 18:43:21.361] [main/DEBUG] [mixin/]: Mixing ExperienceOrbMixin from quark.mixins.json into net.minecraft.world.entity.ExperienceOrb
[02May2025 18:43:21.383] [main/DEBUG] [mixin/]: Mixing TemptGoalMixin from quark.mixins.json into net.minecraft.world.entity.ai.goal.TemptGoal
[02May2025 18:43:21.395] [main/DEBUG] [mixin/]: Mixing BeeGoalMixin from moonlight-common.mixins.json into net.minecraft.world.entity.animal.Bee$BeeGrowCropGoal
[02May2025 18:43:21.401] [main/DEBUG] [mixin/]: Mixing HurtByTargetGoalMixin from tombstone.mixins.json into net.minecraft.world.entity.ai.goal.target.HurtByTargetGoal
[02May2025 18:43:21.404] [main/DEBUG] [mixin/]: Mixing accessor.TargetGoalAccessor from tombstone.mixins.json into net.minecraft.world.entity.ai.goal.target.TargetGoal
[02May2025 18:43:21.433] [main/DEBUG] [mixin/]: Mixing BoatMixin from quark.mixins.json into net.minecraft.world.entity.vehicle.Boat
[02May2025 18:43:21.433] [main/DEBUG] [mixin/]: Mixing common.gravity.BoatMixin from adastra-common.mixins.json into net.minecraft.world.entity.vehicle.Boat
[02May2025 18:43:21.459] [main/DEBUG] [mixin/]: Mixing AbstractHorseMixin from supplementaries-common.mixins.json into net.minecraft.world.entity.animal.horse.AbstractHorse
[02May2025 18:43:21.523] [main/DEBUG] [mixin/]: Mixing CatSitOnBlockGoalMixin from supplementaries-common.mixins.json into net.minecraft.world.entity.ai.goal.CatSitOnBlockGoal
[02May2025 18:43:21.536] [main/DEBUG] [net.minecraftforge.coremod.transformer.CoreModBaseTransformer/COREMOD]: Transforming net/minecraft/world/entity/monster/Spider
[02May2025 18:43:21.590] [main/DEBUG] [mixin/]: Mixing SkeletonMixin from supplementaries-common.mixins.json into net.minecraft.world.entity.monster.Skeleton
[02May2025 18:43:21.603] [main/DEBUG] [mixin/]: Mixing AbstractSkeletonMixin from supplementaries-common.mixins.json into net.minecraft.world.entity.monster.AbstractSkeleton
[02May2025 18:43:21.647] [main/DEBUG] [mixin/]: Mixing CreeperMixin from supplementaries-common.mixins.json into net.minecraft.world.entity.monster.Creeper
[02May2025 18:43:21.651] [main/DEBUG] [mixin/]: Mixing common.entities.CreeperMixin from adastra-common.mixins.json into net.minecraft.world.entity.monster.Creeper
[02May2025 18:43:21.679] [main/DEBUG] [mixin/]: Mixing AbstractChestedHorseMixin from relics.mixins.json into net.minecraft.world.entity.animal.horse.AbstractChestedHorse
[02May2025 18:43:21.679] [main/DEBUG] [mixin/]: relics.mixins.json:AbstractChestedHorseMixin: Class version 61 required is higher than the class version supported by the current version of Mixin (JAVA_8 supports class version 52)
[02May2025 18:43:21.679] [main/DEBUG] [mixin/]: Mixing accessor.AccessorAbstractChestedHorse from quark.mixins.json into net.minecraft.world.entity.animal.horse.AbstractChestedHorse
[02May2025 18:43:21.689] [main/DEBUG] [net.minecraftforge.coremod.transformer.CoreModBaseTransformer/COREMOD]: Transforming net/minecraft/world/entity/monster/Zombie
[02May2025 18:43:21.799] [main/DEBUG] [net.minecraftforge.coremod.transformer.CoreModBaseTransformer/COREMOD]: Transforming net/minecraft/world/entity/monster/ZombieVillager
[02May2025 18:43:21.875] [main/DEBUG] [mixin/]: Mixing common.gravity.ThrowableProjectileMixin from adastra-common.mixins.json into net.minecraft.world.entity.projectile.ThrowableProjectile
[02May2025 18:43:21.897] [main/DEBUG] [mixin/]: Mixing EnderManMixin from relics.mixins.json into net.minecraft.world.entity.monster.EnderMan
[02May2025 18:43:21.898] [main/DEBUG] [mixin/]: relics.mixins.json:EnderManMixin: Class version 61 required is higher than the class version supported by the current version of Mixin (JAVA_8 supports class version 52)
[02May2025 18:43:21.899] [main/DEBUG] [mixin/]: Mixing EndermanMixin from supplementaries-common.mixins.json into net.minecraft.world.entity.monster.EnderMan
[02May2025 18:43:21.910] [main/DEBUG] [mixin/]: Mixing EvokerMixin from supplementaries-common.mixins.json into net.minecraft.world.entity.monster.Evoker
[02May2025 18:43:21.941] [main/DEBUG] [net.minecraftforge.coremod.transformer.CoreModBaseTransformer/COREMOD]: Transforming net/minecraft/world/entity/monster/Evoker$EvokerSummonSpellGoal
[02May2025 18:43:21.956] [main/DEBUG] [mixin/]: Mixing common.gravity.ThrownExperienceBottleMixin from adastra-common.mixins.json into net.minecraft.world.entity.projectile.ThrownExperienceBottle
[02May2025 18:43:21.968] [main/DEBUG] [mixin/]: Mixing FixBlockPlaceContextMixin from moonlight-common.mixins.json into net.minecraft.world.item.context.BlockPlaceContext
[02May2025 18:43:22.032] [main/DEBUG] [mixin/]: Mixing common.entities.HoglinMixin from adastra-common.mixins.json into net.minecraft.world.entity.monster.hoglin.Hoglin
[02May2025 18:43:22.037] [main/DEBUG] [mixin/]: Mixing common.entities.ZoglinMixin from adastra-common.mixins.json into net.minecraft.world.entity.monster.Zoglin
[02May2025 18:43:22.078] [main/DEBUG] [mixin/]: Mixing SlimeMixin from quark.mixins.json into net.minecraft.world.entity.monster.Slime
[02May2025 18:43:22.080] [main/DEBUG] [mixin/]: Mixing SlimeMixin from supplementaries-common.mixins.json into net.minecraft.world.entity.monster.Slime
[02May2025 18:43:22.146] [main/DEBUG] [mixin/]: Mixing PigMixin from quark.mixins.json into net.minecraft.world.entity.animal.Pig
[02May2025 18:43:22.183] [main/DEBUG] [mixin/]: Mixing ThrownPotionMixin from moonlight-common.mixins.json into net.minecraft.world.entity.projectile.ThrownPotion
[02May2025 18:43:22.185] [main/DEBUG] [mixin/]: Mixing common.gravity.ThrownPotionMixin from adastra-common.mixins.json into net.minecraft.world.entity.projectile.ThrownPotion
[02May2025 18:43:22.200] [main/DEBUG] [mixin/]: Mixing RabbitsEatCabbageMixin from farmersdelight.mixins.json into net.minecraft.world.entity.animal.Rabbit
[02May2025 18:43:22.239] [main/DEBUG] [mixin/]: Mixing SkellyHorseMixin from supplementaries-common.mixins.json into net.minecraft.world.entity.animal.horse.SkeletonHorse
[02May2025 18:43:22.244] [main/DEBUG] [mixin/]: Renaming synthetic method lambda$tick$0(Ljava/lang/Integer;)V to mdcf8a4d$lambda$tick$0$0 in supplementaries-common.mixins.json:SkellyHorseMixin
[02May2025 18:43:22.261] [main/DEBUG] [net.minecraftforge.coremod.transformer.CoreModBaseTransformer/COREMOD]: Transforming net/minecraft/world/entity/animal/horse/SkeletonTrapGoal
[02May2025 18:43:22.296] [main/DEBUG] [mixin/]: Mixing StrayMixin from supplementaries-common.mixins.json into net.minecraft.world.entity.monster.Stray
[02May2025 18:43:22.307] [main/DEBUG] [net.minecraftforge.coremod.transformer.CoreModBaseTransformer/COREMOD]: Transforming net/minecraft/world/entity/monster/Strider
[02May2025 18:43:22.421] [main/DEBUG] [mixin/]: Mixing FriendlyByteBufMixin from supplementaries.mixins.json into net.minecraft.network.FriendlyByteBuf
[02May2025 18:43:22.494] [main/DEBUG] [mixin/]: Mixing TemptingSensorMixin from quark.mixins.json into net.minecraft.world.entity.ai.sensing.TemptingSensor
[02May2025 18:43:22.495] [main/DEBUG] [mixin/]: Mixing accessor.AccessorTemptingSensor from quark.mixins.json into net.minecraft.world.entity.ai.sensing.TemptingSensor
[02May2025 18:43:22.512] [main/DEBUG] [mixin/]: Mixing accessor.AccessorChunkAccess from quark.mixins.json into net.minecraft.world.level.chunk.ChunkAccess
[02May2025 18:43:22.524] [main/DEBUG] [mixin/]: Mixing LevelChunkMixin from moonlight-common.mixins.json into net.minecraft.world.level.chunk.LevelChunk
[02May2025 18:43:22.585] [main/DEBUG] [net.minecraftforge.coremod.transformer.CoreModBaseTransformer/COREMOD]: Transforming net/minecraft/world/entity/npc/Villager
[02May2025 18:43:22.780] [main/DEBUG] [mixin/]: Mixing item.wearable.villagerhat.VillagerMixin from mixins.artifacts.common.json into net.minecraft.world.entity.npc.Villager
[02May2025 18:43:22.782] [main/DEBUG] [mixin/]: Mixing VillagerMixin from moonlight-common.mixins.json into net.minecraft.world.entity.npc.Villager
[02May2025 18:43:23.007] [main/DEBUG] [mixin/]: Mixing VillagerMixin from quark.mixins.json into net.minecraft.world.entity.npc.Villager
[02May2025 18:43:23.008] [main/DEBUG] [mixin/]: Mixing accessor.VillagerAccessor from tombstone.mixins.json into net.minecraft.world.entity.npc.Villager
[02May2025 18:43:23.022] [main/DEBUG] [mixin/]: Mixing AbstractVillagerMixin from quark.mixins.json into net.minecraft.world.entity.npc.AbstractVillager
[02May2025 18:43:23.031] [main/DEBUG] [mixin/]: Mixing MerchantMenuMixin from quark.mixins.json into net.minecraft.world.inventory.MerchantMenu
[02May2025 18:43:23.043] [main/DEBUG] [mixin/]: Mixing WanderingTraderMixin from supplementaries-common.mixins.json into net.minecraft.world.entity.npc.WanderingTrader
[02May2025 18:43:23.074] [main/DEBUG] [mixin/]: Mixing ZombieHorseMixin from supplementaries-common.mixins.json into net.minecraft.world.entity.animal.horse.ZombieHorse
[02May2025 18:43:23.092] [main/DEBUG] [mixin/]: Mixing common.gravity.FishingHookMixin from adastra-common.mixins.json into net.minecraft.world.entity.projectile.FishingHook
[02May2025 18:43:23.111] [main/DEBUG] [mixin/]: Mixing IngredientMixin from zeta_forge.mixins.json into net.minecraft.world.item.crafting.Ingredient
[02May2025 18:43:23.122] [main/DEBUG] [mixin/]: Mixing inject.MixinFoodPropertiesBuilder from architectury-common.mixins.json into net.minecraft.world.food.FoodProperties$Builder
[02May2025 18:43:23.127] [main/DEBUG] [net.minecraftforge.coremod.transformer.CoreModBaseTransformer/COREMOD]: Transforming net/minecraft/world/effect/MobEffectInstance
[02May2025 18:43:23.187] [main/DEBUG] [mixin/]: Mixing item.umbrella.server.ServerGamePacketListenerImplMixin from mixins.artifacts.common.json into net.minecraft.server.network.ServerGamePacketListenerImpl
[02May2025 18:43:23.187] [main/DEBUG] [mixin/]: Mixing accessor.AccessorServerGamePacketListener from quark.mixins.json into net.minecraft.server.network.ServerGamePacketListenerImpl
[02May2025 18:43:23.188] [main/DEBUG] [mixin/]: Mixing ServerGamePacketListenerMixin from supplementaries-common.mixins.json into net.minecraft.server.network.ServerGamePacketListenerImpl
[02May2025 18:43:23.188] [main/DEBUG] [mixin/]: Renaming synthetic method lambda$addAntiqueInk$0(Ljava/util/function/UnaryOperator;Ljava/lang/String;)Ljava/lang/String; to mdcf8a4d$lambda$addAntiqueInk$0$0 in supplementaries-common.mixins.json:ServerGamePacketListenerMixin
[02May2025 18:43:23.194] [main/DEBUG] [mixin/]: Mixing swimming.server.ServerGamePacketListenerImplMixin from expandability-common.mixins.json into net.minecraft.server.network.ServerGamePacketListenerImpl
[02May2025 18:43:23.195] [main/DEBUG] [mixin/]: Mixing common.ServerGamePacketListenerImplMixin from adastra-common.mixins.json into net.minecraft.server.network.ServerGamePacketListenerImpl
[02May2025 18:43:23.258] [main/DEBUG] [mixin/]: Mixing accessor.PotionBrewingAccessor from yungsapi.mixins.json into net.minecraft.world.item.alchemy.PotionBrewing
[02May2025 18:43:23.258] [main/DEBUG] [mixin/]: Renaming @Invoker method callAddMix(Lnet/minecraft/world/item/alchemy/Potion;Lnet/minecraft/world/item/Item;Lnet/minecraft/world/item/alchemy/Potion;)V to callAddMix_$md$cf8a4d$0 in yungsapi.mixins.json:accessor.PotionBrewingAccessor
[02May2025 18:43:23.258] [main/DEBUG] [mixin/]: Mixing AccessorPotionBrewing from zeta_forge.mixins.json into net.minecraft.world.item.alchemy.PotionBrewing
[02May2025 18:43:23.258] [main/DEBUG] [mixin/]: Renaming @Accessor method zeta$getPotionMixes()Ljava/util/List; to zeta$getPotionMixes_$md$cf8a4d$1 in zeta_forge.mixins.json:AccessorPotionBrewing
[02May2025 18:43:23.301] [main/DEBUG] [mixin/]: Mixing AbstractProjectileBehaviorAccessor from supplementaries-common.mixins.json into net.minecraft.core.dispenser.AbstractProjectileDispenseBehavior
[02May2025 18:43:23.342] [main/DEBUG] [mixin/]: Mixing DamageEnchantmentMixin from quark.mixins.json into net.minecraft.world.item.enchantment.DamageEnchantment
[02May2025 18:43:23.357] [main/DEBUG] [mixin/]: Mixing ArrowPiercingEnchantmentMixin from quark.mixins.json into net.minecraft.world.item.enchantment.ArrowPiercingEnchantment
[02May2025 18:43:23.392] [main/DEBUG] [mixin/]: Mixing accessor.StructureProcessorAccessor from betterdungeons.mixins.json into net.minecraft.world.level.levelgen.structure.templatesystem.StructureProcessor
[02May2025 18:43:23.443] [main/DEBUG] [mixin/]: Mixing ChunkGeneratorMixin from citadel.mixins.json into net.minecraft.world.level.chunk.ChunkGenerator
[02May2025 18:43:23.447] [main/DEBUG] [net.minecraftforge.coremod.transformer.CoreModBaseTransformer/COREMOD]: Transforming net/minecraft/world/level/biome/Biome
[02May2025 18:43:23.458] [main/DEBUG] [mixin/]: Mixing DisableVanillaStrongholdsMixin from betterstrongholds.mixins.json into net.minecraft.world.level.chunk.ChunkGenerator
[02May2025 18:43:23.463] [main/DEBUG] [net.minecraftforge.coremod.transformer.CoreModBaseTransformer/COREMOD]: Transforming net/minecraft/world/level/levelgen/structure/Structure
[02May2025 18:43:23.469] [main/DEBUG] [mixin/]: Mixing DisableVanillaMineshaftsMixin from bettermineshafts.mixins.json into net.minecraft.world.level.chunk.ChunkGenerator
[02May2025 18:43:23.516] [main/DEBUG] [mixin/]: Mixing MixinInventory from curios.mixins.json into net.minecraft.world.entity.player.Inventory
[02May2025 18:43:23.517] [main/DEBUG] [mixin/]: Mixing InventoryMixin from carryon.mixins.json into net.minecraft.world.entity.player.Inventory
[02May2025 18:43:23.518] [main/DEBUG] [mixin/]: Mixing InventoryMixin from moonlight-common.mixins.json into net.minecraft.world.entity.player.Inventory
[02May2025 18:43:23.534] [main/DEBUG] [mixin/]: Mixing accessor.SlotAccessor from ldlib-common.mixins.json into net.minecraft.world.inventory.Slot
[02May2025 18:43:23.535] [main/DEBUG] [mixin/]: Mixing SlotAccessor from balm.mixins.json into net.minecraft.world.inventory.Slot
[02May2025 18:43:23.535] [main/DEBUG] [mixin/]: Mixing common.SlotAccessor from adastra-common.mixins.json into net.minecraft.world.inventory.Slot
[02May2025 18:43:23.536] [main/DEBUG] [mixin/]: Unexpected: Registered method setX(I)V in net.minecraft.world.inventory.Slot was not merged
[02May2025 18:43:23.536] [main/DEBUG] [mixin/]: Unexpected: Registered method setY(I)V in net.minecraft.world.inventory.Slot was not merged
[02May2025 18:43:23.536] [main/DEBUG] [mixin/]: Unexpected: Registered method setX(I)V in net.minecraft.world.inventory.Slot was not merged
[02May2025 18:43:23.536] [main/DEBUG] [mixin/]: Unexpected: Registered method setY(I)V in net.minecraft.world.inventory.Slot was not merged
[02May2025 18:43:23.544] [main/DEBUG] [mixin/]: Mixing GrindstoneInputSlotMixin from supplementaries-common.mixins.json into net.minecraft.world.inventory.GrindstoneMenu$2
[02May2025 18:43:23.547] [main/DEBUG] [mixin/]: Mixing GrindstoneMenuSlotMixin from moonlight-common.mixins.json into net.minecraft.world.inventory.GrindstoneMenu$4
[02May2025 18:43:23.547] [main/DEBUG] [mixin/]: Mixing GrindstoneTestSlotMixin from supplementaries-common.mixins.json into net.minecraft.world.inventory.GrindstoneMenu$4
[02May2025 18:43:23.550] [main/DEBUG] [mixin/]: Mixing LoomInputSlotMixin from supplementaries-common.mixins.json into net.minecraft.world.inventory.LoomMenu$3
[02May2025 18:43:23.560] [main/DEBUG] [mixin/]: Mixing CartographyTableInputSlotMixin from supplementaries-common.mixins.json into net.minecraft.world.inventory.CartographyTableMenu$4
[02May2025 18:43:23.572] [main/DEBUG] [mixin/]: Mixing MapExtendingRecipeMixin from moonlight-common.mixins.json into net.minecraft.world.item.crafting.MapExtendingRecipe
[02May2025 18:43:23.577] [main/DEBUG] [mixin/]: Mixing accessor.ShapedRecipeAccessor from tombstone.mixins.json into net.minecraft.world.item.crafting.ShapedRecipe
[02May2025 18:43:23.590] [main/DEBUG] [mixin/]: Mixing BannerDuplicateRecipeMixin from quark.mixins.json into net.minecraft.world.item.crafting.BannerDuplicateRecipe
[02May2025 18:43:23.758] [main/DEBUG] [mixin/]: Mixing EnchantRandomlyFunctionMixin from quark.mixins.json into net.minecraft.world.level.storage.loot.functions.EnchantRandomlyFunction
[02May2025 18:43:23.791] [main/DEBUG] [mixin/]: Mixing ExplorationMapSerializerMixin from supplementaries-common.mixins.json into net.minecraft.world.level.storage.loot.functions.ExplorationMapFunction$Serializer
[02May2025 18:43:23.810] [main/DEBUG] [mixin/]: Mixing ExplorationMapFunctionMixin from supplementaries-common.mixins.json into net.minecraft.world.level.storage.loot.functions.ExplorationMapFunction
[02May2025 18:43:23.837] [main/DEBUG] [mixin/]: Mixing MixinApplyBonusCount from curios.mixins.json into net.minecraft.world.level.storage.loot.functions.ApplyBonusCount
[02May2025 18:43:24.205] [main/DEBUG] [mixin/]: Mixing SpringFeatureMixin from quark.mixins.json into net.minecraft.world.level.levelgen.feature.SpringFeature
[02May2025 18:43:24.229] [main/DEBUG] [mixin/]: Mixing HugeRedMushroomFeatureMixin from quark.mixins.json into net.minecraft.world.level.levelgen.feature.HugeRedMushroomFeature
[02May2025 18:43:24.250] [main/DEBUG] [mixin/]: Mixing HugeBrownMushroomFeatureMixin from quark.mixins.json into net.minecraft.world.level.levelgen.feature.HugeBrownMushroomFeature
[02May2025 18:43:24.317] [main/DEBUG] [mixin/]: Mixing NoBasaltColumnsInStructuresMixin from betterdungeons.mixins.json into net.minecraft.world.level.levelgen.feature.BasaltColumnsFeature
[02May2025 18:43:24.324] [main/DEBUG] [mixin/]: Mixing NoDeltasInStructuresMixin from betterdungeons.mixins.json into net.minecraft.world.level.levelgen.feature.DeltaFeature
[02May2025 18:43:24.651] [main/DEBUG] [mixin/]: Mixing StructureSetMixin from bettervillage.mixins.json into net.minecraft.world.level.levelgen.structure.StructureSet
[02May2025 18:43:24.652] [main/DEBUG] [mixin/]: Renaming synthetic method lambda$onCreateStructureSet$1(Lnet/minecraft/world/level/levelgen/structure/StructureSet$StructureSelectionEntry;)Z to mdcf8a4d$lambda$onCreateStructureSet$1$0 in bettervillage.mixins.json:StructureSetMixin
[02May2025 18:43:24.652] [main/DEBUG] [mixin/]: Renaming synthetic method lambda$onCreateStructureSet$0(Lnet/minecraft/resources/ResourceKey;)Ljava/lang/Boolean; to mdcf8a4d$lambda$onCreateStructureSet$0$1 in bettervillage.mixins.json:StructureSetMixin
[02May2025 18:43:24.668] [main/DEBUG] [net.minecraftforge.coremod.transformer.CoreModBaseTransformer/COREMOD]: Transforming net/minecraft/world/level/levelgen/structure/Structure
[02May2025 18:43:24.701] [main/DEBUG] [mixin/]: Mixing StructurePieceMixin from zeta.mixins.json into net.minecraft.world.level.levelgen.structure.StructurePiece
[02May2025 18:43:24.713] [main/DEBUG] [mixin/]: Mixing MineshaftCorridorMixin from supplementaries-common.mixins.json into net.minecraft.world.level.levelgen.structure.structures.MineshaftPieces$MineShaftCorridor
[02May2025 18:43:24.744] [main/DEBUG] [mixin/]: Mixing NetherFortressPiecesMixin$CastleEntranceMixin from quark.mixins.json into net.minecraft.world.level.levelgen.structure.structures.NetherFortressPieces$CastleEntrance
[02May2025 18:43:24.785] [main/DEBUG] [mixin/]: Mixing StrongholdCrossingSconceMixin from supplementaries-common.mixins.json into net.minecraft.world.level.levelgen.structure.structures.StrongholdPieces$FiveCrossing
[02May2025 18:43:24.808] [main/DEBUG] [mixin/]: Mixing StrongholdRoomSconceMixin from supplementaries-common.mixins.json into net.minecraft.world.level.levelgen.structure.structures.StrongholdPieces$RoomCrossing
[02May2025 18:43:24.830] [main/DEBUG] [net.minecraftforge.coremod.transformer.CoreModBaseTransformer/COREMOD]: Transforming net/minecraft/world/level/levelgen/structure/structures/OceanRuinPieces$OceanRuinPiece
[02May2025 18:43:24.892] [main/DEBUG] [net.minecraftforge.coremod.transformer.CoreModBaseTransformer/COREMOD]: Transforming net/minecraft/world/level/levelgen/structure/structures/SwampHutPiece
[02May2025 18:43:24.943] [main/DEBUG] [net.minecraftforge.coremod.transformer.CoreModBaseTransformer/COREMOD]: Transforming net/minecraft/world/level/levelgen/structure/structures/OceanMonumentPieces$OceanMonumentPiece
[02May2025 18:43:25.010] [main/DEBUG] [net.minecraftforge.coremod.transformer.CoreModBaseTransformer/COREMOD]: Transforming net/minecraft/world/level/levelgen/structure/structures/WoodlandMansionPieces$WoodlandMansionPiece
[02May2025 18:43:25.048] [main/DEBUG] [mixin/]: Mixing StructureTemplatePoolAccessor from waystones.mixins.json into net.minecraft.world.level.levelgen.structure.pools.StructureTemplatePool
[02May2025 18:43:25.049] [main/DEBUG] [mixin/]: Mixing accessor.StructureTemplatePoolAccessor from yungsapi.mixins.json into net.minecraft.world.level.levelgen.structure.pools.StructureTemplatePool
[02May2025 18:43:25.049] [main/DEBUG] [mixin/]: Mixing IncreaseStructureWeightLimitMixinForge from yungsapi_forge.mixins.json into net.minecraft.world.level.levelgen.structure.pools.StructureTemplatePool
[02May2025 18:43:25.050] [main/DEBUG] [mixin/]: Unexpected: Registered method getRawTemplates()Ljava/util/List; in net.minecraft.world.level.levelgen.structure.pools.StructureTemplatePool was not merged
[02May2025 18:43:25.149] [main/DEBUG] [mixin/]: Mixing MixinBiomeSource from terrablender.mixins.json into net.minecraft.world.level.biome.BiomeSource
[02May2025 18:43:25.150] [main/DEBUG] [mixin/]: Renaming synthetic method lambda$appendDeferredBiomesList$0(Lcom/google/common/collect/ImmutableList;)Ljava/util/Set; to mdcf8a4d$lambda$appendDeferredBiomesList$0$0 in terrablender.mixins.json:MixinBiomeSource
[02May2025 18:43:25.158] [main/DEBUG] [net.minecraftforge.coremod.transformer.CoreModBaseTransformer/COREMOD]: Transforming net/minecraft/world/level/biome/Biome
[02May2025 18:43:25.200] [main/DEBUG] [mixin/]: Mixing MixinMultiNoiseBiomeSource from terrablender.mixins.json into net.minecraft.world.level.biome.MultiNoiseBiomeSource
[02May2025 18:43:25.202] [main/DEBUG] [mixin/]: Mixing MixinParameterList from terrablender.mixins.json into net.minecraft.world.level.biome.Climate$ParameterList
[02May2025 18:43:25.203] [main/DEBUG] [mixin/]: Renaming synthetic method lambda$initializeForTerraBlender$0(Lnet/minecraft/core/Registry;Lcom/google/common/collect/ImmutableList$Builder;Lcom/mojang/datafixers/util/Pair;)V to mdcf8a4d$lambda$initializeForTerraBlender$0$0 in terrablender.mixins.json:MixinParameterList
[02May2025 18:43:25.211] [main/DEBUG] [mixin/]: Mixing ClimateParameterPointMixin from quark.mixins.json into net.minecraft.world.level.biome.Climate$ParameterPoint
[02May2025 18:43:25.239] [main/DEBUG] [mixin/]: Mixing NoiseBasedChunkGeneratorMixin from citadel.mixins.json into net.minecraft.world.level.levelgen.NoiseBasedChunkGenerator
[02May2025 18:43:25.248] [main/DEBUG] [mixin/]: Mixing MixinNoiseGeneratorSettings from terrablender.mixins.json into net.minecraft.world.level.levelgen.NoiseGeneratorSettings
[02May2025 18:43:25.544] [main/DEBUG] [mixin/]: Mixing SinglePoolElementMixin from waystones.mixins.json into net.minecraft.world.level.levelgen.structure.pools.SinglePoolElement
[02May2025 18:43:25.546] [main/DEBUG] [mixin/]: Renaming synthetic method lambda$waystones$isWaystone$1(Lnet/minecraft/world/level/levelgen/structure/templatesystem/StructureTemplate;)V to mdcf8a4d$lambda$waystones$isWaystone$1$0 in waystones.mixins.json:SinglePoolElementMixin
[02May2025 18:43:25.546] [main/DEBUG] [mixin/]: Renaming synthetic method lambda$waystones$isWaystone$0(Lnet/minecraft/resources/ResourceLocation;)V to mdcf8a4d$lambda$waystones$isWaystone$0$1 in waystones.mixins.json:SinglePoolElementMixin
[02May2025 18:43:25.547] [main/DEBUG] [mixin/]: Mixing accessor.SinglePoolElementAccessor from yungsapi.mixins.json into net.minecraft.world.level.levelgen.structure.pools.SinglePoolElement
[02May2025 18:43:25.547] [main/DEBUG] [mixin/]: Mixing accessor.AccessorSinglePoolElement from quark.mixins.json into net.minecraft.world.level.levelgen.structure.pools.SinglePoolElement
[02May2025 18:43:25.550] [main/DEBUG] [mixin/]: Unexpected: Registered method getTemplate()Lcom/mojang/datafixers/util/Either; in net.minecraft.world.level.levelgen.structure.pools.SinglePoolElement was not merged
[02May2025 18:43:25.560] [main/DEBUG] [mixin/]: Mixing accessor.ListPoolElementAccessor from yungsapi.mixins.json into net.minecraft.world.level.levelgen.structure.pools.ListPoolElement
[02May2025 18:43:25.563] [main/DEBUG] [mixin/]: Mixing accessor.FeaturePoolElementAccessor from yungsapi.mixins.json into net.minecraft.world.level.levelgen.structure.pools.FeaturePoolElement
[02May2025 18:43:25.862] [main/DEBUG] [net.minecraftforge.common.ForgeI18n/CORE]: Loading I18N data entries: 6430
[02May2025 18:43:25.946] [main/DEBUG] [net.minecraftforge.fml.ModWorkManager/LOADING]: Using 2 threads for parallel mod-loading
[02May2025 18:43:25.955] [main/DEBUG] [net.minecraftforge.fml.javafmlmod.FMLJavaModLanguageProvider/LOADING]: Loading FMLModContainer from classloader cpw.mods.modlauncher.TransformingClassLoader@40ef0af8 - got cpw.mods.cl.ModuleClassLoader@15fb7a32
[02May2025 18:43:25.957] [main/DEBUG] [net.minecraftforge.fml.javafmlmod.FMLModContainer/LOADING]: Creating FMLModContainer instance for com.yungnickyoung.minecraft.betterdungeons.BetterDungeonsForge
[02May2025 18:43:25.963] [main/DEBUG] [net.minecraftforge.fml.javafmlmod.FMLJavaModLanguageProvider/LOADING]: Loading FMLModContainer from classloader cpw.mods.modlauncher.TransformingClassLoader@40ef0af8 - got cpw.mods.cl.ModuleClassLoader@15fb7a32
[02May2025 18:43:25.963] [main/DEBUG] [net.minecraftforge.fml.javafmlmod.FMLModContainer/LOADING]: Creating FMLModContainer instance for com.bobmowzie.mowziesmobs.MowziesMobs
[02May2025 18:43:25.964] [main/DEBUG] [net.minecraftforge.fml.javafmlmod.FMLJavaModLanguageProvider/LOADING]: Loading FMLModContainer from classloader cpw.mods.modlauncher.TransformingClassLoader@40ef0af8 - got cpw.mods.cl.ModuleClassLoader@15fb7a32
[02May2025 18:43:25.964] [main/DEBUG] [net.minecraftforge.fml.javafmlmod.FMLModContainer/LOADING]: Creating FMLModContainer instance for net.blay09.mods.kuma.forge.ForgeKumaAPI
[02May2025 18:43:25.965] [main/DEBUG] [net.minecraftforge.fml.javafmlmod.FMLJavaModLanguageProvider/LOADING]: Loading FMLModContainer from classloader cpw.mods.modlauncher.TransformingClassLoader@40ef0af8 - got cpw.mods.cl.ModuleClassLoader@15fb7a32
[02May2025 18:43:25.965] [main/DEBUG] [net.minecraftforge.fml.javafmlmod.FMLModContainer/LOADING]: Creating FMLModContainer instance for net.blay09.mods.trashslot.ForgeTrashSlot
[02May2025 18:43:25.965] [main/DEBUG] [net.minecraftforge.fml.javafmlmod.FMLJavaModLanguageProvider/LOADING]: Loading FMLModContainer from classloader cpw.mods.modlauncher.TransformingClassLoader@40ef0af8 - got cpw.mods.cl.ModuleClassLoader@15fb7a32
[02May2025 18:43:25.965] [main/DEBUG] [net.minecraftforge.fml.javafmlmod.FMLModContainer/LOADING]: Creating FMLModContainer instance for software.bernie.example.GeckoLibMod
[02May2025 18:43:25.966] [main/DEBUG] [net.minecraftforge.fml.javafmlmod.FMLJavaModLanguageProvider/LOADING]: Loading FMLModContainer from classloader cpw.mods.modlauncher.TransformingClassLoader@40ef0af8 - got cpw.mods.cl.ModuleClassLoader@15fb7a32
[02May2025 18:43:25.966] [main/DEBUG] [net.minecraftforge.fml.javafmlmod.FMLModContainer/LOADING]: Creating FMLModContainer instance for earth.terrarium.botarium.forge.BotariumForge
[02May2025 18:43:25.967] [main/DEBUG] [net.minecraftforge.fml.javafmlmod.FMLJavaModLanguageProvider/LOADING]: Loading FMLModContainer from classloader cpw.mods.modlauncher.TransformingClassLoader@40ef0af8 - got cpw.mods.cl.ModuleClassLoader@15fb7a32
[02May2025 18:43:25.967] [main/DEBUG] [net.minecraftforge.fml.javafmlmod.FMLModContainer/LOADING]: Creating FMLModContainer instance for mezz.jei.forge.JustEnoughItems
[02May2025 18:43:25.968] [main/DEBUG] [net.minecraftforge.fml.javafmlmod.FMLJavaModLanguageProvider/LOADING]: Loading FMLModContainer from classloader cpw.mods.modlauncher.TransformingClassLoader@40ef0af8 - got cpw.mods.cl.ModuleClassLoader@15fb7a32
[02May2025 18:43:25.968] [main/DEBUG] [net.minecraftforge.fml.javafmlmod.FMLModContainer/LOADING]: Creating FMLModContainer instance for com.jtorleonstudios.libraryferret.LibraryFerret
[02May2025 18:43:25.969] [main/DEBUG] [net.minecraftforge.fml.javafmlmod.FMLJavaModLanguageProvider/LOADING]: Loading FMLModContainer from classloader cpw.mods.modlauncher.TransformingClassLoader@40ef0af8 - got cpw.mods.cl.ModuleClassLoader@15fb7a32
[02May2025 18:43:25.969] [main/DEBUG] [net.minecraftforge.fml.javafmlmod.FMLModContainer/LOADING]: Creating FMLModContainer instance for net.p3pp3rf1y.sophisticatedcore.SophisticatedCore
[02May2025 18:43:25.969] [main/DEBUG] [net.minecraftforge.fml.javafmlmod.FMLJavaModLanguageProvider/LOADING]: Loading FMLModContainer from classloader cpw.mods.modlauncher.TransformingClassLoader@40ef0af8 - got cpw.mods.cl.ModuleClassLoader@15fb7a32
[02May2025 18:43:25.969] [main/DEBUG] [net.minecraftforge.fml.javafmlmod.FMLModContainer/LOADING]: Creating FMLModContainer instance for me.jellysquid.mods.sodium.client.SodiumIdentifier
[02May2025 18:43:25.970] [main/DEBUG] [net.minecraftforge.fml.javafmlmod.FMLJavaModLanguageProvider/LOADING]: Loading FMLModContainer from classloader cpw.mods.modlauncher.TransformingClassLoader@40ef0af8 - got cpw.mods.cl.ModuleClassLoader@15fb7a32
[02May2025 18:43:25.970] [main/DEBUG] [net.minecraftforge.fml.javafmlmod.FMLModContainer/LOADING]: Creating FMLModContainer instance for me.jellysquid.mods.sodium.client.SodiumClientMod
[02May2025 18:43:25.971] [main/DEBUG] [net.minecraftforge.fml.javafmlmod.FMLJavaModLanguageProvider/LOADING]: Loading FMLModContainer from classloader cpw.mods.modlauncher.TransformingClassLoader@40ef0af8 - got cpw.mods.cl.ModuleClassLoader@15fb7a32
[02May2025 18:43:25.971] [main/DEBUG] [net.minecraftforge.fml.javafmlmod.FMLModContainer/LOADING]: Creating FMLModContainer instance for net.blay09.mods.waystones.ForgeWaystones
[02May2025 18:43:25.972] [main/DEBUG] [net.minecraftforge.fml.javafmlmod.FMLJavaModLanguageProvider/LOADING]: Loading FMLModContainer from classloader cpw.mods.modlauncher.TransformingClassLoader@40ef0af8 - got cpw.mods.cl.ModuleClassLoader@15fb7a32
[02May2025 18:43:25.973] [main/DEBUG] [net.minecraftforge.fml.javafmlmod.FMLModContainer/LOADING]: Creating FMLModContainer instance for net.blay09.mods.cookingforblockheads.ForgeCookingForBlockheads
[02May2025 18:43:25.975] [main/DEBUG] [net.minecraftforge.fml.javafmlmod.FMLJavaModLanguageProvider/LOADING]: Loading FMLModContainer from classloader cpw.mods.modlauncher.TransformingClassLoader@40ef0af8 - got cpw.mods.cl.ModuleClassLoader@15fb7a32
[02May2025 18:43:25.975] [main/DEBUG] [net.minecraftforge.fml.javafmlmod.FMLModContainer/LOADING]: Creating FMLModContainer instance for dev.shadowsoffire.placebo.Placebo
[02May2025 18:43:25.978] [main/DEBUG] [net.minecraftforge.fml.javafmlmod.FMLJavaModLanguageProvider/LOADING]: Loading FMLModContainer from classloader cpw.mods.modlauncher.TransformingClassLoader@40ef0af8 - got cpw.mods.cl.ModuleClassLoader@15fb7a32
[02May2025 18:43:25.978] [main/DEBUG] [net.minecraftforge.fml.javafmlmod.FMLModContainer/LOADING]: Creating FMLModContainer instance for com.illusivesoulworks.comforts.ComfortsForgeMod
[02May2025 18:43:25.979] [main/DEBUG] [net.minecraftforge.fml.javafmlmod.FMLJavaModLanguageProvider/LOADING]: Loading FMLModContainer from classloader cpw.mods.modlauncher.TransformingClassLoader@40ef0af8 - got cpw.mods.cl.ModuleClassLoader@15fb7a32
[02May2025 18:43:25.979] [main/DEBUG] [net.minecraftforge.fml.javafmlmod.FMLModContainer/LOADING]: Creating FMLModContainer instance for com.github.alexthe666.citadel.Citadel
[02May2025 18:43:25.983] [main/DEBUG] [net.minecraftforge.fml.javafmlmod.FMLJavaModLanguageProvider/LOADING]: Loading FMLModContainer from classloader cpw.mods.modlauncher.TransformingClassLoader@40ef0af8 - got cpw.mods.cl.ModuleClassLoader@15fb7a32
[02May2025 18:43:25.983] [main/DEBUG] [net.minecraftforge.fml.javafmlmod.FMLModContainer/LOADING]: Creating FMLModContainer instance for com.github.alexthe666.alexsmobs.AlexsMobs
[02May2025 18:43:25.986] [main/DEBUG] [net.minecraftforge.fml.javafmlmod.FMLJavaModLanguageProvider/LOADING]: Loading FMLModContainer from classloader cpw.mods.modlauncher.TransformingClassLoader@40ef0af8 - got cpw.mods.cl.ModuleClassLoader@15fb7a32
[02May2025 18:43:25.986] [main/DEBUG] [net.minecraftforge.fml.javafmlmod.FMLModContainer/LOADING]: Creating FMLModContainer instance for artifacts.forge.ArtifactsForge
[02May2025 18:43:25.987] [main/DEBUG] [net.minecraftforge.fml.javafmlmod.FMLJavaModLanguageProvider/LOADING]: Loading FMLModContainer from classloader cpw.mods.modlauncher.TransformingClassLoader@40ef0af8 - got cpw.mods.cl.ModuleClassLoader@15fb7a32
[02May2025 18:43:25.987] [main/DEBUG] [net.minecraftforge.fml.javafmlmod.FMLModContainer/LOADING]: Creating FMLModContainer instance for com.yungnickyoung.minecraft.yungsapi.YungsApiForge
[02May2025 18:43:25.987] [main/DEBUG] [net.minecraftforge.fml.javafmlmod.FMLJavaModLanguageProvider/LOADING]: Loading FMLModContainer from classloader cpw.mods.modlauncher.TransformingClassLoader@40ef0af8 - got cpw.mods.cl.ModuleClassLoader@15fb7a32
[02May2025 18:43:25.988] [main/DEBUG] [net.minecraftforge.fml.javafmlmod.FMLModContainer/LOADING]: Creating FMLModContainer instance for com.llamalad7.mixinextras.platform.forge.MixinExtrasMod
[02May2025 18:43:25.990] [main/DEBUG] [net.minecraftforge.fml.javafmlmod.FMLJavaModLanguageProvider/LOADING]: Loading FMLModContainer from classloader cpw.mods.modlauncher.TransformingClassLoader@40ef0af8 - got cpw.mods.cl.ModuleClassLoader@15fb7a32
[02May2025 18:43:25.990] [main/DEBUG] [net.minecraftforge.fml.javafmlmod.FMLModContainer/LOADING]: Creating FMLModContainer instance for net.mcreator.horrrspvz.HorrrsPvzMod
[02May2025 18:43:25.991] [main/DEBUG] [net.minecraftforge.fml.javafmlmod.FMLJavaModLanguageProvider/LOADING]: Loading FMLModContainer from classloader cpw.mods.modlauncher.TransformingClassLoader@40ef0af8 - got cpw.mods.cl.ModuleClassLoader@15fb7a32
[02May2025 18:43:25.991] [main/DEBUG] [net.minecraftforge.fml.javafmlmod.FMLModContainer/LOADING]: Creating FMLModContainer instance for glitchcore.forge.GlitchCoreForge
[02May2025 18:43:25.994] [main/DEBUG] [net.minecraftforge.fml.javafmlmod.FMLJavaModLanguageProvider/LOADING]: Loading FMLModContainer from classloader cpw.mods.modlauncher.TransformingClassLoader@40ef0af8 - got cpw.mods.cl.ModuleClassLoader@15fb7a32
[02May2025 18:43:25.994] [main/DEBUG] [net.minecraftforge.fml.javafmlmod.FMLModContainer/LOADING]: Creating FMLModContainer instance for net.p3pp3rf1y.sophisticatedbackpacks.SophisticatedBackpacks
[02May2025 18:43:25.995] [main/DEBUG] [net.minecraftforge.fml.javafmlmod.FMLJavaModLanguageProvider/LOADING]: Loading FMLModContainer from classloader cpw.mods.modlauncher.TransformingClassLoader@40ef0af8 - got cpw.mods.cl.ModuleClassLoader@15fb7a32
[02May2025 18:43:25.995] [main/DEBUG] [net.minecraftforge.fml.javafmlmod.FMLModContainer/LOADING]: Creating FMLModContainer instance for it.hurts.sskirillss.relics.Relics
[02May2025 18:43:25.996] [main/DEBUG] [net.minecraftforge.fml.javafmlmod.FMLJavaModLanguageProvider/LOADING]: Loading FMLModContainer from classloader cpw.mods.modlauncher.TransformingClassLoader@40ef0af8 - got cpw.mods.cl.ModuleClassLoader@15fb7a32
[02May2025 18:43:25.996] [main/DEBUG] [net.minecraftforge.fml.javafmlmod.FMLModContainer/LOADING]: Creating FMLModContainer instance for com.lowdragmc.lowdraglib.forge.LDLibForge
[02May2025 18:43:25.996] [main/DEBUG] [net.minecraftforge.fml.javafmlmod.FMLJavaModLanguageProvider/LOADING]: Loading FMLModContainer from classloader cpw.mods.modlauncher.TransformingClassLoader@40ef0af8 - got cpw.mods.cl.ModuleClassLoader@15fb7a32
[02May2025 18:43:25.996] [main/DEBUG] [net.minecraftforge.fml.javafmlmod.FMLModContainer/LOADING]: Creating FMLModContainer instance for net.blay09.mods.balm.forge.ForgeBalm
[02May2025 18:43:25.997] [main/DEBUG] [net.minecraftforge.fml.javafmlmod.FMLJavaModLanguageProvider/LOADING]: Loading FMLModContainer from classloader cpw.mods.modlauncher.TransformingClassLoader@40ef0af8 - got cpw.mods.cl.ModuleClassLoader@15fb7a32
[02May2025 18:43:25.997] [main/DEBUG] [net.minecraftforge.fml.javafmlmod.FMLModContainer/LOADING]: Creating FMLModContainer instance for tschipp.carryon.CarryOnForge
[02May2025 18:43:26.000] [main/DEBUG] [net.minecraftforge.fml.javafmlmod.FMLJavaModLanguageProvider/LOADING]: Loading FMLModContainer from classloader cpw.mods.modlauncher.TransformingClassLoader@40ef0af8 - got cpw.mods.cl.ModuleClassLoader@15fb7a32
[02May2025 18:43:26.000] [main/DEBUG] [net.minecraftforge.fml.javafmlmod.FMLModContainer/LOADING]: Creating FMLModContainer instance for me.shedaniel.clothconfig.ClothConfigForge
[02May2025 18:43:26.001] [main/DEBUG] [net.minecraftforge.fml.javafmlmod.FMLJavaModLanguageProvider/LOADING]: Loading FMLModContainer from classloader cpw.mods.modlauncher.TransformingClassLoader@40ef0af8 - got cpw.mods.cl.ModuleClassLoader@15fb7a32
[02May2025 18:43:26.001] [main/DEBUG] [net.minecraftforge.fml.javafmlmod.FMLModContainer/LOADING]: Creating FMLModContainer instance for net.minecraftforge.common.ForgeMod
[02May2025 18:43:26.005] [main/DEBUG] [net.minecraftforge.fml.javafmlmod.FMLJavaModLanguageProvider/LOADING]: Loading FMLModContainer from classloader cpw.mods.modlauncher.TransformingClassLoader@40ef0af8 - got cpw.mods.cl.ModuleClassLoader@15fb7a32
[02May2025 18:43:26.005] [main/DEBUG] [net.minecraftforge.fml.javafmlmod.FMLModContainer/LOADING]: Creating FMLModContainer instance for com.progwml6.ironchest.IronChests
[02May2025 18:43:26.007] [main/DEBUG] [net.minecraftforge.fml.javafmlmod.FMLJavaModLanguageProvider/LOADING]: Loading FMLModContainer from classloader cpw.mods.modlauncher.TransformingClassLoader@40ef0af8 - got cpw.mods.cl.ModuleClassLoader@15fb7a32
[02May2025 18:43:26.007] [main/DEBUG] [net.minecraftforge.fml.javafmlmod.FMLModContainer/LOADING]: Creating FMLModContainer instance for falconnex.legendsofslugterra.SlugterraMod
[02May2025 18:43:26.008] [main/DEBUG] [net.minecraftforge.fml.javafmlmod.FMLJavaModLanguageProvider/LOADING]: Loading FMLModContainer from classloader cpw.mods.modlauncher.TransformingClassLoader@40ef0af8 - got cpw.mods.cl.ModuleClassLoader@15fb7a32
[02May2025 18:43:26.008] [main/DEBUG] [net.minecraftforge.fml.javafmlmod.FMLModContainer/LOADING]: Creating FMLModContainer instance for vectorwing.farmersdelight.FarmersDelight
[02May2025 18:43:26.009] [main/DEBUG] [net.minecraftforge.fml.javafmlmod.FMLJavaModLanguageProvider/LOADING]: Loading FMLModContainer from classloader cpw.mods.modlauncher.TransformingClassLoader@40ef0af8 - got cpw.mods.cl.ModuleClassLoader@15fb7a32
[02May2025 18:43:26.009] [main/DEBUG] [net.minecraftforge.fml.javafmlmod.FMLModContainer/LOADING]: Creating FMLModContainer instance for net.xalcon.torchmaster.Torchmaster
[02May2025 18:43:26.010] [main/DEBUG] [net.minecraftforge.fml.javafmlmod.FMLJavaModLanguageProvider/LOADING]: Loading FMLModContainer from classloader cpw.mods.modlauncher.TransformingClassLoader@40ef0af8 - got cpw.mods.cl.ModuleClassLoader@15fb7a32
[02May2025 18:43:26.011] [main/DEBUG] [net.minecraftforge.fml.javafmlmod.FMLModContainer/LOADING]: Creating FMLModContainer instance for terrablender.core.TerraBlenderForge
[02May2025 18:43:26.012] [main/DEBUG] [net.minecraftforge.fml.javafmlmod.FMLJavaModLanguageProvider/LOADING]: Loading FMLModContainer from classloader cpw.mods.modlauncher.TransformingClassLoader@40ef0af8 - got cpw.mods.cl.ModuleClassLoader@15fb7a32
[02May2025 18:43:26.012] [main/DEBUG] [net.minecraftforge.fml.javafmlmod.FMLModContainer/LOADING]: Creating FMLModContainer instance for net.mehvahdjukaar.moonlight.forge.MoonlightForge
[02May2025 18:43:26.013] [main/DEBUG] [net.minecraftforge.fml.javafmlmod.FMLJavaModLanguageProvider/LOADING]: Loading FMLModContainer from classloader cpw.mods.modlauncher.TransformingClassLoader@40ef0af8 - got cpw.mods.cl.ModuleClassLoader@15fb7a32
[02May2025 18:43:26.013] [main/DEBUG] [net.minecraftforge.fml.javafmlmod.FMLModContainer/LOADING]: Creating FMLModContainer instance for biomesoplenty.forge.core.BiomesOPlentyForge
[02May2025 18:43:26.014] [main/DEBUG] [net.minecraftforge.fml.javafmlmod.FMLJavaModLanguageProvider/LOADING]: Loading FMLModContainer from classloader cpw.mods.modlauncher.TransformingClassLoader@40ef0af8 - got cpw.mods.cl.ModuleClassLoader@15fb7a32
[02May2025 18:43:26.014] [main/DEBUG] [net.minecraftforge.fml.javafmlmod.FMLModContainer/LOADING]: Creating FMLModContainer instance for com.bawnorton.mixinsquared.platform.forge.MixinSquaredMod
[02May2025 18:43:26.014] [main/DEBUG] [net.minecraftforge.fml.javafmlmod.FMLJavaModLanguageProvider/LOADING]: Loading FMLModContainer from classloader cpw.mods.modlauncher.TransformingClassLoader@40ef0af8 - got cpw.mods.cl.ModuleClassLoader@15fb7a32
[02May2025 18:43:26.015] [main/DEBUG] [net.minecraftforge.fml.javafmlmod.FMLModContainer/LOADING]: Creating FMLModContainer instance for snownee.jade.util.CommonProxy
[02May2025 18:43:26.018] [main/DEBUG] [net.minecraftforge.fml.javafmlmod.FMLJavaModLanguageProvider/LOADING]: Loading FMLModContainer from classloader cpw.mods.modlauncher.TransformingClassLoader@40ef0af8 - got cpw.mods.cl.ModuleClassLoader@15fb7a32
[02May2025 18:43:26.019] [main/DEBUG] [net.minecraftforge.fml.javafmlmod.FMLModContainer/LOADING]: Creating FMLModContainer instance for team.creative.creativecore.CreativeCore
[02May2025 18:43:26.020] [main/DEBUG] [net.minecraftforge.fml.javafmlmod.FMLJavaModLanguageProvider/LOADING]: Loading FMLModContainer from classloader cpw.mods.modlauncher.TransformingClassLoader@40ef0af8 - got cpw.mods.cl.ModuleClassLoader@15fb7a32
[02May2025 18:43:26.020] [main/DEBUG] [net.minecraftforge.fml.javafmlmod.FMLModContainer/LOADING]: Creating FMLModContainer instance for com.illusivesoulworks.spectrelib.SpectreForgeMod
[02May2025 18:43:26.021] [main/DEBUG] [net.minecraftforge.fml.javafmlmod.FMLJavaModLanguageProvider/LOADING]: Loading FMLModContainer from classloader cpw.mods.modlauncher.TransformingClassLoader@40ef0af8 - got cpw.mods.cl.ModuleClassLoader@15fb7a32
[02May2025 18:43:26.021] [main/DEBUG] [net.minecraftforge.fml.javafmlmod.FMLModContainer/LOADING]: Creating FMLModContainer instance for dev.enemeez.simplefarming.common.SimpleFarming
[02May2025 18:43:26.022] [main/DEBUG] [net.minecraftforge.fml.javafmlmod.FMLJavaModLanguageProvider/LOADING]: Loading FMLModContainer from classloader cpw.mods.modlauncher.TransformingClassLoader@40ef0af8 - got cpw.mods.cl.ModuleClassLoader@15fb7a32
[02May2025 18:43:26.022] [main/DEBUG] [net.minecraftforge.fml.javafmlmod.FMLModContainer/LOADING]: Creating FMLModContainer instance for com.teamresourceful.resourcefulconfig.forge.ResourcefulconfigForge
[02May2025 18:43:26.023] [main/DEBUG] [thedarkcolour.kotlinforforge.LoggerKt/LOADING]: Loading KotlinModContainer from classloader cpw.mods.modlauncher.TransformingClassLoader@40ef0af8 - got cpw.mods.cl.ModuleClassLoader@15fb7a32}
[02May2025 18:43:26.024] [main/DEBUG] [thedarkcolour.kotlinforforge.LoggerKt/LOADING]: Creating KotlinModContainer instance for thedarkcolour.kotlinforforge.test.KotlinForForge
[02May2025 18:43:26.026] [main/DEBUG] [net.minecraftforge.fml.javafmlmod.FMLJavaModLanguageProvider/LOADING]: Loading FMLModContainer from classloader cpw.mods.modlauncher.TransformingClassLoader@40ef0af8 - got cpw.mods.cl.ModuleClassLoader@15fb7a32
[02May2025 18:43:26.026] [main/DEBUG] [net.minecraftforge.fml.javafmlmod.FMLModContainer/LOADING]: Creating FMLModContainer instance for top.theillusivec4.curios.Curios
[02May2025 18:43:26.026] [main/DEBUG] [net.minecraftforge.fml.javafmlmod.FMLJavaModLanguageProvider/LOADING]: Loading FMLModContainer from classloader cpw.mods.modlauncher.TransformingClassLoader@40ef0af8 - got cpw.mods.cl.ModuleClassLoader@15fb7a32
[02May2025 18:43:26.027] [main/DEBUG] [net.minecraftforge.fml.javafmlmod.FMLModContainer/LOADING]: Creating FMLModContainer instance for org.violetmoon.zetaimplforge.mod.ZetaModForge
[02May2025 18:43:26.027] [main/DEBUG] [net.minecraftforge.fml.javafmlmod.FMLJavaModLanguageProvider/LOADING]: Loading FMLModContainer from classloader cpw.mods.modlauncher.TransformingClassLoader@40ef0af8 - got cpw.mods.cl.ModuleClassLoader@15fb7a32
[02May2025 18:43:26.028] [main/DEBUG] [net.minecraftforge.fml.javafmlmod.FMLModContainer/LOADING]: Creating FMLModContainer instance for org.violetmoon.quark.base.Quark
[02May2025 18:43:26.028] [main/DEBUG] [net.minecraftforge.fml.javafmlmod.FMLJavaModLanguageProvider/LOADING]: Loading FMLModContainer from classloader cpw.mods.modlauncher.TransformingClassLoader@40ef0af8 - got cpw.mods.cl.ModuleClassLoader@15fb7a32
[02May2025 18:43:26.028] [main/DEBUG] [net.minecraftforge.fml.javafmlmod.FMLModContainer/LOADING]: Creating FMLModContainer instance for net.mehvahdjukaar.supplementaries.forge.SupplementariesForge
[02May2025 18:43:26.029] [main/DEBUG] [net.minecraftforge.fml.javafmlmod.FMLJavaModLanguageProvider/LOADING]: Loading FMLModContainer from classloader cpw.mods.modlauncher.TransformingClassLoader@40ef0af8 - got cpw.mods.cl.ModuleClassLoader@15fb7a32
[02May2025 18:43:26.029] [main/DEBUG] [net.minecraftforge.fml.javafmlmod.FMLModContainer/LOADING]: Creating FMLModContainer instance for com.jtorleonstudios.bettervillage.Main
[02May2025 18:43:26.030] [main/DEBUG] [net.minecraftforge.fml.javafmlmod.FMLJavaModLanguageProvider/LOADING]: Loading FMLModContainer from classloader cpw.mods.modlauncher.TransformingClassLoader@40ef0af8 - got cpw.mods.cl.ModuleClassLoader@15fb7a32
[02May2025 18:43:26.030] [main/DEBUG] [net.minecraftforge.fml.javafmlmod.FMLModContainer/LOADING]: Creating FMLModContainer instance for dlovin.inventoryhud.InventoryHUD
[02May2025 18:43:26.031] [main/DEBUG] [net.minecraftforge.fml.javafmlmod.FMLJavaModLanguageProvider/LOADING]: Loading FMLModContainer from classloader cpw.mods.modlauncher.TransformingClassLoader@40ef0af8 - got cpw.mods.cl.ModuleClassLoader@15fb7a32
[02May2025 18:43:26.031] [main/DEBUG] [net.minecraftforge.fml.javafmlmod.FMLModContainer/LOADING]: Creating FMLModContainer instance for com.yungnickyoung.minecraft.betterstrongholds.BetterStrongholdsForge
[02May2025 18:43:26.031] [main/DEBUG] [net.minecraftforge.fml.javafmlmod.FMLJavaModLanguageProvider/LOADING]: Loading FMLModContainer from classloader cpw.mods.modlauncher.TransformingClassLoader@40ef0af8 - got cpw.mods.cl.ModuleClassLoader@15fb7a32
[02May2025 18:43:26.031] [main/DEBUG] [net.minecraftforge.fml.javafmlmod.FMLModContainer/LOADING]: Creating FMLModContainer instance for ovh.corail.tombstone.ModTombstone
[02May2025 18:43:26.032] [main/DEBUG] [net.minecraftforge.fml.javafmlmod.FMLJavaModLanguageProvider/LOADING]: Loading FMLModContainer from classloader cpw.mods.modlauncher.TransformingClassLoader@40ef0af8 - got cpw.mods.cl.ModuleClassLoader@15fb7a32
[02May2025 18:43:26.032] [main/DEBUG] [net.minecraftforge.fml.javafmlmod.FMLModContainer/LOADING]: Creating FMLModContainer instance for com.teamresourceful.resourcefullib.forge.ResourcefulLibForge
[02May2025 18:43:26.033] [main/DEBUG] [net.minecraftforge.fml.javafmlmod.FMLJavaModLanguageProvider/LOADING]: Loading FMLModContainer from classloader cpw.mods.modlauncher.TransformingClassLoader@40ef0af8 - got cpw.mods.cl.ModuleClassLoader@15fb7a32
[02May2025 18:43:26.033] [main/DEBUG] [net.minecraftforge.fml.javafmlmod.FMLModContainer/LOADING]: Creating FMLModContainer instance for com.rolfmao.upgradedcore.UpgradedCore
[02May2025 18:43:26.033] [main/DEBUG] [net.minecraftforge.fml.javafmlmod.FMLJavaModLanguageProvider/LOADING]: Loading FMLModContainer from classloader cpw.mods.modlauncher.TransformingClassLoader@40ef0af8 - got cpw.mods.cl.ModuleClassLoader@15fb7a32
[02May2025 18:43:26.034] [main/DEBUG] [net.minecraftforge.fml.javafmlmod.FMLModContainer/LOADING]: Creating FMLModContainer instance for dev.architectury.forge.ArchitecturyForge
[02May2025 18:43:26.034] [main/DEBUG] [net.minecraftforge.fml.javafmlmod.FMLJavaModLanguageProvider/LOADING]: Loading FMLModContainer from classloader cpw.mods.modlauncher.TransformingClassLoader@40ef0af8 - got cpw.mods.cl.ModuleClassLoader@15fb7a32
[02May2025 18:43:26.034] [main/DEBUG] [net.minecraftforge.fml.javafmlmod.FMLModContainer/LOADING]: Creating FMLModContainer instance for it.hurts.octostudios.octolib.forge.OctoLibForge
[02May2025 18:43:26.035] [main/DEBUG] [net.minecraftforge.fml.javafmlmod.FMLJavaModLanguageProvider/LOADING]: Loading FMLModContainer from classloader cpw.mods.modlauncher.TransformingClassLoader@40ef0af8 - got cpw.mods.cl.ModuleClassLoader@15fb7a32
[02May2025 18:43:26.035] [main/DEBUG] [net.minecraftforge.fml.javafmlmod.FMLModContainer/LOADING]: Creating FMLModContainer instance for squeek.appleskin.AppleSkin
[02May2025 18:43:26.035] [main/DEBUG] [net.minecraftforge.fml.javafmlmod.FMLJavaModLanguageProvider/LOADING]: Loading FMLModContainer from classloader cpw.mods.modlauncher.TransformingClassLoader@40ef0af8 - got cpw.mods.cl.ModuleClassLoader@15fb7a32
[02May2025 18:43:26.035] [main/DEBUG] [net.minecraftforge.fml.javafmlmod.FMLModContainer/LOADING]: Creating FMLModContainer instance for com.builtbroken.ai.improvements.AIImprovements
[02May2025 18:43:26.036] [main/DEBUG] [net.minecraftforge.fml.javafmlmod.FMLJavaModLanguageProvider/LOADING]: Loading FMLModContainer from classloader cpw.mods.modlauncher.TransformingClassLoader@40ef0af8 - got cpw.mods.cl.ModuleClassLoader@15fb7a32
[02May2025 18:43:26.036] [main/DEBUG] [net.minecraftforge.fml.javafmlmod.FMLModContainer/LOADING]: Creating FMLModContainer instance for com.lowdragmc.photon.forge.PhotonImpl
[02May2025 18:43:26.037] [main/DEBUG] [net.minecraftforge.fml.javafmlmod.FMLJavaModLanguageProvider/LOADING]: Loading FMLModContainer from classloader cpw.mods.modlauncher.TransformingClassLoader@40ef0af8 - got cpw.mods.cl.ModuleClassLoader@15fb7a32
[02May2025 18:43:26.037] [main/DEBUG] [net.minecraftforge.fml.javafmlmod.FMLModContainer/LOADING]: Creating FMLModContainer instance for be.florens.expandability.forge.ExpandAbilityForge
[02May2025 18:43:26.037] [main/DEBUG] [net.minecraftforge.fml.javafmlmod.FMLJavaModLanguageProvider/LOADING]: Loading FMLModContainer from classloader cpw.mods.modlauncher.TransformingClassLoader@40ef0af8 - got cpw.mods.cl.ModuleClassLoader@15fb7a32
[02May2025 18:43:26.037] [main/DEBUG] [net.minecraftforge.fml.javafmlmod.FMLModContainer/LOADING]: Creating FMLModContainer instance for com.yungnickyoung.minecraft.bettermineshafts.BetterMineshaftsForge
[02May2025 18:43:26.038] [main/DEBUG] [net.minecraftforge.fml.javafmlmod.FMLJavaModLanguageProvider/LOADING]: Loading FMLModContainer from classloader cpw.mods.modlauncher.TransformingClassLoader@40ef0af8 - got cpw.mods.cl.ModuleClassLoader@15fb7a32
[02May2025 18:43:26.038] [main/DEBUG] [net.minecraftforge.fml.javafmlmod.FMLModContainer/LOADING]: Creating FMLModContainer instance for net.mcreator.realmrpgquests.RealmrpgQuestsMod
[02May2025 18:43:26.039] [main/DEBUG] [net.minecraftforge.fml.javafmlmod.FMLJavaModLanguageProvider/LOADING]: Loading FMLModContainer from classloader cpw.mods.modlauncher.TransformingClassLoader@40ef0af8 - got cpw.mods.cl.ModuleClassLoader@15fb7a32
[02May2025 18:43:26.039] [main/DEBUG] [net.minecraftforge.fml.javafmlmod.FMLModContainer/LOADING]: Creating FMLModContainer instance for team.creative.playerrevive.PlayerRevive
[02May2025 18:43:26.040] [main/DEBUG] [net.minecraftforge.fml.javafmlmod.FMLJavaModLanguageProvider/LOADING]: Loading FMLModContainer from classloader cpw.mods.modlauncher.TransformingClassLoader@40ef0af8 - got cpw.mods.cl.ModuleClassLoader@15fb7a32
[02May2025 18:43:26.040] [main/DEBUG] [net.minecraftforge.fml.javafmlmod.FMLModContainer/LOADING]: Creating FMLModContainer instance for org.infernalstudios.nebs.NekosEnchantedBooks
[02May2025 18:43:26.041] [main/DEBUG] [net.minecraftforge.fml.javafmlmod.FMLJavaModLanguageProvider/LOADING]: Loading FMLModContainer from classloader cpw.mods.modlauncher.TransformingClassLoader@40ef0af8 - got cpw.mods.cl.ModuleClassLoader@15fb7a32
[02May2025 18:43:26.041] [main/DEBUG] [net.minecraftforge.fml.javafmlmod.FMLModContainer/LOADING]: Creating FMLModContainer instance for earth.terrarium.adastra.forge.AdAstraForge
[02May2025 18:43:26.073] [modloading-worker-0/DEBUG] [betterdungeons/]: Loaded com.yungnickyoung.minecraft.betterdungeons.services.ForgePlatformHelper@396c4056 for service interface com.yungnickyoung.minecraft.betterdungeons.services.IPlatformHelper
[02May2025 18:43:26.081] [modloading-worker-0/DEBUG] [betterdungeons/]: Loaded com.yungnickyoung.minecraft.betterdungeons.services.ForgeModulesLoader@2cd43463 for service interface com.yungnickyoung.minecraft.betterdungeons.services.IModulesLoader
[02May2025 18:43:26.131] [modloading-worker-0/DEBUG] [net.minecraftforge.fml.config.ConfigTracker/CONFIG]: Config file betterdungeons-forge-1_20.toml for betterdungeons tracking
[02May2025 18:43:26.141] [modloading-worker-0/DEBUG] [mixin/]: Mixing MixinLevelEvent from architectury.mixins.json into net.minecraftforge.event.level.LevelEvent
[02May2025 18:43:26.537] [modloading-worker-0/DEBUG] [net.minecraftforge.fml.javafmlmod.AutomaticEventSubscriber/LOADING]: Attempting to inject @EventBusSubscriber classes into the eventbus for betterdungeons
[02May2025 18:43:26.546] [modloading-worker-0/DEBUG] [net.minecraftforge.fml.javafmlmod.AutomaticEventSubscriber/LOADING]: Attempting to inject @EventBusSubscriber classes into the eventbus for kuma_api
[02May2025 18:43:26.900] [modloading-worker-0/DEBUG] [net.minecraftforge.fml.config.ConfigTracker/CONFIG]: Config file trashslot-common.toml for trashslot tracking
[02May2025 18:43:26.984] [modloading-worker-0/DEBUG] [net.minecraftforge.fml.javafmlmod.AutomaticEventSubscriber/LOADING]: Attempting to inject @EventBusSubscriber classes into the eventbus for trashslot
[02May2025 18:43:26.985] [modloading-worker-0/DEBUG] [net.minecraftforge.fml.javafmlmod.AutomaticEventSubscriber/LOADING]: Attempting to inject @EventBusSubscriber classes into the eventbus for geckolib
[02May2025 18:43:26.991] [modloading-worker-0/DEBUG] [net.minecraftforge.fml.javafmlmod.AutomaticEventSubscriber/LOADING]: Auto-subscribing software.bernie.example.GeckoLibMod to FORGE
[02May2025 18:43:26.992] [modloading-worker-0/DEBUG] [net.minecraftforge.fml.javafmlmod.AutomaticEventSubscriber/LOADING]: Auto-subscribing software.bernie.example.CommonListener to MOD
[02May2025 18:43:27.020] [modloading-worker-0/DEBUG] [net.minecraftforge.fml.javafmlmod.AutomaticEventSubscriber/LOADING]: Attempting to inject @EventBusSubscriber classes into the eventbus for botarium
[02May2025 18:43:27.033] [modloading-worker-0/DEBUG] [net.minecraftforge.fml.config.ConfigTracker/CONFIG]: Config file jei-server.toml for jei tracking
[02May2025 18:43:27.064] [modloading-worker-0/DEBUG] [net.minecraftforge.fml.javafmlmod.AutomaticEventSubscriber/LOADING]: Attempting to inject @EventBusSubscriber classes into the eventbus for jei
[02May2025 18:43:27.108] [modloading-worker-0/INFO] [com.jtorleonstudios.libraryferret.LibraryFerret/]: Initialize mod Library Ferret
[02May2025 18:43:27.174] [modloading-worker-0/INFO] [com.jtorleonstudios.libraryferret.LibraryFerret/]: Initialized mod Library Ferret
[02May2025 18:43:27.177] [modloading-worker-0/DEBUG] [net.minecraftforge.fml.javafmlmod.AutomaticEventSubscriber/LOADING]: Attempting to inject @EventBusSubscriber classes into the eventbus for libraryferret
[02May2025 18:43:27.177] [modloading-worker-0/DEBUG] [net.minecraftforge.fml.javafmlmod.AutomaticEventSubscriber/LOADING]: Auto-subscribing com.jtorleonstudios.libraryferret.CommonEvent to FORGE
[02May2025 18:43:27.178] [modloading-worker-0/DEBUG] [net.minecraftforge.fml.config.ConfigTracker/CONFIG]: Config file mowziesmobs-common.toml for mowziesmobs tracking
[02May2025 18:43:27.214] [modloading-worker-0/DEBUG] [net.minecraftforge.fml.config.ConfigTracker/CONFIG]: Config file sophisticatedcore-common.toml for sophisticatedcore tracking
[02May2025 18:43:27.214] [modloading-worker-0/DEBUG] [net.minecraftforge.fml.config.ConfigTracker/CONFIG]: Config file sophisticatedcore-client.toml for sophisticatedcore tracking
[02May2025 18:43:27.259] [modloading-worker-0/DEBUG] [mixin/]: Mixing ServerResourcesMixin from placebo.mixins.json into net.minecraft.server.ReloadableServerResources
[02May2025 18:43:27.262] [modloading-worker-0/DEBUG] [mixin/]: Mixing ReloadableServerResourcesMixin from balm.mixins.json into net.minecraft.server.ReloadableServerResources
[02May2025 18:43:27.263] [modloading-worker-0/DEBUG] [mixin/]: Renaming synthetic method lambda$loadResources$0(Lnet/minecraft/server/ReloadableServerResources;)V to mdcf8a4d$lambda$loadResources$0$0 in balm.mixins.json:ReloadableServerResourcesMixin
[02May2025 18:43:27.314] [modloading-worker-0/DEBUG] [mixin/]: Mixing PlayerListMixin from balm.mixins.json into net.minecraft.server.players.PlayerList
[02May2025 18:43:27.345] [modloading-worker-0/DEBUG] [mixin/]: Mixing accessor.RecipeManagerAccessor from farmersdelight.mixins.json into net.minecraft.world.item.crafting.RecipeManager
[02May2025 18:43:27.358] [modloading-worker-0/DEBUG] [mixin/]: Mixing ConditionHackMixin from moonlight.mixins.json into net.minecraft.server.packs.resources.SimplePreparableReloadListener
[02May2025 18:43:27.392] [modloading-worker-0/DEBUG] [net.minecraftforge.fml.javafmlmod.AutomaticEventSubscriber/LOADING]: Attempting to inject @EventBusSubscriber classes into the eventbus for mowziesmobs
[02May2025 18:43:27.393] [modloading-worker-0/DEBUG] [net.minecraftforge.fml.javafmlmod.AutomaticEventSubscriber/LOADING]: Auto-subscribing com.bobmowzie.mowziesmobs.server.sound.MMSounds to FORGE
[02May2025 18:43:27.394] [modloading-worker-0/DEBUG] [net.minecraftforge.fml.javafmlmod.AutomaticEventSubscriber/LOADING]: Auto-subscribing com.bobmowzie.mowziesmobs.server.inventory.ContainerHandler to MOD
[02May2025 18:43:27.394] [modloading-worker-0/DEBUG] [net.minecraftforge.fml.javafmlmod.AutomaticEventSubscriber/LOADING]: Auto-subscribing com.bobmowzie.mowziesmobs.server.entity.EntityHandler to MOD
[02May2025 18:43:27.395] [modloading-worker-0/DEBUG] [net.minecraftforge.fml.javafmlmod.AutomaticEventSubscriber/LOADING]: Auto-subscribing com.bobmowzie.mowziesmobs.server.config.ConfigHandler to MOD
[02May2025 18:43:27.391] [modloading-worker-0/DEBUG] [net.minecraftforge.fml.javafmlmod.AutomaticEventSubscriber/LOADING]: Attempting to inject @EventBusSubscriber classes into the eventbus for sophisticatedcore
[02May2025 18:43:27.399] [modloading-worker-0/DEBUG] [net.minecraftforge.fml.javafmlmod.AutomaticEventSubscriber/LOADING]: Auto-subscribing com.bobmowzie.mowziesmobs.MowziesMobs to FORGE
[02May2025 18:43:27.399] [modloading-worker-0/DEBUG] [net.minecraftforge.fml.javafmlmod.AutomaticEventSubscriber/LOADING]: Auto-subscribing com.bobmowzie.mowziesmobs.datagen.DataGenerators to MOD
[02May2025 18:43:27.401] [modloading-worker-0/DEBUG] [net.minecraftforge.fml.javafmlmod.AutomaticEventSubscriber/LOADING]: Attempting to inject @EventBusSubscriber classes into the eventbus for sodium
[02May2025 18:43:27.441] [modloading-worker-0/DEBUG] [net.minecraftforge.fml.javafmlmod.AutomaticEventSubscriber/LOADING]: Attempting to inject @EventBusSubscriber classes into the eventbus for rubidium
[02May2025 18:43:27.465] [modloading-worker-0/DEBUG] [net.minecraftforge.fml.config.ConfigTracker/CONFIG]: Config file waystones-common.toml for waystones tracking
[02May2025 18:43:27.535] [modloading-worker-0/DEBUG] [net.minecraftforge.fml.config.ConfigTracker/CONFIG]: Config file cookingforblockheads-common.toml for cookingforblockheads tracking
[02May2025 18:43:27.635] [modloading-worker-0/DEBUG] [net.minecraftforge.fml.javafmlmod.AutomaticEventSubscriber/LOADING]: Attempting to inject @EventBusSubscriber classes into the eventbus for waystones
[02May2025 18:43:27.666] [modloading-worker-0/DEBUG] [net.minecraftforge.fml.javafmlmod.AutomaticEventSubscriber/LOADING]: Attempting to inject @EventBusSubscriber classes into the eventbus for placebo
[02May2025 18:43:27.668] [modloading-worker-0/DEBUG] [net.minecraftforge.fml.javafmlmod.AutomaticEventSubscriber/LOADING]: Auto-subscribing dev.shadowsoffire.placebo.util.PlaceboTaskQueue to FORGE
[02May2025 18:43:27.693] [modloading-worker-0/DEBUG] [Comforts/]: Loaded com.illusivesoulworks.comforts.platform.ForgeSleepEvents@3686679d for service interface com.illusivesoulworks.comforts.platform.services.ISleepEvents
[02May2025 18:43:27.694] [modloading-worker-0/DEBUG] [Comforts/]: Loaded com.illusivesoulworks.comforts.platform.ForgeRegistryUtil@4041b582 for service interface com.illusivesoulworks.comforts.platform.services.IRegistryUtil
[02May2025 18:43:27.702] [modloading-worker-0/DEBUG] [Comforts/]: Loaded com.illusivesoulworks.comforts.platform.ForgeRegistryProvider@26f2c146 for service interface com.illusivesoulworks.comforts.platform.services.IRegistryFactory
[02May2025 18:43:27.703] [modloading-worker-0/DEBUG] [Comforts/]: Loaded com.illusivesoulworks.comforts.platform.ForgePlatformHelper@79db094c for service interface com.illusivesoulworks.comforts.platform.services.IPlatformHelper
[02May2025 18:43:27.791] [modloading-worker-0/DEBUG] [net.minecraftforge.fml.javafmlmod.AutomaticEventSubscriber/LOADING]: Attempting to inject @EventBusSubscriber classes into the eventbus for cookingforblockheads
[02May2025 18:43:27.791] [modloading-worker-0/DEBUG] [net.minecraftforge.fml.javafmlmod.AutomaticEventSubscriber/LOADING]: Auto-subscribing net.blay09.mods.cookingforblockheads.compat.CompatCapabilityLoader to FORGE
[02May2025 18:43:27.804] [modloading-worker-0/DEBUG] [SpectreLib/CONFIG]: Config file comforts-server.toml for comforts added to tracking
[02May2025 18:43:27.810] [modloading-worker-0/DEBUG] [net.minecraftforge.fml.javafmlmod.AutomaticEventSubscriber/LOADING]: Attempting to inject @EventBusSubscriber classes into the eventbus for comforts
[02May2025 18:43:27.840] [modloading-worker-0/DEBUG] [net.minecraftforge.fml.config.ConfigTracker/CONFIG]: Config file citadel-common.toml for citadel tracking
[02May2025 18:43:27.851] [modloading-worker-0/DEBUG] [net.minecraftforge.fml.javafmlmod.AutomaticEventSubscriber/LOADING]: Attempting to inject @EventBusSubscriber classes into the eventbus for citadel
[02May2025 18:43:27.851] [modloading-worker-0/DEBUG] [net.minecraftforge.fml.javafmlmod.AutomaticEventSubscriber/LOADING]: Auto-subscribing com.github.alexthe666.citadel.ServerProxy to MOD
[02May2025 18:43:28.075] [modloading-worker-0/INFO] [dev.architectury.networking.forge.NetworkManagerImpl/]: Registering C2S receiver with id architectury:sync_ids
[02May2025 18:43:28.077] [modloading-worker-0/INFO] [dev.architectury.networking.forge.NetworkManagerImpl/]: Registering C2S receiver with id artifacts:networking_channel/42a7ad70b1cc371599a0eff744096b8a
[02May2025 18:43:28.091] [modloading-worker-0/INFO] [dev.architectury.networking.forge.NetworkManagerImpl/]: Registering C2S receiver with id artifacts:networking_channel/74a5e841822a3a87854ae896a33430d6
[02May2025 18:43:28.094] [modloading-worker-0/INFO] [dev.architectury.networking.forge.NetworkManagerImpl/]: Registering C2S receiver with id artifacts:networking_channel/eb3d1e2748533430848cadf0f37c7e9c
[02May2025 18:43:28.099] [modloading-worker-0/INFO] [dev.architectury.networking.forge.NetworkManagerImpl/]: Registering C2S receiver with id artifacts:networking_channel/91c8520f19f93b3e8b6a727568e194ab
[02May2025 18:43:28.103] [modloading-worker-0/INFO] [dev.architectury.networking.forge.NetworkManagerImpl/]: Registering C2S receiver with id artifacts:networking_channel/8c2784d778293fd482ed84b8aa5fedb9
[02May2025 18:43:28.106] [modloading-worker-0/INFO] [dev.architectury.networking.forge.NetworkManagerImpl/]: Registering C2S receiver with id artifacts:networking_channel/ea038224ea783d40b2863f52239e2604
[02May2025 18:43:28.113] [modloading-worker-0/INFO] [dev.architectury.networking.forge.NetworkManagerImpl/]: Registering C2S receiver with id artifacts:networking_channel/97ad64b7ecaf33209991c4f031501a58
[02May2025 18:43:28.227] [modloading-worker-0/DEBUG] [mixin/]: Mixing item.wearable.WearableArtifactItemMixin from mixins.artifacts.forge.json into artifacts.item.wearable.WearableArtifactItem
[02May2025 18:43:28.274] [modloading-worker-0/DEBUG] [mixin/]: Mixing item.umbrella.UmbrellaItemMixin from mixins.artifacts.forge.json into artifacts.item.UmbrellaItem
[02May2025 18:43:28.416] [modloading-worker-0/DEBUG] [net.minecraftforge.fml.config.ConfigTracker/CONFIG]: Config file alexsmobs.toml for alexsmobs tracking
[02May2025 18:43:28.462] [modloading-worker-0/DEBUG] [net.minecraftforge.fml.javafmlmod.AutomaticEventSubscriber/LOADING]: Attempting to inject @EventBusSubscriber classes into the eventbus for artifacts
[02May2025 18:43:28.489] [modloading-worker-0/DEBUG] [net.minecraftforge.fml.javafmlmod.AutomaticEventSubscriber/LOADING]: Attempting to inject @EventBusSubscriber classes into the eventbus for alexsmobs
[02May2025 18:43:28.489] [modloading-worker-0/DEBUG] [net.minecraftforge.fml.javafmlmod.AutomaticEventSubscriber/LOADING]: Auto-subscribing com.github.alexthe666.alexsmobs.world.AMWorldRegistry to MOD
[02May2025 18:43:28.498] [modloading-worker-0/DEBUG] [net.minecraftforge.fml.javafmlmod.AutomaticEventSubscriber/LOADING]: Auto-subscribing com.github.alexthe666.alexsmobs.tileentity.AMTileEntityRegistry to MOD
[02May2025 18:43:28.498] [modloading-worker-0/DEBUG] [net.minecraftforge.fml.javafmlmod.AutomaticEventSubscriber/LOADING]: Auto-subscribing com.github.alexthe666.alexsmobs.event.ServerEvents to FORGE
[02May2025 18:43:28.501] [modloading-worker-0/DEBUG] [net.minecraftforge.fml.javafmlmod.AutomaticEventSubscriber/LOADING]: Auto-subscribing com.github.alexthe666.alexsmobs.entity.AMEntityRegistry to MOD
[02May2025 18:43:28.504] [modloading-worker-0/DEBUG] [net.minecraftforge.fml.javafmlmod.AutomaticEventSubscriber/LOADING]: Auto-subscribing com.github.alexthe666.alexsmobs.CommonProxy to MOD
[02May2025 18:43:28.509] [modloading-worker-0/DEBUG] [net.minecraftforge.fml.javafmlmod.AutomaticEventSubscriber/LOADING]: Auto-subscribing com.github.alexthe666.alexsmobs.AlexsMobs to FORGE
[02May2025 18:43:28.518] [modloading-worker-0/DEBUG] [net.minecraftforge.fml.javafmlmod.AutomaticEventSubscriber/LOADING]: Attempting to inject @EventBusSubscriber classes into the eventbus for mixinextras
[02May2025 18:43:28.716] [modloading-worker-0/DEBUG] [net.minecraftforge.fml.javafmlmod.AutomaticEventSubscriber/LOADING]: Attempting to inject @EventBusSubscriber classes into the eventbus for yungsapi
[02May2025 18:43:28.722] [modloading-worker-0/DEBUG] [net.minecraftforge.fml.javafmlmod.AutomaticEventSubscriber/LOADING]: Attempting to inject @EventBusSubscriber classes into the eventbus for glitchcore
[02May2025 18:43:28.725] [modloading-worker-0/DEBUG] [net.minecraftforge.fml.javafmlmod.AutomaticEventSubscriber/LOADING]: Auto-subscribing glitchcore.forge.handlers.VillagerTradesEventHandler to FORGE
[02May2025 18:43:28.733] [modloading-worker-0/DEBUG] [net.minecraftforge.fml.javafmlmod.AutomaticEventSubscriber/LOADING]: Auto-subscribing glitchcore.forge.handlers.TooltipEventHandler to FORGE
[02May2025 18:43:28.739] [modloading-worker-0/DEBUG] [net.minecraftforge.fml.javafmlmod.AutomaticEventSubscriber/LOADING]: Auto-subscribing glitchcore.forge.handlers.ToolModificationEventHandler to FORGE
[02May2025 18:43:28.744] [modloading-worker-0/DEBUG] [net.minecraftforge.fml.javafmlmod.AutomaticEventSubscriber/LOADING]: Auto-subscribing glitchcore.forge.handlers.TickEventHandler to FORGE
[02May2025 18:43:28.750] [modloading-worker-0/DEBUG] [net.minecraftforge.fml.javafmlmod.AutomaticEventSubscriber/LOADING]: Auto-subscribing glitchcore.forge.handlers.TagsUpdatedEventHandler to FORGE
[02May2025 18:43:28.759] [modloading-worker-0/DEBUG] [net.minecraftforge.fml.javafmlmod.AutomaticEventSubscriber/LOADING]: Auto-subscribing glitchcore.forge.handlers.RegistryEventHandler to MOD
[02May2025 18:43:28.765] [modloading-worker-0/DEBUG] [net.minecraftforge.fml.javafmlmod.AutomaticEventSubscriber/LOADING]: Auto-subscribing glitchcore.forge.handlers.RegisterCommandsEventHandler to FORGE
[02May2025 18:43:28.769] [modloading-worker-0/DEBUG] [net.minecraftforge.fml.javafmlmod.AutomaticEventSubscriber/LOADING]: Auto-subscribing glitchcore.forge.handlers.PlayerLoggedInEventHandler to FORGE
[02May2025 18:43:28.774] [modloading-worker-0/DEBUG] [net.minecraftforge.fml.javafmlmod.AutomaticEventSubscriber/LOADING]: Auto-subscribing glitchcore.forge.handlers.InteractionEventHandler to FORGE
[02May2025 18:43:28.896] [modloading-worker-0/DEBUG] [net.minecraftforge.fml.config.ConfigTracker/CONFIG]: Config file sophisticatedbackpacks-server.toml for sophisticatedbackpacks tracking
[02May2025 18:43:28.896] [modloading-worker-0/DEBUG] [net.minecraftforge.fml.config.ConfigTracker/CONFIG]: Config file sophisticatedbackpacks-common.toml for sophisticatedbackpacks tracking
[02May2025 18:43:29.160] [modloading-worker-0/DEBUG] [net.minecraftforge.fml.javafmlmod.AutomaticEventSubscriber/LOADING]: Attempting to inject @EventBusSubscriber classes into the eventbus for horrrs_pvz
[02May2025 18:43:29.161] [modloading-worker-0/DEBUG] [net.minecraftforge.fml.javafmlmod.AutomaticEventSubscriber/LOADING]: Auto-subscribing net.mcreator.horrrspvz.procedures.WitchHazelSummonProcedure to FORGE
[02May2025 18:43:29.164] [modloading-worker-0/DEBUG] [net.minecraftforge.fml.javafmlmod.AutomaticEventSubscriber/LOADING]: Auto-subscribing net.mcreator.horrrspvz.procedures.TextShowProcedure to FORGE
[02May2025 18:43:29.167] [modloading-worker-0/DEBUG] [net.minecraftforge.fml.javafmlmod.AutomaticEventSubscriber/LOADING]: Auto-subscribing net.mcreator.horrrspvz.procedures.SunPickupProcedure to FORGE
[02May2025 18:43:29.168] [modloading-worker-0/DEBUG] [net.minecraftforge.fml.javafmlmod.AutomaticEventSubscriber/LOADING]: Auto-subscribing net.mcreator.horrrspvz.procedures.SpikerockDeadProcedure to FORGE
[02May2025 18:43:29.169] [modloading-worker-0/DEBUG] [net.minecraftforge.fml.javafmlmod.AutomaticEventSubscriber/LOADING]: Auto-subscribing net.mcreator.horrrspvz.procedures.PumpkinWorkProcedure to FORGE
[02May2025 18:43:29.170] [modloading-worker-0/DEBUG] [net.minecraftforge.fml.javafmlmod.AutomaticEventSubscriber/LOADING]: Auto-subscribing net.mcreator.horrrspvz.procedures.PumpkinCardProtectProcedure to FORGE
[02May2025 18:43:29.171] [modloading-worker-0/DEBUG] [net.minecraftforge.fml.javafmlmod.AutomaticEventSubscriber/LOADING]: Auto-subscribing net.mcreator.horrrspvz.procedures.PlantMoveLockProcedure to FORGE
[02May2025 18:43:29.176] [modloading-worker-0/DEBUG] [net.minecraftforge.fml.javafmlmod.AutomaticEventSubscriber/LOADING]: Auto-subscribing net.mcreator.horrrspvz.procedures.PlantEssenceGetProcedure to FORGE
[02May2025 18:43:29.178] [modloading-worker-0/DEBUG] [net.minecraftforge.fml.javafmlmod.AutomaticEventSubscriber/LOADING]: Auto-subscribing net.mcreator.horrrspvz.procedures.ItemUseProcedure to FORGE
[02May2025 18:43:29.180] [modloading-worker-0/DEBUG] [net.minecraftforge.fml.javafmlmod.AutomaticEventSubscriber/LOADING]: Auto-subscribing net.mcreator.horrrspvz.procedures.GardeningGlovesWorkProcedure to FORGE
[02May2025 18:43:29.188] [modloading-worker-0/DEBUG] [net.minecraftforge.fml.javafmlmod.AutomaticEventSubscriber/LOADING]: Auto-subscribing net.mcreator.horrrspvz.procedures.ChompKillProcedure to FORGE
[02May2025 18:43:29.189] [modloading-worker-0/DEBUG] [net.minecraftforge.fml.javafmlmod.AutomaticEventSubscriber/LOADING]: Auto-subscribing net.mcreator.horrrspvz.init.ItemAnimationFactory to FORGE
[02May2025 18:43:29.190] [modloading-worker-0/DEBUG] [net.minecraftforge.fml.javafmlmod.AutomaticEventSubscriber/LOADING]: Attempting to inject @EventBusSubscriber classes into the eventbus for sophisticatedbackpacks
[02May2025 18:43:29.194] [modloading-worker-0/DEBUG] [net.minecraftforge.fml.javafmlmod.AutomaticEventSubscriber/LOADING]: Auto-subscribing net.mcreator.horrrspvz.init.HorrrsPvzModTrades to FORGE
[02May2025 18:43:29.196] [modloading-worker-0/DEBUG] [net.minecraftforge.fml.javafmlmod.AutomaticEventSubscriber/LOADING]: Auto-subscribing net.mcreator.horrrspvz.init.HorrrsPvzModEntities to MOD
[02May2025 18:43:29.201] [modloading-worker-0/DEBUG] [net.minecraftforge.fml.javafmlmod.AutomaticEventSubscriber/LOADING]: Auto-subscribing net.mcreator.horrrspvz.init.EntityAnimationFactory to FORGE
[02May2025 18:43:29.232] [modloading-worker-0/INFO] [LowDragLib/]: LowDragLib is initializing on platform: Forge
[02May2025 18:43:29.510] [modloading-worker-0/DEBUG] [net.minecraftforge.fml.javafmlmod.AutomaticEventSubscriber/LOADING]: Attempting to inject @EventBusSubscriber classes into the eventbus for relics
[02May2025 18:43:29.510] [modloading-worker-0/DEBUG] [net.minecraftforge.fml.javafmlmod.AutomaticEventSubscriber/LOADING]: Auto-subscribing it.hurts.sskirillss.relics.network.NetworkHandler to MOD
[02May2025 18:43:29.511] [modloading-worker-0/DEBUG] [net.minecraftforge.fml.javafmlmod.AutomaticEventSubscriber/LOADING]: Auto-subscribing it.hurts.sskirillss.relics.items.relics.ring.ChorusInhibitorItem$Events to FORGE
[02May2025 18:43:29.517] [modloading-worker-0/DEBUG] [net.minecraftforge.fml.javafmlmod.AutomaticEventSubscriber/LOADING]: Auto-subscribing it.hurts.sskirillss.relics.items.relics.ring.BastionRingItem$Events to FORGE
[02May2025 18:43:29.521] [modloading-worker-0/DEBUG] [net.minecraftforge.fml.javafmlmod.AutomaticEventSubscriber/LOADING]: Auto-subscribing it.hurts.sskirillss.relics.items.relics.necklace.ReflectionNecklaceItem$ReflectionNecklaceServerEvents to FORGE
[02May2025 18:43:29.522] [modloading-worker-0/DEBUG] [net.minecraftforge.fml.javafmlmod.AutomaticEventSubscriber/LOADING]: Auto-subscribing it.hurts.sskirillss.relics.items.relics.necklace.HolyLocketItem$Events to FORGE
[02May2025 18:43:29.535] [modloading-worker-0/DEBUG] [net.minecraftforge.fml.javafmlmod.AutomaticEventSubscriber/LOADING]: Auto-subscribing it.hurts.sskirillss.relics.items.relics.hands.WoolMittenItem$Events to FORGE
[02May2025 18:43:29.539] [modloading-worker-0/DEBUG] [net.minecraftforge.fml.javafmlmod.AutomaticEventSubscriber/LOADING]: Auto-subscribing it.hurts.sskirillss.relics.items.relics.hands.RageGloveItem$Events to FORGE
[02May2025 18:43:29.541] [modloading-worker-0/DEBUG] [net.minecraftforge.fml.javafmlmod.AutomaticEventSubscriber/LOADING]: Auto-subscribing it.hurts.sskirillss.relics.items.relics.feet.RollerSkatesItem$Events to FORGE
[02May2025 18:43:29.547] [modloading-worker-0/DEBUG] [net.minecraftforge.fml.javafmlmod.AutomaticEventSubscriber/LOADING]: Auto-subscribing it.hurts.sskirillss.relics.items.relics.feet.MagmaWalkerItem to FORGE
[02May2025 18:43:29.581] [modloading-worker-0/DEBUG] [net.minecraftforge.fml.javafmlmod.AutomaticEventSubscriber/LOADING]: Auto-subscribing it.hurts.sskirillss.relics.items.relics.feet.IceBreakerItem$Events to FORGE
[02May2025 18:43:29.584] [modloading-worker-0/DEBUG] [net.minecraftforge.fml.javafmlmod.AutomaticEventSubscriber/LOADING]: Auto-subscribing it.hurts.sskirillss.relics.items.relics.feet.AquaWalkerItem to FORGE
[02May2025 18:43:29.588] [modloading-worker-0/DEBUG] [net.minecraftforge.fml.javafmlmod.AutomaticEventSubscriber/LOADING]: Auto-subscribing it.hurts.sskirillss.relics.items.relics.feet.AmphibianBootItem$Events to FORGE
[02May2025 18:43:29.589] [modloading-worker-0/DEBUG] [net.minecraftforge.fml.javafmlmod.AutomaticEventSubscriber/LOADING]: Auto-subscribing it.hurts.sskirillss.relics.items.relics.charm.SporeSackItem$Events to FORGE
[02May2025 18:43:29.601] [modloading-worker-0/DEBUG] [net.minecraftforge.fml.javafmlmod.AutomaticEventSubscriber/LOADING]: Auto-subscribing it.hurts.sskirillss.relics.items.relics.belt.LeatherBeltItem to FORGE
[02May2025 18:43:29.606] [modloading-worker-0/DEBUG] [net.minecraftforge.fml.javafmlmod.AutomaticEventSubscriber/LOADING]: Auto-subscribing it.hurts.sskirillss.relics.items.relics.belt.HunterBeltItem$HunterBeltEvents to FORGE
[02May2025 18:43:29.608] [modloading-worker-0/DEBUG] [net.minecraftforge.fml.javafmlmod.AutomaticEventSubscriber/LOADING]: Auto-subscribing it.hurts.sskirillss.relics.items.relics.belt.DrownedBeltItem$Events to FORGE
[02May2025 18:43:29.614] [modloading-worker-0/DEBUG] [net.minecraftforge.fml.javafmlmod.AutomaticEventSubscriber/LOADING]: Auto-subscribing it.hurts.sskirillss.relics.items.relics.back.MidnightRobeItem$ServerEvents to FORGE
[02May2025 18:43:29.617] [modloading-worker-0/DEBUG] [net.minecraftforge.fml.javafmlmod.AutomaticEventSubscriber/LOADING]: Auto-subscribing it.hurts.sskirillss.relics.items.relics.back.ElytraBoosterItem to FORGE
[02May2025 18:43:29.620] [modloading-worker-0/DEBUG] [net.minecraftforge.fml.javafmlmod.AutomaticEventSubscriber/LOADING]: Auto-subscribing it.hurts.sskirillss.relics.items.relics.back.ArrowQuiverItem$Events to FORGE
[02May2025 18:43:29.637] [modloading-worker-0/DEBUG] [net.minecraftforge.fml.javafmlmod.AutomaticEventSubscriber/LOADING]: Auto-subscribing it.hurts.sskirillss.relics.items.relics.SpatialSignItem$Events to FORGE
[02May2025 18:43:29.640] [modloading-worker-0/DEBUG] [net.minecraftforge.fml.javafmlmod.AutomaticEventSubscriber/LOADING]: Auto-subscribing it.hurts.sskirillss.relics.items.relics.MagicMirrorItem$ServerEvents to FORGE
[02May2025 18:43:29.641] [modloading-worker-0/DEBUG] [net.minecraftforge.fml.javafmlmod.AutomaticEventSubscriber/LOADING]: Auto-subscribing it.hurts.sskirillss.relics.items.relics.InfinityHamItem$Events to FORGE
[02May2025 18:43:29.645] [modloading-worker-0/DEBUG] [net.minecraftforge.fml.javafmlmod.AutomaticEventSubscriber/LOADING]: Auto-subscribing it.hurts.sskirillss.relics.init.CommandRegistry to FORGE
[02May2025 18:43:29.646] [modloading-worker-0/DEBUG] [net.minecraftforge.fml.javafmlmod.AutomaticEventSubscriber/LOADING]: Auto-subscribing it.hurts.sskirillss.relics.init.CapabilityRegistry to FORGE
[02May2025 18:43:29.654] [modloading-worker-0/DEBUG] [net.minecraftforge.fml.javafmlmod.AutomaticEventSubscriber/LOADING]: Auto-subscribing it.hurts.sskirillss.relics.entities.ArrowRainEntity$Events to FORGE
[02May2025 18:43:29.655] [modloading-worker-0/DEBUG] [net.minecraftforge.fml.javafmlmod.AutomaticEventSubscriber/LOADING]: Auto-subscribing it.hurts.sskirillss.relics.effects.BleedingEffect$Events to FORGE
[02May2025 18:43:29.657] [modloading-worker-0/DEBUG] [net.minecraftforge.fml.javafmlmod.AutomaticEventSubscriber/LOADING]: Auto-subscribing it.hurts.sskirillss.relics.effects.AntiHealEffect$Events to FORGE
[02May2025 18:43:29.659] [modloading-worker-0/DEBUG] [net.minecraftforge.fml.javafmlmod.AutomaticEventSubscriber/LOADING]: Auto-subscribing it.hurts.sskirillss.relics.capability.handlers.SyncHandler to FORGE
[02May2025 18:43:29.742] [modloading-worker-0/DEBUG] [net.minecraftforge.fml.config.ConfigTracker/CONFIG]: Config file balm-common.toml for balm tracking
[02May2025 18:43:29.753] [modloading-worker-0/DEBUG] [net.minecraftforge.fml.javafmlmod.AutomaticEventSubscriber/LOADING]: Attempting to inject @EventBusSubscriber classes into the eventbus for balm
[02May2025 18:43:29.855] [modloading-worker-0/DEBUG] [Carry On/]: Loaded tschipp.carryon.platform.ForgePlatformHelper@474be6b0 for service interface tschipp.carryon.platform.services.IPlatformHelper
[02May2025 18:43:29.856] [modloading-worker-0/DEBUG] [Carry On/]: Loaded tschipp.carryon.platform.ForgeGamestagesHelper@1ba3b6a6 for service interface tschipp.carryon.platform.services.IGamestagePlatformHelper
[02May2025 18:43:29.878] [modloading-worker-0/DEBUG] [net.minecraftforge.fml.config.ConfigTracker/CONFIG]: Config file carryon-common.toml for carryon tracking
[02May2025 18:43:29.881] [modloading-worker-0/DEBUG] [net.minecraftforge.fml.config.ConfigTracker/CONFIG]: Config file carryon-client.toml for carryon tracking
[02May2025 18:43:29.881] [modloading-worker-0/DEBUG] [net.minecraftforge.fml.javafmlmod.AutomaticEventSubscriber/LOADING]: Attempting to inject @EventBusSubscriber classes into the eventbus for carryon
[02May2025 18:43:29.881] [modloading-worker-0/DEBUG] [net.minecraftforge.fml.javafmlmod.AutomaticEventSubscriber/LOADING]: Auto-subscribing tschipp.carryon.CarryOnForge to MOD
[02May2025 18:43:29.881] [modloading-worker-0/DEBUG] [net.minecraftforge.fml.javafmlmod.AutomaticEventSubscriber/LOADING]: Auto-subscribing tschipp.carryon.events.CommonEvents to FORGE
[02May2025 18:43:29.906] [modloading-worker-0/DEBUG] [net.minecraftforge.fml.javafmlmod.AutomaticEventSubscriber/LOADING]: Auto-subscribing tschipp.carryon.events.ModBusEvents to MOD
[02May2025 18:43:29.917] [modloading-worker-0/DEBUG] [net.minecraftforge.fml.javafmlmod.AutomaticEventSubscriber/LOADING]: Attempting to inject @EventBusSubscriber classes into the eventbus for cloth_config
[02May2025 18:43:29.918] [modloading-worker-0/DEBUG] [net.minecraftforge.versions.forge.ForgeVersion/CORE]: Forge Version package package net.minecraftforge.versions.forge, Forge, version 47.3 from cpw.mods.modlauncher.TransformingClassLoader@40ef0af8
[02May2025 18:43:29.918] [modloading-worker-0/DEBUG] [net.minecraftforge.versions.forge.ForgeVersion/CORE]: Found Forge version 47.3.7
[02May2025 18:43:29.918] [modloading-worker-0/DEBUG] [net.minecraftforge.versions.forge.ForgeVersion/CORE]: Found Forge spec 47.3
[02May2025 18:43:29.918] [modloading-worker-0/DEBUG] [net.minecraftforge.versions.forge.ForgeVersion/CORE]: Found Forge group net.minecraftforge
[02May2025 18:43:29.922] [modloading-worker-0/DEBUG] [net.minecraftforge.versions.mcp.MCPVersion/CORE]: MCP Version package package net.minecraftforge.versions.mcp, Minecraft, version 1.20.1 from cpw.mods.modlauncher.TransformingClassLoader@40ef0af8
[02May2025 18:43:29.923] [modloading-worker-0/DEBUG] [net.minecraftforge.versions.mcp.MCPVersion/CORE]: Found MC version information 1.20.1
[02May2025 18:43:29.923] [modloading-worker-0/DEBUG] [net.minecraftforge.versions.mcp.MCPVersion/CORE]: Found MCP version information 20230612.114412
[02May2025 18:43:29.923] [modloading-worker-0/INFO] [net.minecraftforge.common.ForgeMod/FORGEMOD]: Forge mod loading, version 47.3.7, for MC 1.20.1 with MCP 20230612.114412
[02May2025 18:43:29.924] [modloading-worker-0/INFO] [net.minecraftforge.common.MinecraftForge/FORGE]: MinecraftForge v47.3.7 Initialized
[02May2025 18:43:30.017] [modloading-worker-0/DEBUG] [io.netty.util.internal.PlatformDependent0/]: -Dio.netty.noUnsafe: false
[02May2025 18:43:30.017] [modloading-worker-0/DEBUG] [io.netty.util.internal.PlatformDependent0/]: Java version: 17
[02May2025 18:43:30.018] [modloading-worker-0/DEBUG] [io.netty.util.internal.PlatformDependent0/]: sun.misc.Unsafe.theUnsafe: available
[02May2025 18:43:30.019] [modloading-worker-0/DEBUG] [io.netty.util.internal.PlatformDependent0/]: sun.misc.Unsafe.copyMemory: available
[02May2025 18:43:30.022] [modloading-worker-0/DEBUG] [io.netty.util.internal.PlatformDependent0/]: sun.misc.Unsafe.storeFence: available
[02May2025 18:43:30.022] [modloading-worker-0/DEBUG] [io.netty.util.internal.PlatformDependent0/]: java.nio.Buffer.address: available
[02May2025 18:43:30.023] [modloading-worker-0/DEBUG] [io.netty.util.internal.PlatformDependent0/]: direct buffer constructor: unavailable
java.lang.UnsupportedOperationException: Reflective setAccessible(true) disabled
	at io.netty.util.internal.ReflectionUtil.trySetAccessible(ReflectionUtil.java:31) ~[netty-common-4.1.82.Final.jar%2382!/:4.1.82.Final]
	at io.netty.util.internal.PlatformDependent0$5.run(PlatformDependent0.java:288) ~[netty-common-4.1.82.Final.jar%2382!/:4.1.82.Final]
	at java.security.AccessController.doPrivileged(AccessController.java:318) ~[?:?]
	at io.netty.util.internal.PlatformDependent0.<clinit>(PlatformDependent0.java:282) ~[netty-common-4.1.82.Final.jar%2382!/:4.1.82.Final]
	at io.netty.util.internal.PlatformDependent.isAndroid(PlatformDependent.java:333) ~[netty-common-4.1.82.Final.jar%2382!/:4.1.82.Final]
	at io.netty.util.internal.PlatformDependent.<clinit>(PlatformDependent.java:88) ~[netty-common-4.1.82.Final.jar%2382!/:4.1.82.Final]
	at io.netty.util.ConstantPool.<init>(ConstantPool.java:34) ~[netty-common-4.1.82.Final.jar%2382!/:4.1.82.Final]
	at io.netty.util.AttributeKey$1.<init>(AttributeKey.java:27) ~[netty-common-4.1.82.Final.jar%2382!/:4.1.82.Final]
	at io.netty.util.AttributeKey.<clinit>(AttributeKey.java:27) ~[netty-common-4.1.82.Final.jar%2382!/:4.1.82.Final]
	at net.minecraftforge.network.NetworkConstants.<clinit>(NetworkConstants.java:34) ~[forge-1.20.1-47.3.7-universal.jar%23218!/:?]
	at net.minecraftforge.common.ForgeMod.<init>(ForgeMod.java:429) ~[forge-1.20.1-47.3.7-universal.jar%23218!/:?]
	at jdk.internal.reflect.NativeConstructorAccessorImpl.newInstance0(Native Method) ~[?:?]
	at jdk.internal.reflect.NativeConstructorAccessorImpl.newInstance(NativeConstructorAccessorImpl.java:77) ~[?:?]
	at jdk.internal.reflect.DelegatingConstructorAccessorImpl.newInstance(DelegatingConstructorAccessorImpl.java:45) ~[?:?]
	at java.lang.reflect.Constructor.newInstanceWithCaller(Constructor.java:500) ~[?:?]
	at java.lang.reflect.Constructor.newInstance(Constructor.java:481) ~[?:?]
	at net.minecraftforge.fml.javafmlmod.FMLModContainer.constructMod(FMLModContainer.java:70) ~[javafmllanguage-1.20.1-47.3.7.jar%23215!/:?]
	at net.minecraftforge.fml.ModContainer.lambda$buildTransitionHandler$4(ModContainer.java:124) ~[fmlcore-1.20.1-47.3.7.jar%23214!/:?]
	at java.util.concurrent.CompletableFuture$AsyncRun.run(CompletableFuture.java:1804) ~[?:?]
	at java.util.concurrent.CompletableFuture$AsyncRun.exec(CompletableFuture.java:1796) ~[?:?]
	at java.util.concurrent.ForkJoinTask.doExec(ForkJoinTask.java:373) ~[?:?]
	at java.util.concurrent.ForkJoinPool$WorkQueue.topLevelExec(ForkJoinPool.java:1182) ~[?:?]
	at java.util.concurrent.ForkJoinPool.scan(ForkJoinPool.java:1655) ~[?:?]
	at java.util.concurrent.ForkJoinPool.runWorker(ForkJoinPool.java:1622) ~[?:?]
	at java.util.concurrent.ForkJoinWorkerThread.run(ForkJoinWorkerThread.java:165) ~[?:?]
[02May2025 18:43:30.024] [modloading-worker-0/DEBUG] [io.netty.util.internal.PlatformDependent0/]: java.nio.Bits.unaligned: available, true
[02May2025 18:43:30.027] [modloading-worker-0/DEBUG] [io.netty.util.internal.PlatformDependent0/]: jdk.internal.misc.Unsafe.allocateUninitializedArray(int): unavailable
java.lang.IllegalAccessException: class io.netty.util.internal.PlatformDependent0$7 (in module io.netty.common) cannot access class jdk.internal.misc.Unsafe (in module java.base) because module java.base does not export jdk.internal.misc to module io.netty.common
	at jdk.internal.reflect.Reflection.newIllegalAccessException(Reflection.java:392) ~[?:?]
	at java.lang.reflect.AccessibleObject.checkAccess(AccessibleObject.java:674) ~[?:?]
	at java.lang.reflect.Method.invoke(Method.java:561) ~[?:?]
	at io.netty.util.internal.PlatformDependent0$7.run(PlatformDependent0.java:410) ~[netty-common-4.1.82.Final.jar%2382!/:4.1.82.Final]
	at java.security.AccessController.doPrivileged(AccessController.java:318) ~[?:?]
	at io.netty.util.internal.PlatformDependent0.<clinit>(PlatformDependent0.java:401) ~[netty-common-4.1.82.Final.jar%2382!/:4.1.82.Final]
	at io.netty.util.internal.PlatformDependent.isAndroid(PlatformDependent.java:333) ~[netty-common-4.1.82.Final.jar%2382!/:4.1.82.Final]
	at io.netty.util.internal.PlatformDependent.<clinit>(PlatformDependent.java:88) ~[netty-common-4.1.82.Final.jar%2382!/:4.1.82.Final]
	at io.netty.util.ConstantPool.<init>(ConstantPool.java:34) ~[netty-common-4.1.82.Final.jar%2382!/:4.1.82.Final]
	at io.netty.util.AttributeKey$1.<init>(AttributeKey.java:27) ~[netty-common-4.1.82.Final.jar%2382!/:4.1.82.Final]
	at io.netty.util.AttributeKey.<clinit>(AttributeKey.java:27) ~[netty-common-4.1.82.Final.jar%2382!/:4.1.82.Final]
	at net.minecraftforge.network.NetworkConstants.<clinit>(NetworkConstants.java:34) ~[forge-1.20.1-47.3.7-universal.jar%23218!/:?]
	at net.minecraftforge.common.ForgeMod.<init>(ForgeMod.java:429) ~[forge-1.20.1-47.3.7-universal.jar%23218!/:?]
	at jdk.internal.reflect.NativeConstructorAccessorImpl.newInstance0(Native Method) ~[?:?]
	at jdk.internal.reflect.NativeConstructorAccessorImpl.newInstance(NativeConstructorAccessorImpl.java:77) ~[?:?]
	at jdk.internal.reflect.DelegatingConstructorAccessorImpl.newInstance(DelegatingConstructorAccessorImpl.java:45) ~[?:?]
	at java.lang.reflect.Constructor.newInstanceWithCaller(Constructor.java:500) ~[?:?]
	at java.lang.reflect.Constructor.newInstance(Constructor.java:481) ~[?:?]
	at net.minecraftforge.fml.javafmlmod.FMLModContainer.constructMod(FMLModContainer.java:70) ~[javafmllanguage-1.20.1-47.3.7.jar%23215!/:?]
	at net.minecraftforge.fml.ModContainer.lambda$buildTransitionHandler$4(ModContainer.java:124) ~[fmlcore-1.20.1-47.3.7.jar%23214!/:?]
	at java.util.concurrent.CompletableFuture$AsyncRun.run(CompletableFuture.java:1804) ~[?:?]
	at java.util.concurrent.CompletableFuture$AsyncRun.exec(CompletableFuture.java:1796) ~[?:?]
	at java.util.concurrent.ForkJoinTask.doExec(ForkJoinTask.java:373) ~[?:?]
	at java.util.concurrent.ForkJoinPool$WorkQueue.topLevelExec(ForkJoinPool.java:1182) ~[?:?]
	at java.util.concurrent.ForkJoinPool.scan(ForkJoinPool.java:1655) ~[?:?]
	at java.util.concurrent.ForkJoinPool.runWorker(ForkJoinPool.java:1622) ~[?:?]
	at java.util.concurrent.ForkJoinWorkerThread.run(ForkJoinWorkerThread.java:165) ~[?:?]
[02May2025 18:43:30.033] [modloading-worker-0/DEBUG] [io.netty.util.internal.PlatformDependent0/]: java.nio.DirectByteBuffer.<init>(long, int): unavailable
[02May2025 18:43:30.033] [modloading-worker-0/DEBUG] [io.netty.util.internal.PlatformDependent/]: sun.misc.Unsafe: available
[02May2025 18:43:30.033] [modloading-worker-0/DEBUG] [io.netty.util.internal.PlatformDependent/]: maxDirectMemory: 4294967296 bytes (maybe)
[02May2025 18:43:30.034] [modloading-worker-0/DEBUG] [io.netty.util.internal.PlatformDependent/]: -Dio.netty.tmpdir: /tmp (java.io.tmpdir)
[02May2025 18:43:30.034] [modloading-worker-0/DEBUG] [io.netty.util.internal.PlatformDependent/]: -Dio.netty.bitMode: 64 (sun.arch.data.model)
[02May2025 18:43:30.036] [modloading-worker-0/DEBUG] [io.netty.util.internal.PlatformDependent/]: -Dio.netty.maxDirectMemory: -1 bytes
[02May2025 18:43:30.036] [modloading-worker-0/DEBUG] [io.netty.util.internal.PlatformDependent/]: -Dio.netty.uninitializedArrayAllocationThreshold: -1
[02May2025 18:43:30.040] [modloading-worker-0/DEBUG] [io.netty.util.internal.CleanerJava9/]: java.nio.ByteBuffer.cleaner(): available
[02May2025 18:43:30.040] [modloading-worker-0/DEBUG] [io.netty.util.internal.PlatformDependent/]: -Dio.netty.noPreferDirect: false
[02May2025 18:43:30.054] [modloading-worker-0/ERROR] [net.minecraftforge.fml.loading.RuntimeDistCleaner/DISTXFORM]: Attempted to load class com/lowdragmc/photon/gui/editor/FXEditor for invalid dist DEDICATED_SERVER
[02May2025 18:43:30.054] [modloading-worker-0/WARN] [LowDragLib/]: Failed to load class for notation: com.lowdragmc.photon.gui.editor.FXEditor
[02May2025 18:43:30.149] [modloading-worker-0/ERROR] [net.minecraftforge.fml.loading.RuntimeDistCleaner/DISTXFORM]: Attempted to load class com/lowdragmc/photon/gui/editor/FXEditor for invalid dist DEDICATED_SERVER
[02May2025 18:43:30.149] [modloading-worker-0/WARN] [LowDragLib/]: Failed to load class for notation: com.lowdragmc.photon.gui.editor.FXEditor
[02May2025 18:43:30.160] [modloading-worker-0/DEBUG] [net.minecraftforge.common.ForgeMod/FORGEMOD]: Loading Network data for FML net version: FML3
[02May2025 18:43:30.188] [modloading-worker-0/DEBUG] [net.minecraftforge.fml.config.ConfigTracker/CONFIG]: Config file forge-client.toml for forge tracking
[02May2025 18:43:30.188] [modloading-worker-0/DEBUG] [net.minecraftforge.fml.config.ConfigTracker/CONFIG]: Config file forge-server.toml for forge tracking
[02May2025 18:43:30.188] [modloading-worker-0/DEBUG] [net.minecraftforge.fml.ModLoadingContext/]: Attempted to register an empty config for type COMMON on mod forge
[02May2025 18:43:30.207] [modloading-worker-0/ERROR] [net.minecraftforge.fml.loading.RuntimeDistCleaner/DISTXFORM]: Attempted to load class com/lowdragmc/photon/gui/editor/FXEditor for invalid dist DEDICATED_SERVER
[02May2025 18:43:30.209] [modloading-worker-0/WARN] [LowDragLib/]: Failed to load class for notation: com.lowdragmc.photon.gui.editor.FXEditor
[02May2025 18:43:30.223] [modloading-worker-0/ERROR] [net.minecraftforge.fml.loading.RuntimeDistCleaner/DISTXFORM]: Attempted to load class com/lowdragmc/photon/gui/editor/FXEditor for invalid dist DEDICATED_SERVER
[02May2025 18:43:30.229] [modloading-worker-0/WARN] [LowDragLib/]: Failed to load class for notation: com.lowdragmc.photon.gui.editor.FXEditor
[02May2025 18:43:30.235] [modloading-worker-0/DEBUG] [net.minecraftforge.fml.javafmlmod.AutomaticEventSubscriber/LOADING]: Attempting to inject @EventBusSubscriber classes into the eventbus for forge
[02May2025 18:43:30.236] [modloading-worker-0/DEBUG] [net.minecraftforge.fml.javafmlmod.AutomaticEventSubscriber/LOADING]: Auto-subscribing net.minecraftforge.common.ForgeSpawnEggItem$CommonHandler to MOD
[02May2025 18:43:30.239] [modloading-worker-0/ERROR] [net.minecraftforge.fml.loading.RuntimeDistCleaner/DISTXFORM]: Attempted to load class com/lowdragmc/photon/gui/editor/FXEditor for invalid dist DEDICATED_SERVER
[02May2025 18:43:30.243] [modloading-worker-0/WARN] [LowDragLib/]: Failed to load class for notation: com.lowdragmc.photon.gui.editor.FXEditor
[02May2025 18:43:30.269] [modloading-worker-0/ERROR] [net.minecraftforge.fml.loading.RuntimeDistCleaner/DISTXFORM]: Attempted to load class com/lowdragmc/photon/gui/editor/FXEditor for invalid dist DEDICATED_SERVER
[02May2025 18:43:30.274] [modloading-worker-0/WARN] [LowDragLib/]: Failed to load class for notation: com.lowdragmc.photon.gui.editor.FXEditor
[02May2025 18:43:30.288] [modloading-worker-0/ERROR] [net.minecraftforge.fml.loading.RuntimeDistCleaner/DISTXFORM]: Attempted to load class com/lowdragmc/photon/gui/editor/FXEditor for invalid dist DEDICATED_SERVER
[02May2025 18:43:30.289] [modloading-worker-0/WARN] [LowDragLib/]: Failed to load class for notation: com.lowdragmc.photon.gui.editor.FXEditor
[02May2025 18:43:30.336] [modloading-worker-0/ERROR] [net.minecraftforge.fml.loading.RuntimeDistCleaner/DISTXFORM]: Attempted to load class com/lowdragmc/photon/gui/editor/FXEditor for invalid dist DEDICATED_SERVER
[02May2025 18:43:30.339] [modloading-worker-0/WARN] [LowDragLib/]: Failed to load class for notation: com.lowdragmc.photon.gui.editor.FXEditor
[02May2025 18:43:30.372] [modloading-worker-0/DEBUG] [net.minecraftforge.fml.javafmlmod.AutomaticEventSubscriber/LOADING]: Attempting to inject @EventBusSubscriber classes into the eventbus for ironchest
[02May2025 18:43:30.376] [modloading-worker-0/DEBUG] [net.minecraftforge.fml.javafmlmod.AutomaticEventSubscriber/LOADING]: Auto-subscribing com.progwml6.ironchest.common.ai.CatsSitOnChestsHandler to FORGE
[02May2025 18:43:30.643] [modloading-worker-0/ERROR] [net.minecraftforge.fml.loading.RuntimeDistCleaner/DISTXFORM]: Attempted to load class com/lowdragmc/photon/gui/editor/FXEditor for invalid dist DEDICATED_SERVER
[02May2025 18:43:30.643] [modloading-worker-0/WARN] [LowDragLib/]: Failed to load class for notation: com.lowdragmc.photon.gui.editor.FXEditor
[02May2025 18:43:30.654] [modloading-worker-0/DEBUG] [net.minecraftforge.fml.javafmlmod.AutomaticEventSubscriber/LOADING]: Attempting to inject @EventBusSubscriber classes into the eventbus for ldlib
[02May2025 18:43:30.662] [modloading-worker-0/DEBUG] [net.minecraftforge.fml.javafmlmod.AutomaticEventSubscriber/LOADING]: Auto-subscribing com.lowdragmc.lowdraglib.forge.CommonListeners to FORGE
[02May2025 18:43:30.688] [modloading-worker-0/DEBUG] [net.minecraftforge.fml.config.ConfigTracker/CONFIG]: Config file farmersdelight-common.toml for farmersdelight tracking
[02May2025 18:43:30.693] [modloading-worker-0/DEBUG] [net.minecraftforge.fml.config.ConfigTracker/CONFIG]: Config file farmersdelight-client.toml for farmersdelight tracking
[02May2025 18:43:30.740] [modloading-worker-0/DEBUG] [mixin/]: Mixing CompatFarmersDelightTomatoMixin from supplementaries.mixins.json into vectorwing.farmersdelight.common.block.TomatoVineBlock
[02May2025 18:43:31.093] [modloading-worker-0/DEBUG] [net.minecraftforge.fml.javafmlmod.AutomaticEventSubscriber/LOADING]: Attempting to inject @EventBusSubscriber classes into the eventbus for farmersdelight
[02May2025 18:43:31.093] [modloading-worker-0/DEBUG] [net.minecraftforge.fml.javafmlmod.AutomaticEventSubscriber/LOADING]: Auto-subscribing vectorwing.farmersdelight.data.DataGenerators to MOD
[02May2025 18:43:31.094] [modloading-worker-0/DEBUG] [net.minecraftforge.fml.javafmlmod.AutomaticEventSubscriber/LOADING]: Auto-subscribing vectorwing.farmersdelight.common.item.SkilletItem$SkilletEvents to FORGE
[02May2025 18:43:31.097] [modloading-worker-0/DEBUG] [net.minecraftforge.fml.javafmlmod.AutomaticEventSubscriber/LOADING]: Auto-subscribing vectorwing.farmersdelight.common.item.KnifeItem$KnifeEvents to FORGE
[02May2025 18:43:31.101] [modloading-worker-0/DEBUG] [net.minecraftforge.fml.javafmlmod.AutomaticEventSubscriber/LOADING]: Auto-subscribing vectorwing.farmersdelight.common.item.HorseFeedItem$HorseFeedEvent to FORGE
[02May2025 18:43:31.102] [modloading-worker-0/DEBUG] [net.minecraftforge.fml.javafmlmod.AutomaticEventSubscriber/LOADING]: Auto-subscribing vectorwing.farmersdelight.common.item.enchantment.BackstabbingEnchantment$BackstabbingEvent to FORGE
[02May2025 18:43:31.102] [modloading-worker-0/DEBUG] [net.minecraftforge.fml.javafmlmod.AutomaticEventSubscriber/LOADING]: Auto-subscribing vectorwing.farmersdelight.common.item.DogFoodItem$DogFoodEvent to FORGE
[02May2025 18:43:31.105] [modloading-worker-0/DEBUG] [net.minecraftforge.fml.javafmlmod.AutomaticEventSubscriber/LOADING]: Auto-subscribing vectorwing.farmersdelight.common.event.VillagerEvents to FORGE
[02May2025 18:43:31.111] [modloading-worker-0/DEBUG] [net.minecraftforge.fml.javafmlmod.AutomaticEventSubscriber/LOADING]: Auto-subscribing vectorwing.farmersdelight.common.event.SetupEvents to MOD
[02May2025 18:43:31.117] [modloading-worker-0/DEBUG] [net.minecraftforge.fml.javafmlmod.AutomaticEventSubscriber/LOADING]: Auto-subscribing vectorwing.farmersdelight.common.event.MappingEvents to FORGE
[02May2025 18:43:31.124] [modloading-worker-0/DEBUG] [net.minecraftforge.fml.javafmlmod.AutomaticEventSubscriber/LOADING]: Auto-subscribing vectorwing.farmersdelight.common.event.CommonEvents to FORGE
[02May2025 18:43:31.128] [modloading-worker-0/DEBUG] [net.minecraftforge.fml.javafmlmod.AutomaticEventSubscriber/LOADING]: Auto-subscribing vectorwing.farmersdelight.common.block.CuttingBoardBlock$ToolCarvingEvent to FORGE
[02May2025 18:43:31.165] [modloading-worker-0/DEBUG] [net.minecraftforge.fml.config.ConfigTracker/CONFIG]: Config file torchmaster.toml for torchmaster tracking
[02May2025 18:43:31.165] [modloading-worker-0/DEBUG] [net.minecraftforge.fml.javafmlmod.AutomaticEventSubscriber/LOADING]: Attempting to inject @EventBusSubscriber classes into the eventbus for torchmaster
[02May2025 18:43:31.166] [modloading-worker-0/DEBUG] [net.minecraftforge.fml.javafmlmod.AutomaticEventSubscriber/LOADING]: Auto-subscribing net.xalcon.torchmaster.common.logic.entityblocking.EntityBlockingEventHandler to FORGE
[02May2025 18:43:31.175] [modloading-worker-0/DEBUG] [net.minecraftforge.coremod.transformer.CoreModBaseTransformer/COREMOD]: Transforming net/minecraft/world/entity/ai/village/VillageSiege
[02May2025 18:43:31.224] [modloading-worker-0/DEBUG] [net.minecraftforge.fml.javafmlmod.AutomaticEventSubscriber/LOADING]: Auto-subscribing net.xalcon.torchmaster.TorchmasterConfig to MOD
[02May2025 18:43:31.253] [modloading-worker-0/DEBUG] [net.minecraftforge.fml.javafmlmod.AutomaticEventSubscriber/LOADING]: Attempting to inject @EventBusSubscriber classes into the eventbus for terrablender
[02May2025 18:43:31.254] [modloading-worker-0/DEBUG] [net.minecraftforge.fml.javafmlmod.AutomaticEventSubscriber/LOADING]: Auto-subscribing terrablender.handler.InitializationHandler to FORGE
[02May2025 18:43:31.695] [modloading-worker-0/DEBUG] [mixin/]: Mixing accessor.CriteriaTriggersAccessor from yungsapi.mixins.json into net.minecraft.advancements.CriteriaTriggers
[02May2025 18:43:31.702] [modloading-worker-0/DEBUG] [mixin/]: Renaming @Accessor method getValues()Ljava/util/Map; to getValues_$md$cf8a4d$0 in yungsapi.mixins.json:accessor.CriteriaTriggersAccessor
[02May2025 18:43:31.851] [modloading-worker-0/DEBUG] [net.minecraftforge.fml.javafmlmod.AutomaticEventSubscriber/LOADING]: Attempting to inject @EventBusSubscriber classes into the eventbus for slugterra
[02May2025 18:43:31.851] [modloading-worker-0/DEBUG] [net.minecraftforge.fml.javafmlmod.AutomaticEventSubscriber/LOADING]: Auto-subscribing falconnex.legendsofslugterra.world.teleporter.TheSlugterraTeleporter to MOD
[02May2025 18:43:31.867] [modloading-worker-0/DEBUG] [net.minecraftforge.fml.javafmlmod.AutomaticEventSubscriber/LOADING]: Auto-subscribing falconnex.legendsofslugterra.world.features.StructureFeature to FORGE
[02May2025 18:43:31.868] [modloading-worker-0/DEBUG] [net.minecraftforge.fml.javafmlmod.AutomaticEventSubscriber/LOADING]: Auto-subscribing falconnex.legendsofslugterra.world.dimension.TheSlugterraDimension to FORGE
[02May2025 18:43:31.869] [modloading-worker-0/DEBUG] [net.minecraftforge.fml.javafmlmod.AutomaticEventSubscriber/LOADING]: Auto-subscribing falconnex.legendsofslugterra.world.dimension.TheSlugterraDimension$TheSlugterraSpecialEffectsHandler to MOD
[02May2025 18:43:31.878] [modloading-worker-0/DEBUG] [net.minecraftforge.fml.javafmlmod.AutomaticEventSubscriber/LOADING]: Auto-subscribing falconnex.legendsofslugterra.procedures.VelocimorphSpawnsSoundEffectProcedure to FORGE
[02May2025 18:43:31.879] [modloading-worker-0/DEBUG] [net.minecraftforge.fml.javafmlmod.AutomaticEventSubscriber/LOADING]: Auto-subscribing falconnex.legendsofslugterra.procedures.VelocimorphAbilityEntityTickSpawnProcedure to FORGE
[02May2025 18:43:31.895] [modloading-worker-0/DEBUG] [net.minecraftforge.fml.javafmlmod.AutomaticEventSubscriber/LOADING]: Auto-subscribing falconnex.legendsofslugterra.procedures.VelocimorphAbilityEntitiesDamageInvulnerableProcedure to FORGE
[02May2025 18:43:31.899] [modloading-worker-0/DEBUG] [net.minecraftforge.fml.javafmlmod.AutomaticEventSubscriber/LOADING]: Auto-subscribing falconnex.legendsofslugterra.procedures.TheDropEntityIsHurtProcedure to FORGE
[02May2025 18:43:31.903] [modloading-worker-0/DEBUG] [net.minecraftforge.fml.javafmlmod.AutomaticEventSubscriber/LOADING]: Auto-subscribing falconnex.legendsofslugterra.procedures.TameSlugProcedureProcedure to FORGE
[02May2025 18:43:31.906] [modloading-worker-0/DEBUG] [net.minecraftforge.fml.javafmlmod.AutomaticEventSubscriber/LOADING]: Auto-subscribing falconnex.legendsofslugterra.procedures.SlugslateOreMinedProcedure to FORGE
[02May2025 18:43:31.907] [modloading-worker-0/DEBUG] [net.minecraftforge.fml.javafmlmod.AutomaticEventSubscriber/LOADING]: Auto-subscribing falconnex.legendsofslugterra.procedures.SlugslateAdvancementStoneProcedureProcedure to FORGE
[02May2025 18:43:31.908] [modloading-worker-0/DEBUG] [net.minecraftforge.fml.javafmlmod.AutomaticEventSubscriber/LOADING]: Auto-subscribing falconnex.legendsofslugterra.procedures.SetSpawnWhenRightClickingBedInSlugterraProcedure to FORGE
[02May2025 18:43:31.913] [modloading-worker-0/DEBUG] [net.minecraftforge.fml.javafmlmod.AutomaticEventSubscriber/LOADING]: Auto-subscribing falconnex.legendsofslugterra.procedures.RockyFarmlandSpawnProcedure to FORGE
[02May2025 18:43:31.918] [modloading-worker-0/DEBUG] [net.minecraftforge.fml.javafmlmod.AutomaticEventSubscriber/LOADING]: Auto-subscribing falconnex.legendsofslugterra.procedures.RightClickProtoformPowerUpProcedure to FORGE
[02May2025 18:43:31.919] [modloading-worker-0/DEBUG] [net.minecraftforge.fml.javafmlmod.AutomaticEventSubscriber/LOADING]: Auto-subscribing falconnex.legendsofslugterra.procedures.RidingTheDropProcedure to FORGE
[02May2025 18:43:31.920] [modloading-worker-0/DEBUG] [net.minecraftforge.fml.javafmlmod.AutomaticEventSubscriber/LOADING]: Auto-subscribing falconnex.legendsofslugterra.procedures.PlayerMovementTickProcedure to FORGE
[02May2025 18:43:31.925] [modloading-worker-0/DEBUG] [net.minecraftforge.fml.javafmlmod.AutomaticEventSubscriber/LOADING]: Auto-subscribing falconnex.legendsofslugterra.procedures.PlayerIsGrapplingProcedure to FORGE
[02May2025 18:43:31.927] [modloading-worker-0/DEBUG] [net.minecraftforge.fml.javafmlmod.AutomaticEventSubscriber/LOADING]: Auto-subscribing falconnex.legendsofslugterra.procedures.PhosphoroProtoAbilityProcedure to FORGE
[02May2025 18:43:31.932] [modloading-worker-0/DEBUG] [net.minecraftforge.fml.javafmlmod.AutomaticEventSubscriber/LOADING]: Auto-subscribing falconnex.legendsofslugterra.procedures.NoFallDamageWhenBeingRiddenByHoverbugProcedure to FORGE
[02May2025 18:43:31.933] [modloading-worker-0/DEBUG] [net.minecraftforge.fml.javafmlmod.AutomaticEventSubscriber/LOADING]: Auto-subscribing falconnex.legendsofslugterra.procedures.IceOgreAttacksProcedure to FORGE
[02May2025 18:43:31.935] [modloading-worker-0/DEBUG] [net.minecraftforge.fml.javafmlmod.AutomaticEventSubscriber/LOADING]: Auto-subscribing falconnex.legendsofslugterra.procedures.HoverbugVelocimorphAttacksAndAttackedProcedure to FORGE
[02May2025 18:43:31.944] [modloading-worker-0/DEBUG] [net.minecraftforge.fml.javafmlmod.AutomaticEventSubscriber/LOADING]: Auto-subscribing falconnex.legendsofslugterra.procedures.GeoshardCrystalDamagedProcedure to FORGE
[02May2025 18:43:31.945] [modloading-worker-0/DEBUG] [net.minecraftforge.fml.javafmlmod.AutomaticEventSubscriber/LOADING]: Auto-subscribing falconnex.legendsofslugterra.procedures.FrostcrawlerEffectNoDamageProcedure to FORGE
[02May2025 18:43:31.949] [modloading-worker-0/DEBUG] [net.minecraftforge.fml.javafmlmod.AutomaticEventSubscriber/LOADING]: Auto-subscribing falconnex.legendsofslugterra.procedures.DigholeSpawnProcedure to FORGE
[02May2025 18:43:31.950] [modloading-worker-0/DEBUG] [net.minecraftforge.fml.javafmlmod.AutomaticEventSubscriber/LOADING]: Auto-subscribing falconnex.legendsofslugterra.procedures.DeadwoodSmallBranchDecayProcedure to FORGE
[02May2025 18:43:31.958] [modloading-worker-0/DEBUG] [net.minecraftforge.fml.javafmlmod.AutomaticEventSubscriber/LOADING]: Auto-subscribing falconnex.legendsofslugterra.procedures.DeadwoodSmallBranch4DecayProcedure to FORGE
[02May2025 18:43:31.961] [modloading-worker-0/DEBUG] [net.minecraftforge.fml.javafmlmod.AutomaticEventSubscriber/LOADING]: Auto-subscribing falconnex.legendsofslugterra.procedures.DeadwoodSmallBranch3DecayProcedure to FORGE
[02May2025 18:43:31.962] [modloading-worker-0/DEBUG] [net.minecraftforge.fml.javafmlmod.AutomaticEventSubscriber/LOADING]: Auto-subscribing falconnex.legendsofslugterra.procedures.DeadwoodSmallBranch2DecayProcedure to FORGE
[02May2025 18:43:31.965] [modloading-worker-0/DEBUG] [net.minecraftforge.fml.javafmlmod.AutomaticEventSubscriber/LOADING]: Auto-subscribing falconnex.legendsofslugterra.procedures.DeadwoodBranchDecayProcedure to FORGE
[02May2025 18:43:31.965] [modloading-worker-0/DEBUG] [net.minecraftforge.fml.config.ConfigTracker/CONFIG]: Config file moonlight-common.toml for moonlight tracking
[02May2025 18:43:31.985] [modloading-worker-0/DEBUG] [net.minecraftforge.fml.javafmlmod.AutomaticEventSubscriber/LOADING]: Auto-subscribing falconnex.legendsofslugterra.procedures.DeadwoodBranch4DecayProcedure to FORGE
[02May2025 18:43:31.988] [modloading-worker-0/DEBUG] [net.minecraftforge.fml.javafmlmod.AutomaticEventSubscriber/LOADING]: Auto-subscribing falconnex.legendsofslugterra.procedures.DeadwoodBranch3DecayProcedure to FORGE
[02May2025 18:43:31.992] [modloading-worker-0/DEBUG] [net.minecraftforge.fml.javafmlmod.AutomaticEventSubscriber/LOADING]: Auto-subscribing falconnex.legendsofslugterra.procedures.DeadwoodBranch2DecayProcedure to FORGE
[02May2025 18:43:31.993] [modloading-worker-0/DEBUG] [net.minecraftforge.fml.javafmlmod.AutomaticEventSubscriber/LOADING]: Auto-subscribing falconnex.legendsofslugterra.procedures.DamagedWithSluggyEffectOnProcedure to FORGE
[02May2025 18:43:32.001] [modloading-worker-0/DEBUG] [net.minecraftforge.fml.javafmlmod.AutomaticEventSubscriber/LOADING]: Auto-subscribing falconnex.legendsofslugterra.procedures.CrystalydSpawnProcedure to FORGE
[02May2025 18:43:32.002] [modloading-worker-0/DEBUG] [net.minecraftforge.fml.javafmlmod.AutomaticEventSubscriber/LOADING]: Auto-subscribing falconnex.legendsofslugterra.procedures.CancelTargettingProcedure to FORGE
[02May2025 18:43:32.007] [modloading-worker-0/DEBUG] [net.minecraftforge.fml.javafmlmod.AutomaticEventSubscriber/LOADING]: Auto-subscribing falconnex.legendsofslugterra.network.SlugterraModVariables to MOD
[02May2025 18:43:32.015] [modloading-worker-0/DEBUG] [net.minecraftforge.fml.javafmlmod.AutomaticEventSubscriber/LOADING]: Auto-subscribing falconnex.legendsofslugterra.network.SlugterraModVariables$PlayerVariablesProvider to FORGE
[02May2025 18:43:32.026] [modloading-worker-0/DEBUG] [net.minecraftforge.fml.javafmlmod.AutomaticEventSubscriber/LOADING]: Auto-subscribing falconnex.legendsofslugterra.network.SlugterraModVariables$EventBusVariableHandlers to FORGE
[02May2025 18:43:32.038] [modloading-worker-0/DEBUG] [net.minecraftforge.fml.javafmlmod.AutomaticEventSubscriber/LOADING]: Auto-subscribing falconnex.legendsofslugterra.network.KeyLoadSlugIntoBlasterMessage to MOD
[02May2025 18:43:32.039] [modloading-worker-0/DEBUG] [net.minecraftforge.fml.javafmlmod.AutomaticEventSubscriber/LOADING]: Auto-subscribing falconnex.legendsofslugterra.network.ActivateInAirAbilityMessage to MOD
[02May2025 18:43:32.040] [modloading-worker-0/DEBUG] [net.minecraftforge.fml.javafmlmod.AutomaticEventSubscriber/LOADING]: Auto-subscribing falconnex.legendsofslugterra.network.ActivateGravityKeyMessage to MOD
[02May2025 18:43:32.047] [modloading-worker-0/DEBUG] [net.minecraftforge.fml.javafmlmod.AutomaticEventSubscriber/LOADING]: Auto-subscribing falconnex.legendsofslugterra.init.SlugterraModTabs to MOD
[02May2025 18:43:32.048] [modloading-worker-0/DEBUG] [net.minecraftforge.fml.javafmlmod.AutomaticEventSubscriber/LOADING]: Auto-subscribing falconnex.legendsofslugterra.init.SlugterraModFuels to FORGE
[02May2025 18:43:32.052] [modloading-worker-0/DEBUG] [net.minecraftforge.fml.javafmlmod.AutomaticEventSubscriber/LOADING]: Auto-subscribing falconnex.legendsofslugterra.init.SlugterraModFeatures to FORGE
[02May2025 18:43:32.052] [modloading-worker-0/DEBUG] [net.minecraftforge.fml.javafmlmod.AutomaticEventSubscriber/LOADING]: Auto-subscribing falconnex.legendsofslugterra.init.SlugterraModEntities to MOD
[02May2025 18:43:32.057] [modloading-worker-0/DEBUG] [net.minecraftforge.fml.javafmlmod.AutomaticEventSubscriber/LOADING]: Auto-subscribing falconnex.legendsofslugterra.init.ItemAnimationFactory to FORGE
[02May2025 18:43:32.059] [modloading-worker-0/DEBUG] [net.minecraftforge.fml.javafmlmod.AutomaticEventSubscriber/LOADING]: Auto-subscribing falconnex.legendsofslugterra.init.EntityAnimationFactory to FORGE
[02May2025 18:43:32.067] [modloading-worker-0/DEBUG] [net.minecraftforge.fml.javafmlmod.AutomaticEventSubscriber/LOADING]: Auto-subscribing falconnex.legendsofslugterra.command.KillUntamedSlugsCommandCommand to FORGE
[02May2025 18:43:32.071] [modloading-worker-0/DEBUG] [net.minecraftforge.fml.javafmlmod.AutomaticEventSubscriber/LOADING]: Auto-subscribing falconnex.legendsofslugterra.block.listener.ClientListener to MOD
[02May2025 18:43:32.092] [modloading-worker-0/DEBUG] [mixin/]: Mixing impl.MixinEnvironment from glitchcore.forge.mixins.json into glitchcore.util.Environment
[02May2025 18:43:32.162] [modloading-worker-0/DEBUG] [net.minecraftforge.fml.javafmlmod.AutomaticEventSubscriber/LOADING]: Attempting to inject @EventBusSubscriber classes into the eventbus for moonlight
[02May2025 18:43:32.162] [modloading-worker-0/DEBUG] [net.minecraftforge.fml.javafmlmod.AutomaticEventSubscriber/LOADING]: Attempting to inject @EventBusSubscriber classes into the eventbus for mixinsquared
[02May2025 18:43:32.187] [modloading-worker-0/DEBUG] [net.minecraftforge.fml.javafmlmod.AutomaticEventSubscriber/LOADING]: Attempting to inject @EventBusSubscriber classes into the eventbus for jade
[02May2025 18:43:32.363] [modloading-worker-0/DEBUG] [mixin/]: Mixing MixinBloodFluid from biomesoplenty.forge.mixins.json into biomesoplenty.block.BloodFluid
[02May2025 18:43:32.375] [modloading-worker-0/DEBUG] [mixin/]: Mixing MixinLiquidNullFluid from biomesoplenty.forge.mixins.json into biomesoplenty.block.LiquidNullFluid
[02May2025 18:43:32.395] [modloading-worker-0/DEBUG] [creativecore/]: Created network creativecore:main
[02May2025 18:43:32.422] [modloading-worker-0/DEBUG] [net.minecraftforge.fml.javafmlmod.AutomaticEventSubscriber/LOADING]: Attempting to inject @EventBusSubscriber classes into the eventbus for creativecore
[02May2025 18:43:32.431] [modloading-worker-0/DEBUG] [net.minecraftforge.fml.javafmlmod.AutomaticEventSubscriber/LOADING]: Attempting to inject @EventBusSubscriber classes into the eventbus for spectrelib
[02May2025 18:43:32.586] [modloading-worker-0/DEBUG] [net.minecraftforge.fml.javafmlmod.AutomaticEventSubscriber/LOADING]: Attempting to inject @EventBusSubscriber classes into the eventbus for biomesoplenty
[02May2025 18:43:32.587] [modloading-worker-0/DEBUG] [net.minecraftforge.fml.javafmlmod.AutomaticEventSubscriber/LOADING]: Auto-subscribing biomesoplenty.forge.handler.MissingMappingsHandler to FORGE
[02May2025 18:43:32.592] [modloading-worker-0/DEBUG] [net.minecraftforge.fml.javafmlmod.AutomaticEventSubscriber/LOADING]: Auto-subscribing biomesoplenty.forge.datagen.DataGenerationHandler to MOD
[02May2025 18:43:32.647] [modloading-worker-0/INFO] [dev.enemeez.simplefarming.common.SimpleFarming/]: Simple Farming setup complete!
[02May2025 18:43:32.647] [modloading-worker-0/DEBUG] [net.minecraftforge.fml.javafmlmod.AutomaticEventSubscriber/LOADING]: Attempting to inject @EventBusSubscriber classes into the eventbus for simplefarming
[02May2025 18:43:32.647] [modloading-worker-0/DEBUG] [net.minecraftforge.fml.javafmlmod.AutomaticEventSubscriber/LOADING]: Auto-subscribing dev.enemeez.simplefarming.common.data.ModDataGenerator to MOD
[02May2025 18:43:32.651] [modloading-worker-0/DEBUG] [net.minecraftforge.fml.javafmlmod.AutomaticEventSubscriber/LOADING]: Auto-subscribing dev.enemeez.simplefarming.common.CommonEvents to FORGE
[02May2025 18:43:32.706] [modloading-worker-0/DEBUG] [net.minecraftforge.fml.javafmlmod.AutomaticEventSubscriber/LOADING]: Attempting to inject @EventBusSubscriber classes into the eventbus for resourcefulconfig
[02May2025 18:43:32.735] [modloading-worker-0/DEBUG] [net.minecraftforge.fml.config.ConfigTracker/CONFIG]: Config file curios-client.toml for curios tracking
[02May2025 18:43:32.742] [modloading-worker-0/DEBUG] [net.minecraftforge.fml.config.ConfigTracker/CONFIG]: Config file curios-common.toml for curios tracking
[02May2025 18:43:32.744] [modloading-worker-0/DEBUG] [net.minecraftforge.fml.config.ConfigTracker/CONFIG]: Config file curios-server.toml for curios tracking
[02May2025 18:43:32.744] [modloading-worker-0/DEBUG] [net.minecraftforge.fml.javafmlmod.AutomaticEventSubscriber/LOADING]: Attempting to inject @EventBusSubscriber classes into the eventbus for curios
[02May2025 18:43:32.776] [modloading-worker-0/DEBUG] [mixin/]: Mixing IZetaItemExtensionsMixin from quark.mixins.json into org.violetmoon.zeta.item.ext.IZetaItemExtensions
[02May2025 18:43:32.822] [modloading-worker-0/DEBUG] [mixin/]: Mixing self.IZetaItemMixin_FAKE from zeta_forge.mixins.json into org.violetmoon.zeta.item.ZetaBlockItem
[02May2025 18:43:33.254] [modloading-worker-0/DEBUG] [net.minecraftforge.fml.config.ConfigTracker/CONFIG]: Config file zeta-common.toml for zeta tracking
[02May2025 18:43:33.265] [modloading-worker-0/INFO] [zeta/]: Doing super early config setup for zeta
[02May2025 18:43:33.361] [modloading-worker-0/DEBUG] [net.minecraftforge.fml.javafmlmod.AutomaticEventSubscriber/LOADING]: Attempting to inject @EventBusSubscriber classes into the eventbus for zeta
[02May2025 18:43:33.375] [modloading-worker-0/INFO] [quark/]: Initializing TerraBlender underground biome compat
[02May2025 18:43:33.380] [modloading-worker-0/DEBUG] [mixin/]: Mixing OverworldBiomeBuilderMixin from quark.mixins.json into net.minecraft.world.level.biome.OverworldBiomeBuilder
[02May2025 18:43:33.437] [modloading-worker-0/DEBUG] [mixin/]: Mixing self.IZetaBlockMixin_FAKE from zeta_forge.mixins.json into org.violetmoon.zeta.block.ZetaPillarBlock
[02May2025 18:43:33.480] [modloading-worker-0/DEBUG] [mixin/]: Mixing self.IZetaBlockMixin_FAKE from zeta_forge.mixins.json into org.violetmoon.zeta.block.ZetaBlock
[02May2025 18:43:33.504] [modloading-worker-0/DEBUG] [mixin/]: Mixing self.IZetaBlockMixin_FAKE from zeta_forge.mixins.json into org.violetmoon.zeta.block.ZetaFenceBlock
[02May2025 18:43:33.525] [modloading-worker-0/DEBUG] [mixin/]: Mixing self.IZetaBlockMixin_FAKE from zeta_forge.mixins.json into org.violetmoon.zeta.block.ZetaDoorBlock
[02May2025 18:43:33.560] [modloading-worker-0/DEBUG] [mixin/]: Mixing self.IZetaBlockMixin_FAKE from zeta_forge.mixins.json into org.violetmoon.zeta.block.ZetaTrapdoorBlock
[02May2025 18:43:33.573] [modloading-worker-0/DEBUG] [mixin/]: Mixing self.IZetaBlockMixin_FAKE from zeta_forge.mixins.json into org.violetmoon.zeta.block.ZetaPressurePlateBlock
[02May2025 18:43:33.590] [modloading-worker-0/DEBUG] [mixin/]: Mixing self.IZetaBlockMixin_FAKE from zeta_forge.mixins.json into org.violetmoon.zeta.block.ZetaButtonBlock
[02May2025 18:43:33.611] [modloading-worker-0/DEBUG] [mixin/]: Mixing self.IZetaBlockMixin_FAKE from zeta_forge.mixins.json into org.violetmoon.zeta.block.ZetaStandingSignBlock
[02May2025 18:43:33.630] [modloading-worker-0/DEBUG] [mixin/]: Mixing self.IZetaBlockMixin_FAKE from zeta_forge.mixins.json into org.violetmoon.zeta.block.ZetaWallSignBlock
[02May2025 18:43:33.649] [modloading-worker-0/DEBUG] [mixin/]: Mixing self.IZetaBlockMixin_FAKE from zeta_forge.mixins.json into org.violetmoon.zeta.block.ZetaCeilingHangingSignBlock
[02May2025 18:43:33.668] [modloading-worker-0/DEBUG] [mixin/]: Mixing self.IZetaBlockMixin_FAKE from zeta_forge.mixins.json into org.violetmoon.zeta.block.ZetaWallHangingSignBlock
[02May2025 18:43:33.682] [modloading-worker-0/DEBUG] [mixin/]: Mixing self.IZetaBlockMixin_FAKE from quark.mixins.json into org.violetmoon.quark.content.building.block.VariantLadderBlock
[02May2025 18:43:33.704] [modloading-worker-0/DEBUG] [mixin/]: Mixing self.IZetaItemMixin_FAKE from zeta_forge.mixins.json into org.violetmoon.zeta.item.ZetaItem
[02May2025 18:43:34.119] [modloading-worker-0/INFO] [thedarkcolour.kotlinforforge.test.KotlinForForge/]: Kotlin For Forge Enabled!
[02May2025 18:43:34.127] [modloading-worker-0/DEBUG] [thedarkcolour.kotlinforforge.LoggerKt/LOADING]: Attempting to inject @EventBusSubscriber kotlin objects in to the event bus for kotlinforforge
[02May2025 18:43:34.298] [modloading-worker-0/DEBUG] [net.minecraftforge.fml.config.ConfigTracker/CONFIG]: Config file supplementaries-common.toml for supplementaries tracking
[02May2025 18:43:34.334] [modloading-worker-0/INFO] [quark-zeta/]: Discovered 164 modules to load.
[02May2025 18:43:34.334] [modloading-worker-0/INFO] [quark-zeta/]: Constructing module Abacus...
[02May2025 18:43:34.343] [modloading-worker-0/INFO] [quark-zeta/]: Constructing module Adjustable Chat...
[02May2025 18:43:34.344] [modloading-worker-0/INFO] [quark-zeta/]: Constructing module Ambient Discs...
[02May2025 18:43:34.346] [modloading-worker-0/INFO] [quark-zeta/]: Constructing module Ancient Tomes...
[02May2025 18:43:34.354] [modloading-worker-0/DEBUG] [mixin/]: Mixing MerchantOfferMixin from quark.mixins.json into net.minecraft.world.item.trading.MerchantOffer
[02May2025 18:43:34.357] [modloading-worker-0/DEBUG] [mixin/]: Mixing accessor.AccessorMerchantOffer from quark.mixins.json into net.minecraft.world.item.trading.MerchantOffer
[02May2025 18:43:34.369] [modloading-worker-0/INFO] [quark-zeta/]: Constructing module Ancient Wood...
[02May2025 18:43:34.370] [modloading-worker-0/DEBUG] [mixin/]: Mixing self.IZetaBlockMixin_FAKE from zeta_forge.mixins.json into org.violetmoon.zeta.block.ZetaLeavesBlock
[02May2025 18:43:34.383] [modloading-worker-0/DEBUG] [mixin/]: Mixing self.IZetaBlockMixin_FAKE from zeta_forge.mixins.json into org.violetmoon.zeta.block.ZetaSaplingBlock
[02May2025 18:43:34.394] [modloading-worker-0/INFO] [quark-zeta/]: Constructing module Armed Armor Stands...
[02May2025 18:43:34.395] [modloading-worker-0/INFO] [quark-zeta/]: Constructing module Auto Walk Keybind...
[02May2025 18:43:34.396] [modloading-worker-0/INFO] [quark-zeta/]: Constructing module Automatic Recipe Unlock...
[02May2025 18:43:34.397] [modloading-worker-0/INFO] [quark-zeta/]: Constructing module Automatic Tool Restock...
[02May2025 18:43:34.400] [modloading-worker-0/INFO] [quark-zeta/]: Constructing module Azalea Wood...
[02May2025 18:43:34.400] [modloading-worker-0/INFO] [quark-zeta/]: Constructing module Back Button Keybind...
[02May2025 18:43:34.401] [modloading-worker-0/INFO] [quark-zeta/]: Constructing module Backpack...
[02May2025 18:43:34.402] [modloading-worker-0/DEBUG] [mixin/]: Mixing self.IZetaItemMixin_FAKE from quark.mixins.json into org.violetmoon.quark.addons.oddities.item.BackpackItem
[02May2025 18:43:34.418] [modloading-worker-0/INFO] [quark-zeta/]: Constructing module Beacon Redirection...
[02May2025 18:43:34.421] [modloading-worker-0/INFO] [quark-zeta/]: Constructing module Better Elytra Rocket...
[02May2025 18:43:34.422] [modloading-worker-0/INFO] [quark-zeta/]: Constructing module Big Stone Clusters...
[02May2025 18:43:34.429] [modloading-worker-0/INFO] [quark-zeta/]: Constructing module Blossom Trees...
[02May2025 18:43:34.434] [modloading-worker-0/INFO] [quark-zeta/]: Constructing module Bottled Cloud...
[02May2025 18:43:34.442] [modloading-worker-0/INFO] [quark-zeta/]: Constructing module Buckets Show Inhabitants...
[02May2025 18:43:34.443] [modloading-worker-0/INFO] [quark-zeta/]: Constructing module Camera...
[02May2025 18:43:34.447] [modloading-worker-0/INFO] [quark-zeta/]: Constructing module Campfires Boost Elytra...
[02May2025 18:43:34.448] [modloading-worker-0/INFO] [quark-zeta/]: Constructing module Celebratory Lamps...
[02May2025 18:43:34.448] [modloading-worker-0/INFO] [quark-zeta/]: Constructing module Chains Connect Blocks...
[02May2025 18:43:34.449] [modloading-worker-0/INFO] [quark-zeta/]: Constructing module Chest Searching...
[02May2025 18:43:34.449] [modloading-worker-0/INFO] [quark-zeta/]: Constructing module Chorus Vegetation...
[02May2025 18:43:34.452] [modloading-worker-0/INFO] [quark-zeta/]: Constructing module Chute...
[02May2025 18:43:34.460] [modloading-worker-0/INFO] [quark-zeta/]: Constructing module Climate Control Remover...
[02May2025 18:43:34.461] [modloading-worker-0/INFO] [quark-zeta/]: Constructing module Color Runes...
[02May2025 18:43:34.493] [modloading-worker-0/INFO] [quark-zeta/]: Constructing module Compasses Work Everywhere...
[02May2025 18:43:34.494] [modloading-worker-0/INFO] [quark-zeta/]: Constructing module Compressed Blocks...
[02May2025 18:43:34.495] [modloading-worker-0/INFO] [quark-zeta/]: Constructing module Coral On Cactus...
[02May2025 18:43:34.498] [modloading-worker-0/INFO] [quark-zeta/]: Constructing module Corundum...
[02May2025 18:43:34.586] [modloading-worker-0/INFO] [quark-zeta/]: Constructing module Crabs...
[02May2025 18:43:34.599] [modloading-worker-0/INFO] [quark-zeta/]: Constructing module Crafter...
[02May2025 18:43:34.603] [modloading-worker-0/INFO] [quark-zeta/]: Constructing module Crate...
[02May2025 18:43:34.606] [modloading-worker-0/INFO] [quark-zeta/]: Constructing module Diamond Repair...
[02May2025 18:43:34.608] [modloading-worker-0/INFO] [quark-zeta/]: Constructing module Dispensers Place Blocks...
[02May2025 18:43:34.610] [modloading-worker-0/INFO] [quark-zeta/]: Constructing module Double Door Opening...
[02May2025 18:43:34.613] [modloading-worker-0/INFO] [quark-zeta/]: Constructing module Dragon Scales...
[02May2025 18:43:34.616] [modloading-worker-0/INFO] [quark-zeta/]: Constructing module Duskbound Blocks...
[02May2025 18:43:34.618] [modloading-worker-0/INFO] [quark-zeta/]: Constructing module Dyeable Item Frames...
[02May2025 18:43:34.620] [modloading-worker-0/INFO] [quark-zeta/]: Constructing module Easy Transfering...
[02May2025 18:43:34.638] [modloading-worker-0/INFO] [quark-zeta/]: Constructing module Elytra Indicator...
[02May2025 18:43:34.640] [modloading-worker-0/INFO] [quark-zeta/]: Constructing module Emotes...
[02May2025 18:43:34.643] [modloading-worker-0/INFO] [quark-zeta/]: Constructing module Enchantment Predicates...
[02May2025 18:43:34.645] [modloading-worker-0/INFO] [quark-zeta/]: Constructing module Enchantments Begone...
[02May2025 18:43:34.645] [modloading-worker-0/INFO] [quark-zeta/]: Constructing module Ender Watcher...
[02May2025 18:43:34.650] [modloading-worker-0/INFO] [quark-zeta/]: Constructing module Endermosh Music Disc...
[02May2025 18:43:34.651] [modloading-worker-0/INFO] [quark-zeta/]: Constructing module Enhanced Ladders...
[02May2025 18:43:34.656] [modloading-worker-0/DEBUG] [mixin/]: Mixing self.SelfLumiseneFluidMixin from supplementaries.mixins.json into net.mehvahdjukaar.supplementaries.common.fluids.LumiseneFluid
[02May2025 18:43:34.652] [modloading-worker-0/INFO] [quark-zeta/]: Constructing module Expanded Item Interactions...
[02May2025 18:43:34.661] [modloading-worker-0/INFO] [quark-zeta/]: Constructing module Fairy Rings...
[02May2025 18:43:34.682] [modloading-worker-0/DEBUG] [mixin/]: Mixing self.SelfFlammableFluidBlockMixin from supplementaries.mixins.json into net.mehvahdjukaar.supplementaries.common.fluids.FlammableLiquidBlock
[02May2025 18:43:34.679] [modloading-worker-0/INFO] [quark-zeta/]: Constructing module Fallen Logs...
[02May2025 18:43:34.692] [modloading-worker-0/INFO] [quark-zeta/]: Constructing module Feeding Trough...
[02May2025 18:43:34.701] [modloading-worker-0/INFO] [quark-zeta/]: Constructing module Forgotten...
[02May2025 18:43:34.706] [modloading-worker-0/DEBUG] [mixin/]: Mixing self.IZetaItemMixin_FAKE from zeta_forge.mixins.json into org.violetmoon.zeta.item.ZetaArmorItem
[02May2025 18:43:34.723] [modloading-worker-0/INFO] [quark-zeta/]: Constructing module Foxhound...
[02May2025 18:43:34.727] [modloading-worker-0/INFO] [quark-zeta/]: Constructing module Framed Glass...
[02May2025 18:43:34.730] [modloading-worker-0/INFO] [quark-zeta/]: Constructing module Game Nerfs...
[02May2025 18:43:34.731] [modloading-worker-0/INFO] [quark-zeta/]: Constructing module Glass Item Frame...
[02May2025 18:43:34.740] [modloading-worker-0/INFO] [quark-zeta/]: Constructing module Glass Shard...
[02May2025 18:43:34.741] [modloading-worker-0/INFO] [quark-zeta/]: Constructing module Glimmering Weald...
[02May2025 18:43:34.746] [modloading-worker-0/DEBUG] [mixin/]: Mixing self.IZetaBlockMixin_FAKE from quark.mixins.json into org.violetmoon.quark.content.world.block.HugeGlowShroomBlock
[02May2025 18:43:34.773] [modloading-worker-0/DEBUG] [mixin/]: Mixing self.IZetaBlockMixin_FAKE from zeta_forge.mixins.json into org.violetmoon.zeta.block.ZetaBushBlock
[02May2025 18:43:34.799] [modloading-worker-0/INFO] [quark-zeta/]: Constructing module Gold Bars...
[02May2025 18:43:34.806] [modloading-worker-0/INFO] [quark-zeta/]: Constructing module Gold Tools Have Fortune...
[02May2025 18:43:34.820] [modloading-worker-0/INFO] [quark-zeta/]: Constructing module Grab Chickens...
[02May2025 18:43:34.821] [modloading-worker-0/INFO] [quark-zeta/]: Constructing module Grate...
[02May2025 18:43:34.825] [modloading-worker-0/INFO] [quark-zeta/]: Constructing module Gravisand...
[02May2025 18:43:34.826] [modloading-worker-0/INFO] [quark-zeta/]: Constructing module Greener Grass...
[02May2025 18:43:34.837] [modloading-worker-0/INFO] [quark-zeta/]: Constructing module Hedges...
[02May2025 18:43:34.844] [modloading-worker-0/INFO] [quark-zeta/]: Constructing module Hoe Harvesting...
[02May2025 18:43:34.848] [modloading-worker-0/INFO] [quark-zeta/]: Constructing module Hollow Logs...
[02May2025 18:43:34.849] [modloading-worker-0/INFO] [quark-zeta/]: Constructing module Horses Swim...
[02May2025 18:43:34.849] [modloading-worker-0/INFO] [quark-zeta/]: Constructing module Hotbar Changer...
[02May2025 18:43:34.853] [modloading-worker-0/INFO] [quark-zeta/]: Constructing module Improved Sponges...
[02May2025 18:43:34.855] [modloading-worker-0/INFO] [quark-zeta/]: Constructing module Improved Tooltips...
[02May2025 18:43:34.858] [modloading-worker-0/INFO] [quark-zeta/]: Constructing module Industrial Palette...
[02May2025 18:43:34.865] [modloading-worker-0/INFO] [quark-zeta/]: Constructing module Inventory Sorting...
[02May2025 18:43:34.866] [modloading-worker-0/INFO] [quark-zeta/]: Constructing module Iron Rod...
[02May2025 18:43:34.868] [modloading-worker-0/DEBUG] [mixin/]: Mixing self.IZetaBlockMixin_FAKE from quark.mixins.json into org.violetmoon.quark.content.automation.block.IronRodBlock
[02May2025 18:43:34.875] [modloading-worker-0/INFO] [quark-zeta/]: Constructing module Item Sharing...
[02May2025 18:43:34.876] [modloading-worker-0/INFO] [quark-zeta/]: Constructing module Japanese Palette...
[02May2025 18:43:34.876] [modloading-worker-0/INFO] [quark-zeta/]: Constructing module Leaf Carpet...
[02May2025 18:43:34.879] [modloading-worker-0/INFO] [quark-zeta/]: Constructing module Lock Rotation...
[02May2025 18:43:34.881] [modloading-worker-0/INFO] [quark-zeta/]: Constructing module Long Range Pick Block...
[02May2025 18:43:34.883] [modloading-worker-0/INFO] [quark-zeta/]: Constructing module Magma Keeps Concrete Powder...
[02May2025 18:43:34.883] [modloading-worker-0/INFO] [quark-zeta/]: Constructing module Magnets...
[02May2025 18:43:34.889] [modloading-worker-0/INFO] [quark-zeta/]: Constructing module Map Washing...
[02May2025 18:43:34.896] [modloading-worker-0/DEBUG] [mixin/]: Mixing compat.PistonReactQuarkMixin from moonlight-common.mixins.json into net.mehvahdjukaar.moonlight.api.block.IPistonMotionReact
[02May2025 18:43:34.894] [modloading-worker-0/INFO] [quark-zeta/]: Constructing module Matrix Enchanting...
[02May2025 18:43:34.903] [modloading-worker-0/DEBUG] [mixin/]: Mixing self.IZetaBlockMixin_FAKE from quark.mixins.json into org.violetmoon.quark.addons.oddities.block.MatrixEnchantingTableBlock
[02May2025 18:43:34.921] [modloading-worker-0/INFO] [quark-zeta/]: Constructing module Metal Buttons...
[02May2025 18:43:34.926] [modloading-worker-0/INFO] [quark-zeta/]: Constructing module Microcrafting Helper...
[02May2025 18:43:34.931] [modloading-worker-0/INFO] [quark-zeta/]: Constructing module Midori...
[02May2025 18:43:34.931] [modloading-worker-0/INFO] [quark-zeta/]: Constructing module Monster Box...
[02May2025 18:43:34.932] [modloading-worker-0/INFO] [quark-zeta/]: Constructing module More Banner Layers...
[02May2025 18:43:34.936] [modloading-worker-0/INFO] [quark-zeta/]: Constructing module More Brick Types...
[02May2025 18:43:34.940] [modloading-worker-0/INFO] [quark-zeta/]: Constructing module More Mud Blocks...
[02May2025 18:43:34.941] [modloading-worker-0/INFO] [quark-zeta/]: Constructing module More Note Block Sounds...
[02May2025 18:43:34.950] [modloading-worker-0/INFO] [quark-zeta/]: Constructing module More Potted Plants...
[02May2025 18:43:34.953] [modloading-worker-0/INFO] [quark-zeta/]: Constructing module More Villagers...
[02May2025 18:43:34.954] [modloading-worker-0/INFO] [quark-zeta/]: Constructing module Narrator Readout...
[02May2025 18:43:34.961] [modloading-worker-0/INFO] [quark-zeta/]: Constructing module Nether Brick Fence Gate...
[02May2025 18:43:34.963] [modloading-worker-0/INFO] [quark-zeta/]: Constructing module Nether Obsidian Spikes...
[02May2025 18:43:34.970] [modloading-worker-0/INFO] [quark-zeta/]: Constructing module New Stone Types...
[02May2025 18:43:34.983] [modloading-worker-0/INFO] [quark-zeta/]: Constructing module No Durability On Cosmetics...
[02May2025 18:43:35.168] [modloading-worker-0/INFO] [quark-zeta/]: Constructing module No More Lava Pockets...
[02May2025 18:43:35.168] [modloading-worker-0/INFO] [quark-zeta/]: Constructing module Obsidian Plate...
[02May2025 18:43:35.169] [modloading-worker-0/INFO] [quark-zeta/]: Constructing module Overlay Shader...
[02May2025 18:43:35.170] [modloading-worker-0/INFO] [quark-zeta/]: Constructing module Parrot Eggs...
[02May2025 18:43:35.181] [modloading-worker-0/INFO] [quark-zeta/]: Constructing module Pat The Dogs...
[02May2025 18:43:35.207] [modloading-worker-0/DEBUG] [mixin/]: Mixing self.SelfSoapItemMixin from supplementaries.mixins.json into net.mehvahdjukaar.supplementaries.common.items.SoapItem
[02May2025 18:43:35.211] [modloading-worker-0/INFO] [quark-zeta/]: Constructing module Pathfinder Maps...
[02May2025 18:43:35.236] [modloading-worker-0/DEBUG] [mixin/]: Mixing self.SelfGunpowderMixin from supplementaries.mixins.json into net.mehvahdjukaar.supplementaries.common.block.blocks.GunpowderBlock
[02May2025 18:43:35.237] [modloading-worker-0/INFO] [quark-zeta/]: Constructing module Permafrost...
[02May2025 18:43:35.239] [modloading-worker-0/INFO] [quark-zeta/]: Constructing module Petals On Water...
[02May2025 18:43:35.240] [modloading-worker-0/INFO] [quark-zeta/]: Constructing module Pickarang...
[02May2025 18:43:35.256] [modloading-worker-0/INFO] [quark-zeta/]: Constructing module Pig Litters...
[02May2025 18:43:35.256] [modloading-worker-0/INFO] [quark-zeta/]: Constructing module Pipes...
[02May2025 18:43:35.281] [modloading-worker-0/INFO] [quark-zeta/]: Constructing module Pistons Move Tile Entities...
[02May2025 18:43:35.283] [modloading-worker-0/INFO] [quark-zeta/]: Constructing module Poison Potato Usage...
[02May2025 18:43:35.295] [modloading-worker-0/INFO] [quark-zeta/]: Constructing module Quick Armor Swapping...
[02May2025 18:43:35.295] [modloading-worker-0/INFO] [quark-zeta/]: Constructing module Rainbow Lamps...
[02May2025 18:43:35.296] [modloading-worker-0/INFO] [quark-zeta/]: Constructing module Raw Metal Bricks...
[02May2025 18:43:35.301] [modloading-worker-0/INFO] [quark-zeta/]: Constructing module Reacharound Placing...
[02May2025 18:43:35.302] [modloading-worker-0/INFO] [quark-zeta/]: Constructing module Redstone Randomizer...
[02May2025 18:43:35.309] [modloading-worker-0/INFO] [quark-zeta/]: Constructing module Renewable Spore Blossoms...
[02May2025 18:43:35.310] [modloading-worker-0/INFO] [quark-zeta/]: Constructing module Replace Scaffolding...
[02May2025 18:43:35.315] [modloading-worker-0/INFO] [quark-zeta/]: Constructing module Rope...
[02May2025 18:43:35.325] [modloading-worker-0/INFO] [quark-zeta/]: Constructing module Safer Creatures...
[02May2025 18:43:35.325] [modloading-worker-0/INFO] [quark-zeta/]: Constructing module Seed Pouch...
[02May2025 18:43:35.329] [modloading-worker-0/DEBUG] [mixin/]: Mixing self.SelfSlingshotMixin from supplementaries.mixins.json into net.mehvahdjukaar.supplementaries.common.items.SlingshotItem
[02May2025 18:43:35.330] [modloading-worker-0/INFO] [quark-zeta/]: Constructing module Shear Vines...
[02May2025 18:43:35.344] [modloading-worker-0/DEBUG] [mixin/]: Mixing self.IZetaBlockMixin_FAKE from zeta_forge.mixins.json into org.violetmoon.zeta.block.ZetaVineBlock
[02May2025 18:43:35.379] [modloading-worker-0/DEBUG] [mixin/]: Mixing self.SelfSafeMixin from supplementaries.mixins.json into net.mehvahdjukaar.supplementaries.common.block.blocks.SafeBlock
[02May2025 18:43:35.390] [modloading-worker-0/INFO] [quark-zeta/]: Constructing module Shiba...
[02May2025 18:43:35.395] [modloading-worker-0/INFO] [quark-zeta/]: Constructing module Shingles...
[02May2025 18:43:35.396] [modloading-worker-0/INFO] [quark-zeta/]: Constructing module Shulker Packing...
[02May2025 18:43:35.401] [modloading-worker-0/INFO] [quark-zeta/]: Constructing module Simple Harvest...
[02May2025 18:43:35.405] [modloading-worker-0/INFO] [quark-zeta/]: Constructing module Skull Pikes...
[02May2025 18:43:35.434] [modloading-worker-0/INFO] [quark-zeta/]: Constructing module Slabs To Blocks...
[02May2025 18:43:35.434] [modloading-worker-0/INFO] [quark-zeta/]: Constructing module Slime In A Bucket...
[02May2025 18:43:35.435] [modloading-worker-0/DEBUG] [mixin/]: Mixing self.SelfWrenchMixin from supplementaries.mixins.json into net.mehvahdjukaar.supplementaries.common.items.WrenchItem
[02May2025 18:43:35.436] [modloading-worker-0/DEBUG] [mixin/]: Renaming synthetic method lambda$onLeftClickEntity$0(Lnet/minecraft/world/entity/player/Player;Lnet/minecraft/world/entity/player/Player;)V to mdcf8a4d$lambda$onLeftClickEntity$0$0 in supplementaries.mixins.json:self.SelfWrenchMixin
[02May2025 18:43:35.438] [modloading-worker-0/INFO] [quark-zeta/]: Constructing module Slimes To Magma Cubes...
[02May2025 18:43:35.440] [modloading-worker-0/INFO] [quark-zeta/]: Constructing module Snow Golem Player Heads...
[02May2025 18:43:35.441] [modloading-worker-0/INFO] [quark-zeta/]: Constructing module Soul Candles...
[02May2025 18:43:35.447] [modloading-worker-0/INFO] [quark-zeta/]: Constructing module Soul Sandstone...
[02May2025 18:43:35.447] [modloading-worker-0/INFO] [quark-zeta/]: Constructing module Spawner Replacer...
[02May2025 18:43:35.448] [modloading-worker-0/INFO] [quark-zeta/]: Constructing module Spiral Spires...
[02May2025 18:43:35.454] [modloading-worker-0/INFO] [quark-zeta/]: Constructing module Stonelings...
[02May2025 18:43:35.464] [modloading-worker-0/INFO] [quark-zeta/]: Constructing module Stools...
[02May2025 18:43:35.464] [modloading-worker-0/INFO] [quark-zeta/]: Constructing module Sturdy Stone...
[02May2025 18:43:35.485] [modloading-worker-0/INFO] [quark-zeta/]: Constructing module Thatch...
[02May2025 18:43:35.494] [modloading-worker-0/INFO] [quark-zeta/]: Constructing module Tiny Potato...
[02May2025 18:43:35.508] [modloading-worker-0/INFO] [quark-zeta/]: Constructing module Torch Arrow...
[02May2025 18:43:35.510] [modloading-worker-0/INFO] [quark-zeta/]: Constructing module Toretoise...
[02May2025 18:43:35.517] [modloading-worker-0/INFO] [quark-zeta/]: Constructing module Totem Of Holding...
[02May2025 18:43:35.528] [modloading-worker-0/DEBUG] [mixin/]: Mixing self.SelfQuiverItemMixin from supplementaries.mixins.json into net.mehvahdjukaar.supplementaries.common.items.QuiverItem
[02May2025 18:43:35.530] [modloading-worker-0/INFO] [quark-zeta/]: Constructing module Trowel...
[02May2025 18:43:35.543] [modloading-worker-0/INFO] [quark-zeta/]: Constructing module Usage Ticker...
[02May2025 18:43:35.543] [modloading-worker-0/INFO] [quark-zeta/]: Constructing module Uses For Curses...
[02May2025 18:43:35.544] [modloading-worker-0/INFO] [quark-zeta/]: Constructing module Utility Recipes...
[02May2025 18:43:35.551] [modloading-worker-0/INFO] [quark-zeta/]: Constructing module Variant Animal Textures...
[02May2025 18:43:35.551] [modloading-worker-0/DEBUG] [mixin/]: Mixing self.SelfLunchBoxItemMixin from supplementaries.mixins.json into net.mehvahdjukaar.supplementaries.common.items.LunchBoxItem
[02May2025 18:43:35.551] [modloading-worker-0/INFO] [quark-zeta/]: Constructing module Variant Bookshelves...
[02May2025 18:43:35.554] [modloading-worker-0/INFO] [quark-zeta/]: Constructing module Variant Chests...
[02May2025 18:43:35.563] [modloading-worker-0/DEBUG] [mixin/]: Mixing self.IZetaBlockMixin_FAKE from quark.mixins.json into org.violetmoon.quark.content.building.block.VariantTrappedChestBlock
[02May2025 18:43:35.585] [modloading-worker-0/DEBUG] [mixin/]: Mixing self.IZetaBlockMixin_FAKE from quark.mixins.json into org.violetmoon.quark.content.building.block.VariantChestBlock
[02May2025 18:43:35.609] [modloading-worker-0/INFO] [quark-zeta/]: Constructing module Variant Furnaces...
[02May2025 18:43:35.616] [modloading-worker-0/DEBUG] [mixin/]: Mixing self.IZetaBlockMixin_FAKE from quark.mixins.json into org.violetmoon.quark.content.building.block.VariantFurnaceBlock
[02May2025 18:43:35.644] [modloading-worker-0/INFO] [quark-zeta/]: Constructing module Variant Ladders...
[02May2025 18:43:35.645] [modloading-worker-0/INFO] [quark-zeta/]: Constructing module Variant Selector...
[02May2025 18:43:35.657] [modloading-worker-0/DEBUG] [mixin/]: Mixing self.SelfOpenableContainerMixin from supplementaries.mixins.json into net.mehvahdjukaar.supplementaries.common.block.tiles.OpeneableContainerBlockEntity
[02May2025 18:43:35.653] [modloading-worker-0/INFO] [quark-zeta/]: Constructing module Vertical Planks...
[02May2025 18:43:35.661] [modloading-worker-0/INFO] [quark-zeta/]: Constructing module Vertical Slabs...
[02May2025 18:43:35.668] [modloading-worker-0/DEBUG] [mixin/]: Mixing self.IZetaBlockMixin_FAKE from quark.mixins.json into org.violetmoon.quark.content.building.block.QuarkVerticalSlabBlock
[02May2025 18:43:35.705] [modloading-worker-0/DEBUG] [mixin/]: Mixing self.IZetaBlockMixin_FAKE from quark.mixins.json into org.violetmoon.quark.content.building.block.VerticalSlabBlock
[02May2025 18:43:35.751] [modloading-worker-0/INFO] [quark-zeta/]: Constructing module Vexes Die With Their Masters...
[02May2025 18:43:35.752] [modloading-worker-0/INFO] [quark-zeta/]: Constructing module Villager Rerolling Rework...
[02May2025 18:43:35.761] [modloading-worker-0/DEBUG] [mixin/]: Mixing MerchantOffersMixin from quark.mixins.json into net.minecraft.world.item.trading.MerchantOffers
[02May2025 18:43:35.770] [modloading-worker-0/INFO] [quark-zeta/]: Constructing module Villagers Follow Emeralds...
[02May2025 18:43:35.773] [modloading-worker-0/INFO] [quark-zeta/]: Constructing module Wooden Posts...
[02May2025 18:43:35.784] [modloading-worker-0/DEBUG] [mixin/]: Mixing self.SelfPlanterMixin from supplementaries.mixins.json into net.mehvahdjukaar.supplementaries.common.block.blocks.PlanterBlock
[02May2025 18:43:35.782] [modloading-worker-0/INFO] [quark-zeta/]: Constructing module Wool Shuts Up Minecarts...
[02May2025 18:43:35.786] [modloading-worker-0/INFO] [quark-zeta/]: Constructing module Wraith...
[02May2025 18:43:35.788] [modloading-worker-0/INFO] [quark-zeta/]: Constructing module Zombie Villagers On Normal...
[02May2025 18:43:35.796] [modloading-worker-0/INFO] [quark-zeta/]: Constructing module More Stone Variants...
[02May2025 18:43:35.801] [modloading-worker-0/INFO] [quark-zeta/]: Constructed 164 modules.
[02May2025 18:43:35.988] [modloading-worker-0/DEBUG] [mixin/]: Mixing self.SelfFrameMixin from supplementaries.mixins.json into net.mehvahdjukaar.supplementaries.common.block.blocks.FrameBlock
[02May2025 18:43:36.175] [modloading-worker-0/DEBUG] [net.minecraftforge.fml.config.ConfigTracker/CONFIG]: Config file quark-common.toml for quark tracking
[02May2025 18:43:36.347] [modloading-worker-0/INFO] [quark-zeta/]: Doing super early config setup for quark
[02May2025 18:43:36.360] [modloading-worker-0/DEBUG] [mixin/]: Mixing LootTableMixin from balm.mixins.json into net.minecraft.world.level.storage.loot.LootTable
[02May2025 18:43:36.369] [modloading-worker-0/DEBUG] [mixin/]: Mixing AccessorLootTable from zeta.mixins.json into net.minecraft.world.level.storage.loot.LootTable
[02May2025 18:43:36.406] [modloading-worker-0/DEBUG] [net.minecraftforge.fml.javafmlmod.AutomaticEventSubscriber/LOADING]: Attempting to inject @EventBusSubscriber classes into the eventbus for quark
[02May2025 18:43:36.407] [modloading-worker-0/DEBUG] [net.minecraftforge.fml.javafmlmod.AutomaticEventSubscriber/LOADING]: Auto-subscribing org.violetmoon.quark.base.handler.QuarkRemapHandler to FORGE
[02May2025 18:43:36.426] [modloading-worker-0/DEBUG] [net.minecraftforge.fml.javafmlmod.AutomaticEventSubscriber/LOADING]: Attempting to inject @EventBusSubscriber classes into the eventbus for bettervillage
[02May2025 18:43:36.427] [modloading-worker-0/DEBUG] [net.minecraftforge.fml.javafmlmod.AutomaticEventSubscriber/LOADING]: Attempting to inject @EventBusSubscriber classes into the eventbus for inventoryhud
[02May2025 18:43:36.439] [modloading-worker-0/DEBUG] [betterstrongholds/]: Loaded com.yungnickyoung.minecraft.betterstrongholds.services.ForgePlatformHelper@ed74a96 for service interface com.yungnickyoung.minecraft.betterstrongholds.services.IPlatformHelper
[02May2025 18:43:36.442] [modloading-worker-0/DEBUG] [betterstrongholds/]: Loaded com.yungnickyoung.minecraft.betterstrongholds.services.ForgeModulesLoader@3ec27670 for service interface com.yungnickyoung.minecraft.betterstrongholds.services.IModulesLoader
[02May2025 18:43:36.442] [modloading-worker-0/DEBUG] [betterstrongholds/]: Loaded com.yungnickyoung.minecraft.betterstrongholds.services.ForgeProcessorProvider@7d52ffb9 for service interface com.yungnickyoung.minecraft.betterstrongholds.services.IProcessorProvider
[02May2025 18:43:36.525] [modloading-worker-0/DEBUG] [mixin/]: Mixing SelfEntitySpawnDataMixin from moonlight.mixins.json into net.mehvahdjukaar.moonlight.api.entity.IExtraClientSpawnData
[02May2025 18:43:36.930] [modloading-worker-0/DEBUG] [mixin/]: Mixing MapDataMixin from moonlight-common.mixins.json into net.minecraft.world.level.saveddata.maps.MapItemSavedData
[02May2025 18:43:36.940] [modloading-worker-0/DEBUG] [mixin/]: Renaming synthetic method lambda$save$3(Lnet/minecraft/nbt/CompoundTag;Lnet/minecraft/resources/ResourceLocation;Lnet/mehvahdjukaar/moonlight/api/map/CustomMapData;)V to mdcf8a4d$lambda$save$3$0 in moonlight-common.mixins.json:MapDataMixin
[02May2025 18:43:36.947] [modloading-worker-0/DEBUG] [mixin/]: Renaming synthetic method lambda$load$2(Lnet/minecraft/nbt/CompoundTag;Lnet/mehvahdjukaar/moonlight/api/map/CustomMapData;)V to mdcf8a4d$lambda$load$2$1 in moonlight-common.mixins.json:MapDataMixin
[02May2025 18:43:36.947] [modloading-worker-0/DEBUG] [mixin/]: Renaming synthetic method lambda$setCustomDataDirty$1(Lnet/mehvahdjukaar/moonlight/api/map/CustomMapData$Type;Ljava/util/function/Consumer;Lnet/minecraft/world/level/saveddata/maps/MapItemSavedData$HoldingPlayer;)V to mdcf8a4d$lambda$setCustomDataDirty$1$2 in moonlight-common.mixins.json:MapDataMixin
[02May2025 18:43:36.947] [modloading-worker-0/DEBUG] [mixin/]: Renaming synthetic method lambda$setCustomDecorationsDirty$0(Lnet/minecraft/world/level/saveddata/maps/MapItemSavedData$HoldingPlayer;)V to mdcf8a4d$lambda$setCustomDecorationsDirty$0$3 in moonlight-common.mixins.json:MapDataMixin
[02May2025 18:43:37.131] [modloading-worker-0/DEBUG] [io.netty.util.internal.InternalThreadLocalMap/]: -Dio.netty.threadLocalMap.stringBuilder.initialSize: 1024
[02May2025 18:43:37.131] [modloading-worker-0/DEBUG] [io.netty.util.internal.InternalThreadLocalMap/]: -Dio.netty.threadLocalMap.stringBuilder.maxSize: 4096
[02May2025 18:43:37.133] [modloading-worker-0/DEBUG] [io.netty.util.internal.ThreadLocalRandom/]: -Dio.netty.initialSeedUniquifier: 0xea1637fde1658efc
[02May2025 18:43:37.427] [modloading-worker-0/DEBUG] [net.minecraftforge.fml.config.ConfigTracker/CONFIG]: Config file betterstrongholds-forge-1_20.toml for betterstrongholds tracking
[02May2025 18:43:37.434] [modloading-worker-0/DEBUG] [net.minecraftforge.fml.javafmlmod.AutomaticEventSubscriber/LOADING]: Attempting to inject @EventBusSubscriber classes into the eventbus for betterstrongholds
[02May2025 18:43:37.566] [modloading-worker-0/DEBUG] [mixin/]: Mixing accessor.BrainAccessor from moonlight-common.mixins.json into net.minecraft.world.entity.ai.Brain
[02May2025 18:43:37.594] [modloading-worker-0/DEBUG] [net.minecraftforge.fml.javafmlmod.AutomaticEventSubscriber/LOADING]: Attempting to inject @EventBusSubscriber classes into the eventbus for supplementaries
[02May2025 18:43:37.596] [modloading-worker-0/DEBUG] [net.minecraftforge.fml.javafmlmod.AutomaticEventSubscriber/LOADING]: Auto-subscribing net.mehvahdjukaar.supplementaries.forge.RemapHandler to FORGE
[02May2025 18:43:37.625] [modloading-worker-0/DEBUG] [net.minecraftforge.fml.javafmlmod.AutomaticEventSubscriber/LOADING]: Attempting to inject @EventBusSubscriber classes into the eventbus for resourcefullib
[02May2025 18:43:37.639] [modloading-worker-0/DEBUG] [net.minecraftforge.fml.config.ConfigTracker/CONFIG]: Config file tombstone-client.toml for tombstone tracking
[02May2025 18:43:37.643] [modloading-worker-0/DEBUG] [net.minecraftforge.fml.config.ConfigTracker/CONFIG]: Config file tombstone-common.toml for tombstone tracking
[02May2025 18:43:37.644] [modloading-worker-0/DEBUG] [net.minecraftforge.fml.javafmlmod.AutomaticEventSubscriber/LOADING]: Attempting to inject @EventBusSubscriber classes into the eventbus for upgradedcore
[02May2025 18:43:37.647] [modloading-worker-0/DEBUG] [net.minecraftforge.fml.javafmlmod.AutomaticEventSubscriber/LOADING]: Auto-subscribing com.rolfmao.upgradedcore.handlers.VoidSaveHandler to FORGE
[02May2025 18:43:37.647] [modloading-worker-0/DEBUG] [net.minecraftforge.fml.javafmlmod.AutomaticEventSubscriber/LOADING]: Auto-subscribing com.rolfmao.upgradedcore.handlers.SoulboundHandler to FORGE
[02May2025 18:43:37.647] [modloading-worker-0/DEBUG] [net.minecraftforge.fml.javafmlmod.AutomaticEventSubscriber/LOADING]: Auto-subscribing com.rolfmao.upgradedcore.handlers.EventHandler to FORGE
[02May2025 18:43:37.673] [modloading-worker-0/DEBUG] [net.minecraftforge.fml.config.ConfigTracker/CONFIG]: Config file tombstone-server.toml for tombstone tracking
[02May2025 18:43:37.674] [modloading-worker-0/DEBUG] [net.minecraftforge.fml.javafmlmod.AutomaticEventSubscriber/LOADING]: Attempting to inject @EventBusSubscriber classes into the eventbus for tombstone
[02May2025 18:43:37.683] [modloading-worker-0/DEBUG] [net.minecraftforge.fml.javafmlmod.AutomaticEventSubscriber/LOADING]: Auto-subscribing ovh.corail.tombstone.registry.Registration to MOD
[02May2025 18:43:37.692] [modloading-worker-0/DEBUG] [net.minecraftforge.fml.javafmlmod.AutomaticEventSubscriber/LOADING]: Auto-subscribing ovh.corail.tombstone.perk.PerkRegistry to MOD
[02May2025 18:43:37.693] [modloading-worker-0/DEBUG] [net.minecraftforge.fml.javafmlmod.AutomaticEventSubscriber/LOADING]: Auto-subscribing ovh.corail.tombstone.helper.LootHelper to FORGE
[02May2025 18:43:37.753] [modloading-worker-0/DEBUG] [net.minecraftforge.fml.javafmlmod.AutomaticEventSubscriber/LOADING]: Auto-subscribing ovh.corail.tombstone.event.EventHandler to FORGE
[02May2025 18:43:37.794] [modloading-worker-0/DEBUG] [mixin/]: Mixing ExplosionMixin from supplementaries-common.mixins.json into net.minecraft.world.level.Explosion
[02May2025 18:43:37.840] [modloading-worker-0/DEBUG] [net.minecraftforge.fml.javafmlmod.AutomaticEventSubscriber/LOADING]: Attempting to inject @EventBusSubscriber classes into the eventbus for architectury
[02May2025 18:43:37.840] [modloading-worker-0/DEBUG] [net.minecraftforge.fml.javafmlmod.AutomaticEventSubscriber/LOADING]: Auto-subscribing dev.architectury.registry.level.entity.trade.forge.TradeRegistryImpl to FORGE
[02May2025 18:43:37.844] [modloading-worker-0/DEBUG] [net.minecraftforge.fml.javafmlmod.AutomaticEventSubscriber/LOADING]: Auto-subscribing dev.architectury.registry.forge.ReloadListenerRegistryImpl to FORGE
[02May2025 18:43:37.845] [modloading-worker-0/DEBUG] [net.minecraftforge.fml.javafmlmod.AutomaticEventSubscriber/LOADING]: Auto-subscribing dev.architectury.networking.forge.NetworkManagerImpl to FORGE
[02May2025 18:43:37.847] [modloading-worker-0/DEBUG] [net.minecraftforge.fml.javafmlmod.AutomaticEventSubscriber/LOADING]: Auto-subscribing ovh.corail.tombstone.config.ConfigTombstone$ConfigEvent to MOD
[02May2025 18:43:37.859] [modloading-worker-0/DEBUG] [net.minecraftforge.fml.config.ConfigTracker/CONFIG]: Config file appleskin-client.toml for appleskin tracking
[02May2025 18:43:37.862] [modloading-worker-0/DEBUG] [net.minecraftforge.fml.javafmlmod.AutomaticEventSubscriber/LOADING]: Attempting to inject @EventBusSubscriber classes into the eventbus for appleskin
[02May2025 18:43:37.864] [modloading-worker-0/DEBUG] [net.minecraftforge.fml.javafmlmod.AutomaticEventSubscriber/LOADING]: Attempting to inject @EventBusSubscriber classes into the eventbus for octolib
[02May2025 18:43:37.866] [modloading-worker-0/INFO] [Photon/]: Photon is initializing on platform: Forge
[02May2025 18:43:37.869] [modloading-worker-0/DEBUG] [net.minecraftforge.fml.config.ConfigTracker/CONFIG]: Config file aiimprovements-common.toml for aiimprovements tracking
[02May2025 18:43:37.869] [modloading-worker-0/DEBUG] [net.minecraftforge.fml.javafmlmod.AutomaticEventSubscriber/LOADING]: Attempting to inject @EventBusSubscriber classes into the eventbus for aiimprovements
[02May2025 18:43:37.869] [modloading-worker-0/DEBUG] [net.minecraftforge.fml.javafmlmod.AutomaticEventSubscriber/LOADING]: Auto-subscribing com.builtbroken.ai.improvements.modifier.ModifierSystem to FORGE
[02May2025 18:43:37.882] [modloading-worker-0/DEBUG] [net.minecraftforge.fml.javafmlmod.AutomaticEventSubscriber/LOADING]: Attempting to inject @EventBusSubscriber classes into the eventbus for photon
[02May2025 18:43:37.885] [modloading-worker-0/DEBUG] [net.minecraftforge.fml.javafmlmod.AutomaticEventSubscriber/LOADING]: Auto-subscribing com.builtbroken.ai.improvements.AIImprovements to MOD
[02May2025 18:43:37.885] [modloading-worker-0/INFO] [be.florens.expandability.ExpandAbility/]: ExpandAbility here, who dis?
[02May2025 18:43:37.887] [modloading-worker-0/DEBUG] [net.minecraftforge.fml.javafmlmod.AutomaticEventSubscriber/LOADING]: Attempting to inject @EventBusSubscriber classes into the eventbus for expandability
[02May2025 18:43:37.898] [modloading-worker-0/DEBUG] [bettermineshafts/]: Loaded com.yungnickyoung.minecraft.bettermineshafts.services.ForgePlatformHelper@5c260d7e for service interface com.yungnickyoung.minecraft.bettermineshafts.services.IPlatformHelper
[02May2025 18:43:37.899] [modloading-worker-0/DEBUG] [bettermineshafts/]: Loaded com.yungnickyoung.minecraft.bettermineshafts.services.ForgeModulesLoader@4ce1c83d for service interface com.yungnickyoung.minecraft.bettermineshafts.services.IModulesLoader
[02May2025 18:43:37.906] [modloading-worker-0/DEBUG] [net.minecraftforge.fml.config.ConfigTracker/CONFIG]: Config file bettermineshafts-forge-1_20.toml for bettermineshafts tracking
[02May2025 18:43:37.909] [modloading-worker-0/DEBUG] [net.minecraftforge.fml.javafmlmod.AutomaticEventSubscriber/LOADING]: Attempting to inject @EventBusSubscriber classes into the eventbus for bettermineshafts
[02May2025 18:43:37.913] [modloading-worker-0/DEBUG] [playerrevive/]: Created network playerrevive:main
[02May2025 18:43:37.918] [modloading-worker-0/DEBUG] [net.minecraftforge.fml.javafmlmod.AutomaticEventSubscriber/LOADING]: Attempting to inject @EventBusSubscriber classes into the eventbus for playerrevive
[02May2025 18:43:37.920] [modloading-worker-0/DEBUG] [net.minecraftforge.fml.javafmlmod.AutomaticEventSubscriber/LOADING]: Attempting to inject @EventBusSubscriber classes into the eventbus for nebs
[02May2025 18:43:38.006] [modloading-worker-0/DEBUG] [net.minecraftforge.fml.javafmlmod.AutomaticEventSubscriber/LOADING]: Attempting to inject @EventBusSubscriber classes into the eventbus for realmrpg_quests
[02May2025 18:43:38.006] [modloading-worker-0/DEBUG] [net.minecraftforge.fml.javafmlmod.AutomaticEventSubscriber/LOADING]: Auto-subscribing net.mcreator.realmrpgquests.procedures.RingPlayerKillProcedure to FORGE
[02May2025 18:43:38.007] [modloading-worker-0/DEBUG] [net.minecraftforge.fml.javafmlmod.AutomaticEventSubscriber/LOADING]: Auto-subscribing net.mcreator.realmrpgquests.procedures.RingPlayerAttackProcedure to FORGE
[02May2025 18:43:38.015] [modloading-worker-0/DEBUG] [net.minecraftforge.fml.javafmlmod.AutomaticEventSubscriber/LOADING]: Auto-subscribing net.mcreator.realmrpgquests.procedures.QuestScoreTrampleProcedure to FORGE
[02May2025 18:43:38.023] [modloading-worker-0/DEBUG] [net.minecraftforge.fml.javafmlmod.AutomaticEventSubscriber/LOADING]: Auto-subscribing net.mcreator.realmrpgquests.procedures.QuestScoreTillageProcedure to FORGE
[02May2025 18:43:38.024] [modloading-worker-0/DEBUG] [net.minecraftforge.fml.javafmlmod.AutomaticEventSubscriber/LOADING]: Auto-subscribing net.mcreator.realmrpgquests.procedures.QuestScoreKillProcedure to FORGE
[02May2025 18:43:38.025] [modloading-worker-0/DEBUG] [net.minecraftforge.fml.javafmlmod.AutomaticEventSubscriber/LOADING]: Auto-subscribing net.mcreator.realmrpgquests.procedures.QuestScoreDestroyProcedure to FORGE
[02May2025 18:43:38.027] [modloading-worker-0/DEBUG] [net.minecraftforge.fml.javafmlmod.AutomaticEventSubscriber/LOADING]: Auto-subscribing net.mcreator.realmrpgquests.procedures.QuestScoreCritProcedure to FORGE
[02May2025 18:43:38.031] [modloading-worker-0/DEBUG] [net.minecraftforge.fml.javafmlmod.AutomaticEventSubscriber/LOADING]: Auto-subscribing net.mcreator.realmrpgquests.procedures.QuestScoreCraftProcedure to FORGE
[02May2025 18:43:38.032] [modloading-worker-0/DEBUG] [net.minecraftforge.fml.javafmlmod.AutomaticEventSubscriber/LOADING]: Auto-subscribing net.mcreator.realmrpgquests.procedures.QuestScoreCatchProcedure to FORGE
[02May2025 18:43:38.037] [modloading-worker-0/DEBUG] [net.minecraftforge.fml.javafmlmod.AutomaticEventSubscriber/LOADING]: Auto-subscribing net.mcreator.realmrpgquests.procedures.QuestScoreBuildProcedure to FORGE
[02May2025 18:43:38.048] [modloading-worker-0/DEBUG] [net.minecraftforge.fml.javafmlmod.AutomaticEventSubscriber/LOADING]: Auto-subscribing net.mcreator.realmrpgquests.procedures.NecklaceOfSatietyEffectProcedure to FORGE
[02May2025 18:43:38.052] [modloading-worker-0/DEBUG] [net.minecraftforge.fml.javafmlmod.AutomaticEventSubscriber/LOADING]: Auto-subscribing net.mcreator.realmrpgquests.procedures.CountItemsTimerProcedure to FORGE
[02May2025 18:43:38.053] [modloading-worker-0/DEBUG] [net.minecraftforge.fml.javafmlmod.AutomaticEventSubscriber/LOADING]: Auto-subscribing net.mcreator.realmrpgquests.procedures.ConfigMonsterHunterProcedure to MOD
[02May2025 18:43:38.056] [modloading-worker-0/DEBUG] [net.minecraftforge.fml.javafmlmod.AutomaticEventSubscriber/LOADING]: Auto-subscribing net.mcreator.realmrpgquests.procedures.ConfigCookProcedure to MOD
[02May2025 18:43:38.059] [modloading-worker-0/DEBUG] [net.minecraftforge.fml.javafmlmod.AutomaticEventSubscriber/LOADING]: Auto-subscribing net.mcreator.realmrpgquests.procedures.ConfigAnglerProcedure to MOD
[02May2025 18:43:38.061] [modloading-worker-0/DEBUG] [net.minecraftforge.fml.javafmlmod.AutomaticEventSubscriber/LOADING]: Auto-subscribing net.mcreator.realmrpgquests.network.RealmrpgQuestsModVariables to MOD
[02May2025 18:43:38.063] [modloading-worker-0/DEBUG] [net.minecraftforge.fml.javafmlmod.AutomaticEventSubscriber/LOADING]: Auto-subscribing net.mcreator.realmrpgquests.network.RealmrpgQuestsModVariables$PlayerVariablesProvider to FORGE
[02May2025 18:43:38.066] [modloading-worker-0/DEBUG] [net.minecraftforge.fml.javafmlmod.AutomaticEventSubscriber/LOADING]: Auto-subscribing net.mcreator.realmrpgquests.network.RealmrpgQuestsModVariables$EventBusVariableHandlers to FORGE
[02May2025 18:43:38.068] [modloading-worker-0/DEBUG] [net.minecraftforge.fml.javafmlmod.AutomaticEventSubscriber/LOADING]: Auto-subscribing net.mcreator.realmrpgquests.network.QuestTrackingHotkeyMessage to MOD
[02May2025 18:43:38.073] [modloading-worker-0/DEBUG] [net.minecraftforge.fml.javafmlmod.AutomaticEventSubscriber/LOADING]: Auto-subscribing net.mcreator.realmrpgquests.network.QuestBookPageAButtonMessage to MOD
[02May2025 18:43:38.077] [modloading-worker-0/DEBUG] [net.minecraftforge.fml.javafmlmod.AutomaticEventSubscriber/LOADING]: Auto-subscribing net.mcreator.realmrpgquests.network.QuestBookHotkeyMessage to MOD
[02May2025 18:43:38.078] [modloading-worker-0/DEBUG] [net.minecraftforge.fml.javafmlmod.AutomaticEventSubscriber/LOADING]: Auto-subscribing net.mcreator.realmrpgquests.init.RealmrpgQuestsModTabs to MOD
[02May2025 18:43:38.080] [modloading-worker-0/DEBUG] [net.minecraftforge.fml.javafmlmod.AutomaticEventSubscriber/LOADING]: Auto-subscribing net.mcreator.realmrpgquests.init.RealmrpgQuestsModEntities to MOD
[02May2025 18:43:38.081] [modloading-worker-0/DEBUG] [net.minecraftforge.fml.javafmlmod.AutomaticEventSubscriber/LOADING]: Auto-subscribing net.mcreator.realmrpgquests.init.RealmrpgQuestsModCuriosSlots to MOD
[02May2025 18:43:38.082] [modloading-worker-0/DEBUG] [net.minecraftforge.fml.javafmlmod.AutomaticEventSubscriber/LOADING]: Auto-subscribing net.mcreator.realmrpgquests.init.RealmrpgQuestsModCuriosRenderers to MOD
[02May2025 18:43:38.083] [modloading-worker-0/DEBUG] [net.minecraftforge.fml.javafmlmod.AutomaticEventSubscriber/LOADING]: Auto-subscribing net.mcreator.realmrpgquests.init.EntityAnimationFactory to FORGE
[02May2025 18:43:38.089] [modloading-worker-0/DEBUG] [net.minecraftforge.fml.javafmlmod.AutomaticEventSubscriber/LOADING]: Auto-subscribing net.mcreator.realmrpgquests.block.listener.ClientListener to MOD
[02May2025 18:43:39.443] [modloading-worker-0/DEBUG] [mixin/]: Mixing common.RenderedItemMixin from adastra.mixins.json into earth.terrarium.adastra.common.items.rendered.RenderedItem
[02May2025 18:43:39.447] [modloading-worker-0/DEBUG] [mixin/]: Mixing common.RenderedItemMixin from adastra.mixins.json into earth.terrarium.adastra.common.items.rendered.RenderedBlockItem
[02May2025 18:43:39.463] [modloading-worker-0/DEBUG] [mixin/]: Mixing common.CustomDyeableArmorItemMixin from adastra.mixins.json into earth.terrarium.adastra.common.items.armor.base.CustomDyeableArmorItem
[02May2025 18:43:39.495] [modloading-worker-0/DEBUG] [mixin/]: Mixing common.RenderedItemMixin from adastra.mixins.json into earth.terrarium.adastra.common.items.rendered.TooltipRenderedBlockItem
[02May2025 18:43:39.835] [modloading-worker-0/DEBUG] [net.minecraftforge.fml.javafmlmod.AutomaticEventSubscriber/LOADING]: Attempting to inject @EventBusSubscriber classes into the eventbus for ad_astra
[02May2025 18:43:39.845] [main/DEBUG] [SpectreLib/CONFIG]: Loading global configs
[02May2025 18:43:39.848] [main/DEBUG] [SpectreLib/]: Loaded com.illusivesoulworks.spectrelib.platform.ForgeConfigHelper@5022aaa3 for service interface com.illusivesoulworks.spectrelib.platform.services.IConfigHelper
[02May2025 18:43:39.848] [main/DEBUG] [SpectreLib/CONFIG]: Built TOML config for /workspaces/proyectosjr/servidor_minecraft/config/comforts-server.toml
[02May2025 18:43:39.850] [main/DEBUG] [SpectreLib/CONFIG]: Loaded TOML config file /workspaces/proyectosjr/servidor_minecraft/config/comforts-server.toml
[02May2025 18:43:39.868] [main/DEBUG] [mixin/]: Mixing RegistryDataLoaderMixin from zeta.mixins.json into net.minecraft.resources.RegistryDataLoader
[02May2025 18:43:39.963] [main/DEBUG] [net.minecraftforge.common.capabilities.CapabilityManager/CAPABILITIES]: Attempting to automatically register: Lnet/minecraftforge/energy/IEnergyStorage;
[02May2025 18:43:39.964] [main/DEBUG] [net.minecraftforge.common.capabilities.CapabilityManager/CAPABILITIES]: Attempting to automatically register: Lnet/minecraftforge/fluids/capability/IFluidHandler;
[02May2025 18:43:39.964] [main/DEBUG] [net.minecraftforge.common.capabilities.CapabilityManager/CAPABILITIES]: Attempting to automatically register: Lnet/minecraftforge/fluids/capability/IFluidHandlerItem;
[02May2025 18:43:39.964] [main/DEBUG] [net.minecraftforge.common.capabilities.CapabilityManager/CAPABILITIES]: Attempting to automatically register: Lnet/minecraftforge/items/IItemHandler;
[02May2025 18:43:40.101] [main/DEBUG] [mixin/]: Mixing self.IZetaBlockMixin_FAKE from zeta_forge.mixins.json into org.violetmoon.zeta.block.ZetaSlabBlock
[02May2025 18:43:40.110] [main/DEBUG] [mixin/]: Mixing self.IZetaBlockMixin_FAKE from zeta_forge.mixins.json into org.violetmoon.zeta.block.ZetaStairsBlock
[02May2025 18:43:40.112] [main/DEBUG] [net.minecraftforge.coremod.transformer.CoreModBaseTransformer/COREMOD]: Transforming net/minecraft/world/level/block/StairBlock
[02May2025 18:43:40.141] [main/DEBUG] [mixin/]: Mixing self.IZetaBlockMixin_FAKE from zeta_forge.mixins.json into org.violetmoon.zeta.block.ZetaFenceGateBlock
[02May2025 18:43:42.024] [main/DEBUG] [mixin/]: Mixing self.IZetaBlockMixin_FAKE from zeta_forge.mixins.json into org.violetmoon.zeta.block.ZetaInheritedPaneBlock
[02May2025 18:43:42.035] [main/DEBUG] [mixin/]: Mixing self.IZetaBlockMixin_FAKE from zeta_forge.mixins.json into org.violetmoon.zeta.block.ZetaPaneBlock
[02May2025 18:43:42.276] [main/DEBUG] [mixin/]: Mixing self.IZetaBlockMixin_FAKE from quark.mixins.json into org.violetmoon.quark.content.building.block.HedgeBlock
[02May2025 18:43:42.424] [main/DEBUG] [mixin/]: Mixing self.IZetaBlockMixin_FAKE from zeta_forge.mixins.json into org.violetmoon.zeta.block.ZetaWallBlock
[02May2025 18:43:47.698] [main/DEBUG] [mixin/]: Mixing self.IZetaBlockMixin_FAKE from zeta_forge.mixins.json into org.violetmoon.zeta.block.ZetaBlockWrapper
[02May2025 18:43:48.124] [main/DEBUG] [quark-zeta/]: Registering to minecraft:sound_event - quark:entity.shiba.eat_arrow
[02May2025 18:43:48.125] [main/DEBUG] [quark-zeta/]: Registering to minecraft:sound_event - quark:entity.shiba.whine
[02May2025 18:43:48.125] [main/DEBUG] [quark-zeta/]: Registering to minecraft:sound_event - quark:entity.shiba.step
[02May2025 18:43:48.125] [main/DEBUG] [quark-zeta/]: Registering to minecraft:sound_event - quark:entity.shiba.ambient
[02May2025 18:43:48.125] [main/DEBUG] [quark-zeta/]: Registering to minecraft:sound_event - quark:entity.shiba.pant
[02May2025 18:43:48.125] [main/DEBUG] [quark-zeta/]: Registering to minecraft:sound_event - quark:entity.shiba.hurt
[02May2025 18:43:48.125] [main/DEBUG] [quark-zeta/]: Registering to minecraft:sound_event - quark:entity.shiba.death
[02May2025 18:43:48.125] [main/DEBUG] [quark-zeta/]: Registering to minecraft:sound_event - quark:entity.stoneling.meep
[02May2025 18:43:48.131] [main/DEBUG] [quark-zeta/]: Registering to minecraft:sound_event - quark:entity.stoneling.purr
[02May2025 18:43:48.131] [main/DEBUG] [quark-zeta/]: Registering to minecraft:sound_event - quark:entity.stoneling.give
[02May2025 18:43:48.131] [main/DEBUG] [quark-zeta/]: Registering to minecraft:sound_event - quark:entity.stoneling.take
[02May2025 18:43:48.131] [main/DEBUG] [quark-zeta/]: Registering to minecraft:sound_event - quark:entity.stoneling.eat
[02May2025 18:43:48.131] [main/DEBUG] [quark-zeta/]: Registering to minecraft:sound_event - quark:entity.stoneling.die
[02May2025 18:43:48.132] [main/DEBUG] [quark-zeta/]: Registering to minecraft:sound_event - quark:entity.stoneling.cry
[02May2025 18:43:48.132] [main/DEBUG] [quark-zeta/]: Registering to minecraft:sound_event - quark:entity.stoneling.michael
[02May2025 18:43:48.132] [main/DEBUG] [quark-zeta/]: Registering to minecraft:sound_event - quark:entity.pickarang.throw
[02May2025 18:43:48.132] [main/DEBUG] [quark-zeta/]: Registering to minecraft:sound_event - quark:entity.pickarang.clank
[02May2025 18:43:48.132] [main/DEBUG] [quark-zeta/]: Registering to minecraft:sound_event - quark:entity.pickarang.spark
[02May2025 18:43:48.132] [main/DEBUG] [quark-zeta/]: Registering to minecraft:sound_event - quark:entity.pickarang.pickup
[02May2025 18:43:48.132] [main/DEBUG] [quark-zeta/]: Registering to minecraft:sound_event - quark:entity.foxhound.ambient
[02May2025 18:43:48.132] [main/DEBUG] [quark-zeta/]: Registering to minecraft:sound_event - quark:entity.foxhound.death
[02May2025 18:43:48.132] [main/DEBUG] [quark-zeta/]: Registering to minecraft:sound_event - quark:entity.foxhound.growl
[02May2025 18:43:48.132] [main/DEBUG] [quark-zeta/]: Registering to minecraft:sound_event - quark:entity.foxhound.hurt
[02May2025 18:43:48.132] [main/DEBUG] [quark-zeta/]: Registering to minecraft:sound_event - quark:entity.foxhound.pant
[02May2025 18:43:48.132] [main/DEBUG] [quark-zeta/]: Registering to minecraft:sound_event - quark:entity.foxhound.shake
[02May2025 18:43:48.132] [main/DEBUG] [quark-zeta/]: Registering to minecraft:sound_event - quark:entity.foxhound.whine
[02May2025 18:43:48.132] [main/DEBUG] [quark-zeta/]: Registering to minecraft:sound_event - quark:entity.foxhound.eat
[02May2025 18:43:48.132] [main/DEBUG] [quark-zeta/]: Registering to minecraft:sound_event - quark:entity.foxhound.crackle
[02May2025 18:43:48.132] [main/DEBUG] [quark-zeta/]: Registering to minecraft:sound_event - quark:entity.crab.die
[02May2025 18:43:48.132] [main/DEBUG] [quark-zeta/]: Registering to minecraft:sound_event - quark:entity.crab.hurt
[02May2025 18:43:48.132] [main/DEBUG] [quark-zeta/]: Registering to minecraft:sound_event - quark:entity.crab.idle
[02May2025 18:43:48.133] [main/DEBUG] [quark-zeta/]: Registering to minecraft:sound_event - quark:entity.toretoise.die
[02May2025 18:43:48.133] [main/DEBUG] [quark-zeta/]: Registering to minecraft:sound_event - quark:entity.toretoise.hurt
[02May2025 18:43:48.133] [main/DEBUG] [quark-zeta/]: Registering to minecraft:sound_event - quark:entity.toretoise.idle
[02May2025 18:43:48.133] [main/DEBUG] [quark-zeta/]: Registering to minecraft:sound_event - quark:entity.toretoise.angry
[02May2025 18:43:48.133] [main/DEBUG] [quark-zeta/]: Registering to minecraft:sound_event - quark:entity.toretoise.harvest
[02May2025 18:43:48.133] [main/DEBUG] [quark-zeta/]: Registering to minecraft:sound_event - quark:entity.toretoise.eat_satiated
[02May2025 18:43:48.133] [main/DEBUG] [quark-zeta/]: Registering to minecraft:sound_event - quark:entity.toretoise.eat
[02May2025 18:43:48.133] [main/DEBUG] [quark-zeta/]: Registering to minecraft:sound_event - quark:entity.toretoise.regrow
[02May2025 18:43:48.133] [main/DEBUG] [quark-zeta/]: Registering to minecraft:sound_event - quark:entity.parrot.egg
[02May2025 18:43:48.133] [main/DEBUG] [quark-zeta/]: Registering to minecraft:sound_event - quark:entity.soul_bead.idle
[02May2025 18:43:48.134] [main/DEBUG] [quark-zeta/]: Registering to minecraft:sound_event - quark:block.monster_box.growl
[02May2025 18:43:48.134] [main/DEBUG] [quark-zeta/]: Registering to minecraft:sound_event - quark:block.pipe.shoot
[02May2025 18:43:48.134] [main/DEBUG] [quark-zeta/]: Registering to minecraft:sound_event - quark:block.pipe.pickup
[02May2025 18:43:48.134] [main/DEBUG] [quark-zeta/]: Registering to minecraft:sound_event - quark:block.pipe.shoot.lenny
[02May2025 18:43:48.134] [main/DEBUG] [quark-zeta/]: Registering to minecraft:sound_event - quark:block.pipe.pickup.lenny
[02May2025 18:43:48.134] [main/DEBUG] [quark-zeta/]: Registering to minecraft:sound_event - quark:block.potato.do_it
[02May2025 18:43:48.134] [main/DEBUG] [quark-zeta/]: Registering to minecraft:sound_event - quark:block.potato.soda
[02May2025 18:43:48.134] [main/DEBUG] [quark-zeta/]: Registering to minecraft:sound_event - quark:block.potato.kingbdogz
[02May2025 18:43:48.134] [main/DEBUG] [quark-zeta/]: Registering to minecraft:sound_event - quark:block.potato.yung
[02May2025 18:43:48.134] [main/DEBUG] [quark-zeta/]: Registering to minecraft:sound_event - quark:block.potato.hurt
[02May2025 18:43:48.134] [main/DEBUG] [quark-zeta/]: Registering to minecraft:sound_event - quark:item.camera.shutter
[02May2025 18:43:48.134] [main/DEBUG] [quark-zeta/]: Registering to minecraft:sound_event - quark:item.soul_powder.spawn
[02May2025 18:43:48.134] [main/DEBUG] [quark-zeta/]: Registering to minecraft:sound_event - quark:item.bucket.fill_crab
[02May2025 18:43:48.134] [main/DEBUG] [quark-zeta/]: Registering to minecraft:sound_event - quark:item.bucket.empty_crab
[02May2025 18:43:48.135] [main/DEBUG] [quark-zeta/]: Registering to minecraft:sound_event - quark:pet.device
[02May2025 18:43:48.135] [main/DEBUG] [quark-zeta/]: Registering to minecraft:sound_event - quark:pet.neko
[02May2025 18:43:48.135] [main/DEBUG] [quark-zeta/]: Registering to minecraft:sound_event - quark:pet.slime
[02May2025 18:43:48.135] [main/DEBUG] [quark-zeta/]: Registering to minecraft:sound_event - quark:pet.wire
[02May2025 18:43:48.135] [main/DEBUG] [quark-zeta/]: Registering to minecraft:sound_event - quark:ambient.drips
[02May2025 18:43:48.136] [main/DEBUG] [quark-zeta/]: Registering to minecraft:sound_event - quark:ambient.ocean
[02May2025 18:43:48.137] [main/DEBUG] [quark-zeta/]: Registering to minecraft:sound_event - quark:ambient.rain
[02May2025 18:43:48.137] [main/DEBUG] [quark-zeta/]: Registering to minecraft:sound_event - quark:ambient.wind
[02May2025 18:43:48.138] [main/DEBUG] [quark-zeta/]: Registering to minecraft:sound_event - quark:ambient.fire
[02May2025 18:43:48.138] [main/DEBUG] [quark-zeta/]: Registering to minecraft:sound_event - quark:ambient.clock
[02May2025 18:43:48.138] [main/DEBUG] [quark-zeta/]: Registering to minecraft:sound_event - quark:ambient.crickets
[02May2025 18:43:48.138] [main/DEBUG] [quark-zeta/]: Registering to minecraft:sound_event - quark:ambient.chatter
[02May2025 18:43:48.138] [main/DEBUG] [quark-zeta/]: Registering to minecraft:sound_event - quark:music.endermosh
[02May2025 18:43:48.138] [main/DEBUG] [quark-zeta/]: Registering to minecraft:sound_event - quark:music.glimmering_weald
[02May2025 18:43:48.190] [main/DEBUG] [mixin/]: Mixing SelfModFlowingFluidMixin from moonlight.mixins.json into net.mehvahdjukaar.moonlight.api.fluids.ModFlowingFluid
[02May2025 18:43:48.192] [main/DEBUG] [mixin/]: Renaming synthetic method lambda$afterInit$0(Lnet/mehvahdjukaar/moonlight/api/client/forge/ModFluidType;)Lnet/minecraftforge/fluids/FluidType; to mdcf8a4d$lambda$afterInit$0$0 in moonlight.mixins.json:SelfModFlowingFluidMixin
[02May2025 18:43:49.479] [main/DEBUG] [quark-zeta/]: Registering to minecraft:block - quark:ancient_log
[02May2025 18:43:49.479] [main/DEBUG] [quark-zeta/]: Registering to minecraft:block - quark:hollow_ancient_log
[02May2025 18:43:49.480] [main/DEBUG] [quark-zeta/]: Registering to minecraft:block - quark:ancient_wood
[02May2025 18:43:49.480] [main/DEBUG] [quark-zeta/]: Registering to minecraft:block - quark:stripped_ancient_log
[02May2025 18:43:49.480] [main/DEBUG] [quark-zeta/]: Registering to minecraft:block - quark:stripped_ancient_wood
[02May2025 18:43:49.480] [main/DEBUG] [quark-zeta/]: Registering to minecraft:block - quark:ancient_planks
[02May2025 18:43:49.480] [main/DEBUG] [quark-zeta/]: Registering to minecraft:block - quark:vertical_ancient_planks
[02May2025 18:43:49.480] [main/DEBUG] [quark-zeta/]: Registering to minecraft:block - quark:ancient_planks_slab
[02May2025 18:43:49.480] [main/DEBUG] [quark-zeta/]: Registering to minecraft:block - quark:ancient_planks_stairs
[02May2025 18:43:49.480] [main/DEBUG] [quark-zeta/]: Registering to minecraft:block - quark:ancient_fence
[02May2025 18:43:49.480] [main/DEBUG] [quark-zeta/]: Registering to minecraft:block - quark:ancient_fence_gate
[02May2025 18:43:49.480] [main/DEBUG] [quark-zeta/]: Registering to minecraft:block - quark:ancient_door
[02May2025 18:43:49.480] [main/DEBUG] [quark-zeta/]: Registering to minecraft:block - quark:ancient_trapdoor
[02May2025 18:43:49.480] [main/DEBUG] [quark-zeta/]: Registering to minecraft:block - quark:ancient_pressure_plate
[02May2025 18:43:49.480] [main/DEBUG] [quark-zeta/]: Registering to minecraft:block - quark:ancient_button
[02May2025 18:43:49.481] [main/DEBUG] [quark-zeta/]: Registering to minecraft:block - quark:ancient_sign
[02May2025 18:43:49.481] [main/DEBUG] [quark-zeta/]: Registering to minecraft:block - quark:ancient_wall_sign
[02May2025 18:43:49.481] [main/DEBUG] [quark-zeta/]: Registering to minecraft:block - quark:ancient_hanging_sign
[02May2025 18:43:49.481] [main/DEBUG] [quark-zeta/]: Registering to minecraft:block - quark:ancient_wall_hanging_sign
[02May2025 18:43:49.481] [main/DEBUG] [quark-zeta/]: Registering to minecraft:block - quark:ancient_bookshelf
[02May2025 18:43:49.481] [main/DEBUG] [quark-zeta/]: Registering to minecraft:block - quark:ancient_ladder
[02May2025 18:43:49.481] [main/DEBUG] [quark-zeta/]: Registering to minecraft:block - quark:ancient_post
[02May2025 18:43:49.481] [main/DEBUG] [quark-zeta/]: Registering to minecraft:block - quark:stripped_ancient_post
[02May2025 18:43:49.481] [main/DEBUG] [quark-zeta/]: Registering to minecraft:block - quark:ancient_chest
[02May2025 18:43:49.481] [main/DEBUG] [quark-zeta/]: Registering to minecraft:block - quark:ancient_trapped_chest
[02May2025 18:43:49.481] [main/DEBUG] [quark-zeta/]: Registering to minecraft:block - quark:ancient_leaves
[02May2025 18:43:49.481] [main/DEBUG] [quark-zeta/]: Registering to minecraft:block - quark:ancient_sapling
[02May2025 18:43:49.481] [main/DEBUG] [quark-zeta/]: Registering to minecraft:block - quark:potted_ancient_sapling
[02May2025 18:43:49.481] [main/DEBUG] [quark-zeta/]: Registering to minecraft:block - quark:azalea_log
[02May2025 18:43:49.481] [main/DEBUG] [quark-zeta/]: Registering to minecraft:block - quark:hollow_azalea_log
[02May2025 18:43:49.484] [main/DEBUG] [quark-zeta/]: Registering to minecraft:block - quark:azalea_wood
[02May2025 18:43:49.484] [main/DEBUG] [quark-zeta/]: Registering to minecraft:block - quark:stripped_azalea_log
[02May2025 18:43:49.484] [main/DEBUG] [quark-zeta/]: Registering to minecraft:block - quark:stripped_azalea_wood
[02May2025 18:43:49.485] [main/DEBUG] [quark-zeta/]: Registering to minecraft:block - quark:azalea_planks
[02May2025 18:43:49.485] [main/DEBUG] [quark-zeta/]: Registering to minecraft:block - quark:vertical_azalea_planks
[02May2025 18:43:49.485] [main/DEBUG] [quark-zeta/]: Registering to minecraft:block - quark:azalea_planks_slab
[02May2025 18:43:49.485] [main/DEBUG] [quark-zeta/]: Registering to minecraft:block - quark:azalea_planks_stairs
[02May2025 18:43:49.485] [main/DEBUG] [quark-zeta/]: Registering to minecraft:block - quark:azalea_fence
[02May2025 18:43:49.485] [main/DEBUG] [quark-zeta/]: Registering to minecraft:block - quark:azalea_fence_gate
[02May2025 18:43:49.485] [main/DEBUG] [quark-zeta/]: Registering to minecraft:block - quark:azalea_door
[02May2025 18:43:49.485] [main/DEBUG] [quark-zeta/]: Registering to minecraft:block - quark:azalea_trapdoor
[02May2025 18:43:49.485] [main/DEBUG] [quark-zeta/]: Registering to minecraft:block - quark:azalea_pressure_plate
[02May2025 18:43:49.485] [main/DEBUG] [quark-zeta/]: Registering to minecraft:block - quark:azalea_button
[02May2025 18:43:49.485] [main/DEBUG] [quark-zeta/]: Registering to minecraft:block - quark:azalea_sign
[02May2025 18:43:49.485] [main/DEBUG] [quark-zeta/]: Registering to minecraft:block - quark:azalea_wall_sign
[02May2025 18:43:49.485] [main/DEBUG] [quark-zeta/]: Registering to minecraft:block - quark:azalea_hanging_sign
[02May2025 18:43:49.485] [main/DEBUG] [quark-zeta/]: Registering to minecraft:block - quark:azalea_wall_hanging_sign
[02May2025 18:43:49.485] [main/DEBUG] [quark-zeta/]: Registering to minecraft:block - quark:azalea_bookshelf
[02May2025 18:43:49.485] [main/DEBUG] [quark-zeta/]: Registering to minecraft:block - quark:azalea_ladder
[02May2025 18:43:49.485] [main/DEBUG] [quark-zeta/]: Registering to minecraft:block - quark:azalea_post
[02May2025 18:43:49.485] [main/DEBUG] [quark-zeta/]: Registering to minecraft:block - quark:stripped_azalea_post
[02May2025 18:43:49.485] [main/DEBUG] [quark-zeta/]: Registering to minecraft:block - quark:azalea_chest
[02May2025 18:43:49.485] [main/DEBUG] [quark-zeta/]: Registering to minecraft:block - quark:azalea_trapped_chest
[02May2025 18:43:49.485] [main/DEBUG] [quark-zeta/]: Registering to minecraft:block - quark:bonded_ravager_hide
[02May2025 18:43:49.485] [main/DEBUG] [quark-zeta/]: Registering to minecraft:block - quark:blossom_log
[02May2025 18:43:49.486] [main/DEBUG] [quark-zeta/]: Registering to minecraft:block - quark:hollow_blossom_log
[02May2025 18:43:49.487] [main/DEBUG] [quark-zeta/]: Registering to minecraft:block - quark:blossom_wood
[02May2025 18:43:49.487] [main/DEBUG] [quark-zeta/]: Registering to minecraft:block - quark:stripped_blossom_log
[02May2025 18:43:49.487] [main/DEBUG] [quark-zeta/]: Registering to minecraft:block - quark:stripped_blossom_wood
[02May2025 18:43:49.487] [main/DEBUG] [quark-zeta/]: Registering to minecraft:block - quark:blossom_planks
[02May2025 18:43:49.487] [main/DEBUG] [quark-zeta/]: Registering to minecraft:block - quark:vertical_blossom_planks
[02May2025 18:43:49.488] [main/DEBUG] [quark-zeta/]: Registering to minecraft:block - quark:blossom_planks_slab
[02May2025 18:43:49.488] [main/DEBUG] [quark-zeta/]: Registering to minecraft:block - quark:blossom_planks_stairs
[02May2025 18:43:49.488] [main/DEBUG] [quark-zeta/]: Registering to minecraft:block - quark:blossom_fence
[02May2025 18:43:49.489] [main/DEBUG] [quark-zeta/]: Registering to minecraft:block - quark:blossom_fence_gate
[02May2025 18:43:49.489] [main/DEBUG] [quark-zeta/]: Registering to minecraft:block - quark:blossom_door
[02May2025 18:43:49.489] [main/DEBUG] [quark-zeta/]: Registering to minecraft:block - quark:blossom_trapdoor
[02May2025 18:43:49.489] [main/DEBUG] [quark-zeta/]: Registering to minecraft:block - quark:blossom_pressure_plate
[02May2025 18:43:49.489] [main/DEBUG] [quark-zeta/]: Registering to minecraft:block - quark:blossom_button
[02May2025 18:43:49.489] [main/DEBUG] [quark-zeta/]: Registering to minecraft:block - quark:blossom_sign
[02May2025 18:43:49.489] [main/DEBUG] [quark-zeta/]: Registering to minecraft:block - quark:blossom_wall_sign
[02May2025 18:43:49.489] [main/DEBUG] [quark-zeta/]: Registering to minecraft:block - quark:blossom_hanging_sign
[02May2025 18:43:49.489] [main/DEBUG] [quark-zeta/]: Registering to minecraft:block - quark:blossom_wall_hanging_sign
[02May2025 18:43:49.489] [main/DEBUG] [quark-zeta/]: Registering to minecraft:block - quark:blossom_bookshelf
[02May2025 18:43:49.489] [main/DEBUG] [quark-zeta/]: Registering to minecraft:block - quark:blossom_ladder
[02May2025 18:43:49.489] [main/DEBUG] [quark-zeta/]: Registering to minecraft:block - quark:blossom_post
[02May2025 18:43:49.489] [main/DEBUG] [quark-zeta/]: Registering to minecraft:block - quark:stripped_blossom_post
[02May2025 18:43:49.489] [main/DEBUG] [quark-zeta/]: Registering to minecraft:block - quark:blossom_chest
[02May2025 18:43:49.489] [main/DEBUG] [quark-zeta/]: Registering to minecraft:block - quark:blossom_trapped_chest
[02May2025 18:43:49.489] [main/DEBUG] [quark-zeta/]: Registering to minecraft:block - quark:blue_blossom_leaves
[02May2025 18:43:49.489] [main/DEBUG] [quark-zeta/]: Registering to minecraft:block - quark:blue_blossom_sapling
[02May2025 18:43:49.489] [main/DEBUG] [quark-zeta/]: Registering to minecraft:block - quark:potted_blue_blossom_sapling
[02May2025 18:43:49.490] [main/DEBUG] [quark-zeta/]: Registering to minecraft:block - quark:lavender_blossom_leaves
[02May2025 18:43:49.490] [main/DEBUG] [quark-zeta/]: Registering to minecraft:block - quark:lavender_blossom_sapling
[02May2025 18:43:49.490] [main/DEBUG] [quark-zeta/]: Registering to minecraft:block - quark:potted_lavender_blossom_sapling
[02May2025 18:43:49.490] [main/DEBUG] [quark-zeta/]: Registering to minecraft:block - quark:orange_blossom_leaves
[02May2025 18:43:49.492] [main/DEBUG] [quark-zeta/]: Registering to minecraft:block - quark:orange_blossom_sapling
[02May2025 18:43:49.492] [main/DEBUG] [quark-zeta/]: Registering to minecraft:block - quark:potted_orange_blossom_sapling
[02May2025 18:43:49.492] [main/DEBUG] [quark-zeta/]: Registering to minecraft:block - quark:yellow_blossom_leaves
[02May2025 18:43:49.492] [main/DEBUG] [quark-zeta/]: Registering to minecraft:block - quark:yellow_blossom_sapling
[02May2025 18:43:49.492] [main/DEBUG] [quark-zeta/]: Registering to minecraft:block - quark:potted_yellow_blossom_sapling
[02May2025 18:43:49.492] [main/DEBUG] [quark-zeta/]: Registering to minecraft:block - quark:red_blossom_leaves
[02May2025 18:43:49.492] [main/DEBUG] [quark-zeta/]: Registering to minecraft:block - quark:red_blossom_sapling
[02May2025 18:43:49.492] [main/DEBUG] [quark-zeta/]: Registering to minecraft:block - quark:potted_red_blossom_sapling
[02May2025 18:43:49.493] [main/DEBUG] [quark-zeta/]: Registering to minecraft:block - quark:cloud
[02May2025 18:43:49.493] [main/DEBUG] [quark-zeta/]: Registering to minecraft:block - quark:stone_lamp
[02May2025 18:43:49.493] [main/DEBUG] [quark-zeta/]: Registering to minecraft:block - quark:stone_brick_lamp
[02May2025 18:43:49.493] [main/DEBUG] [quark-zeta/]: Registering to minecraft:block - quark:chorus_weeds
[02May2025 18:43:49.493] [main/DEBUG] [quark-zeta/]: Registering to minecraft:block - quark:chorus_twist
[02May2025 18:43:49.493] [main/DEBUG] [quark-zeta/]: Registering to minecraft:block - quark:potted_chorus_weeds
[02May2025 18:43:49.493] [main/DEBUG] [quark-zeta/]: Registering to minecraft:block - quark:potted_chorus_twist
[02May2025 18:43:49.493] [main/DEBUG] [quark-zeta/]: Registering to minecraft:block - quark:chute
[02May2025 18:43:49.493] [main/DEBUG] [quark-zeta/]: Registering to minecraft:block - quark:charcoal_block
[02May2025 18:43:49.493] [main/DEBUG] [quark-zeta/]: Registering to minecraft:block - quark:sugar_cane_block
[02May2025 18:43:49.493] [main/DEBUG] [quark-zeta/]: Registering to minecraft:block - quark:cactus_block
[02May2025 18:43:49.493] [main/DEBUG] [quark-zeta/]: Registering to minecraft:block - quark:chorus_fruit_block
[02May2025 18:43:49.493] [main/DEBUG] [quark-zeta/]: Registering to minecraft:block - quark:stick_block
[02May2025 18:43:49.493] [main/DEBUG] [quark-zeta/]: Registering to minecraft:block - quark:golden_apple_crate
[02May2025 18:43:49.493] [main/DEBUG] [quark-zeta/]: Registering to minecraft:block - quark:apple_crate
[02May2025 18:43:49.493] [main/DEBUG] [quark-zeta/]: Registering to minecraft:block - quark:potato_crate
[02May2025 18:43:49.493] [main/DEBUG] [quark-zeta/]: Registering to minecraft:block - quark:carrot_crate
[02May2025 18:43:49.493] [main/DEBUG] [quark-zeta/]: Registering to minecraft:block - quark:golden_carrot_crate
[02May2025 18:43:49.493] [main/DEBUG] [quark-zeta/]: Registering to minecraft:block - quark:beetroot_crate
[02May2025 18:43:49.493] [main/DEBUG] [quark-zeta/]: Registering to minecraft:block - quark:cocoa_beans_sack
[02May2025 18:43:49.493] [main/DEBUG] [quark-zeta/]: Registering to minecraft:block - quark:nether_wart_sack
[02May2025 18:43:49.493] [main/DEBUG] [quark-zeta/]: Registering to minecraft:block - quark:gunpowder_sack
[02May2025 18:43:49.493] [main/DEBUG] [quark-zeta/]: Registering to minecraft:block - quark:berry_sack
[02May2025 18:43:49.493] [main/DEBUG] [quark-zeta/]: Registering to minecraft:block - quark:glowberry_sack
[02May2025 18:43:49.493] [main/DEBUG] [quark-zeta/]: Registering to minecraft:block - quark:blaze_lantern
[02May2025 18:43:49.493] [main/DEBUG] [quark-zeta/]: Registering to minecraft:block - quark:bonded_leather
[02May2025 18:43:49.494] [main/DEBUG] [quark-zeta/]: Registering to minecraft:block - quark:bonded_rabbit_hide
[02May2025 18:43:49.494] [main/DEBUG] [quark-zeta/]: Registering to minecraft:block - quark:red_corundum
[02May2025 18:43:49.494] [main/DEBUG] [quark-zeta/]: Registering to minecraft:block - quark:waxed_red_corundum
[02May2025 18:43:49.494] [main/DEBUG] [quark-zeta/]: Registering to minecraft:block - quark:red_corundum_pane
[02May2025 18:43:49.494] [main/DEBUG] [quark-zeta/]: Registering to minecraft:block - quark:red_corundum_cluster
[02May2025 18:43:49.494] [main/DEBUG] [quark-zeta/]: Registering to minecraft:block - quark:orange_corundum
[02May2025 18:43:49.494] [main/DEBUG] [quark-zeta/]: Registering to minecraft:block - quark:waxed_orange_corundum
[02May2025 18:43:49.494] [main/DEBUG] [quark-zeta/]: Registering to minecraft:block - quark:orange_corundum_pane
[02May2025 18:43:49.497] [main/DEBUG] [quark-zeta/]: Registering to minecraft:block - quark:orange_corundum_cluster
[02May2025 18:43:49.497] [main/DEBUG] [quark-zeta/]: Registering to minecraft:block - quark:yellow_corundum
[02May2025 18:43:49.497] [main/DEBUG] [quark-zeta/]: Registering to minecraft:block - quark:waxed_yellow_corundum
[02May2025 18:43:49.497] [main/DEBUG] [quark-zeta/]: Registering to minecraft:block - quark:yellow_corundum_pane
[02May2025 18:43:49.497] [main/DEBUG] [quark-zeta/]: Registering to minecraft:block - quark:yellow_corundum_cluster
[02May2025 18:43:49.497] [main/DEBUG] [quark-zeta/]: Registering to minecraft:block - quark:green_corundum
[02May2025 18:43:49.497] [main/DEBUG] [quark-zeta/]: Registering to minecraft:block - quark:waxed_green_corundum
[02May2025 18:43:49.497] [main/DEBUG] [quark-zeta/]: Registering to minecraft:block - quark:green_corundum_pane
[02May2025 18:43:49.497] [main/DEBUG] [quark-zeta/]: Registering to minecraft:block - quark:green_corundum_cluster
[02May2025 18:43:49.497] [main/DEBUG] [quark-zeta/]: Registering to minecraft:block - quark:blue_corundum
[02May2025 18:43:49.497] [main/DEBUG] [quark-zeta/]: Registering to minecraft:block - quark:waxed_blue_corundum
[02May2025 18:43:49.497] [main/DEBUG] [quark-zeta/]: Registering to minecraft:block - quark:blue_corundum_pane
[02May2025 18:43:49.497] [main/DEBUG] [quark-zeta/]: Registering to minecraft:block - quark:blue_corundum_cluster
[02May2025 18:43:49.497] [main/DEBUG] [quark-zeta/]: Registering to minecraft:block - quark:indigo_corundum
[02May2025 18:43:49.498] [main/DEBUG] [quark-zeta/]: Registering to minecraft:block - quark:waxed_indigo_corundum
[02May2025 18:43:49.498] [main/DEBUG] [quark-zeta/]: Registering to minecraft:block - quark:indigo_corundum_pane
[02May2025 18:43:49.498] [main/DEBUG] [quark-zeta/]: Registering to minecraft:block - quark:indigo_corundum_cluster
[02May2025 18:43:49.498] [main/DEBUG] [quark-zeta/]: Registering to minecraft:block - quark:violet_corundum
[02May2025 18:43:49.498] [main/DEBUG] [quark-zeta/]: Registering to minecraft:block - quark:waxed_violet_corundum
[02May2025 18:43:49.498] [main/DEBUG] [quark-zeta/]: Registering to minecraft:block - quark:violet_corundum_pane
[02May2025 18:43:49.498] [main/DEBUG] [quark-zeta/]: Registering to minecraft:block - quark:violet_corundum_cluster
[02May2025 18:43:49.498] [main/DEBUG] [quark-zeta/]: Registering to minecraft:block - quark:white_corundum
[02May2025 18:43:49.498] [main/DEBUG] [quark-zeta/]: Registering to minecraft:block - quark:waxed_white_corundum
[02May2025 18:43:49.498] [main/DEBUG] [quark-zeta/]: Registering to minecraft:block - quark:white_corundum_pane
[02May2025 18:43:49.498] [main/DEBUG] [quark-zeta/]: Registering to minecraft:block - quark:white_corundum_cluster
[02May2025 18:43:49.498] [main/DEBUG] [quark-zeta/]: Registering to minecraft:block - quark:black_corundum
[02May2025 18:43:49.498] [main/DEBUG] [quark-zeta/]: Registering to minecraft:block - quark:waxed_black_corundum
[02May2025 18:43:49.498] [main/DEBUG] [quark-zeta/]: Registering to minecraft:block - quark:black_corundum_pane
[02May2025 18:43:49.498] [main/DEBUG] [quark-zeta/]: Registering to minecraft:block - quark:black_corundum_cluster
[02May2025 18:43:49.498] [main/DEBUG] [quark-zeta/]: Registering to minecraft:block - quark:crafter
[02May2025 18:43:49.498] [main/DEBUG] [quark-zeta/]: Registering to minecraft:block - quark:crate
[02May2025 18:43:49.498] [main/DEBUG] [quark-zeta/]: Registering to minecraft:block - quark:duskbound_block
[02May2025 18:43:49.499] [main/DEBUG] [quark-zeta/]: Registering to minecraft:block - quark:duskbound_lantern
[02May2025 18:43:49.499] [main/DEBUG] [quark-zeta/]: Registering to minecraft:block - quark:duskbound_block_slab
[02May2025 18:43:49.499] [main/DEBUG] [quark-zeta/]: Registering to minecraft:block - quark:duskbound_block_stairs
[02May2025 18:43:49.499] [main/DEBUG] [quark-zeta/]: Registering to minecraft:block - quark:ender_watcher
[02May2025 18:43:49.499] [main/DEBUG] [quark-zeta/]: Registering to minecraft:block - quark:feeding_trough
[02May2025 18:43:49.499] [main/DEBUG] [quark-zeta/]: Registering to minecraft:block - quark:framed_glass
[02May2025 18:43:49.499] [main/DEBUG] [quark-zeta/]: Registering to minecraft:block - quark:framed_glass_pane
[02May2025 18:43:49.499] [main/DEBUG] [quark-zeta/]: Registering to minecraft:block - quark:white_framed_glass
[02May2025 18:43:49.502] [main/DEBUG] [quark-zeta/]: Registering to minecraft:block - quark:light_gray_framed_glass
[02May2025 18:43:49.502] [main/DEBUG] [quark-zeta/]: Registering to minecraft:block - quark:gray_framed_glass
[02May2025 18:43:49.502] [main/DEBUG] [quark-zeta/]: Registering to minecraft:block - quark:black_framed_glass
[02May2025 18:43:49.502] [main/DEBUG] [quark-zeta/]: Registering to minecraft:block - quark:brown_framed_glass
[02May2025 18:43:49.502] [main/DEBUG] [quark-zeta/]: Registering to minecraft:block - quark:red_framed_glass
[02May2025 18:43:49.503] [main/DEBUG] [quark-zeta/]: Registering to minecraft:block - quark:orange_framed_glass
[02May2025 18:43:49.503] [main/DEBUG] [quark-zeta/]: Registering to minecraft:block - quark:yellow_framed_glass
[02May2025 18:43:49.504] [main/DEBUG] [quark-zeta/]: Registering to minecraft:block - quark:lime_framed_glass
[02May2025 18:43:49.504] [main/DEBUG] [quark-zeta/]: Registering to minecraft:block - quark:green_framed_glass
[02May2025 18:43:49.504] [main/DEBUG] [quark-zeta/]: Registering to minecraft:block - quark:cyan_framed_glass
[02May2025 18:43:49.506] [main/DEBUG] [quark-zeta/]: Registering to minecraft:block - quark:light_blue_framed_glass
[02May2025 18:43:49.506] [main/DEBUG] [quark-zeta/]: Registering to minecraft:block - quark:blue_framed_glass
[02May2025 18:43:49.507] [main/DEBUG] [quark-zeta/]: Registering to minecraft:block - quark:purple_framed_glass
[02May2025 18:43:49.507] [main/DEBUG] [quark-zeta/]: Registering to minecraft:block - quark:magenta_framed_glass
[02May2025 18:43:49.507] [main/DEBUG] [quark-zeta/]: Registering to minecraft:block - quark:pink_framed_glass
[02May2025 18:43:49.507] [main/DEBUG] [quark-zeta/]: Registering to minecraft:block - quark:white_framed_glass_pane
[02May2025 18:43:49.507] [main/DEBUG] [quark-zeta/]: Registering to minecraft:block - quark:light_gray_framed_glass_pane
[02May2025 18:43:49.508] [main/DEBUG] [quark-zeta/]: Registering to minecraft:block - quark:gray_framed_glass_pane
[02May2025 18:43:49.508] [main/DEBUG] [quark-zeta/]: Registering to minecraft:block - quark:black_framed_glass_pane
[02May2025 18:43:49.508] [main/DEBUG] [quark-zeta/]: Registering to minecraft:block - quark:brown_framed_glass_pane
[02May2025 18:43:49.508] [main/DEBUG] [quark-zeta/]: Registering to minecraft:block - quark:red_framed_glass_pane
[02May2025 18:43:49.508] [main/DEBUG] [quark-zeta/]: Registering to minecraft:block - quark:orange_framed_glass_pane
[02May2025 18:43:49.509] [main/DEBUG] [quark-zeta/]: Registering to minecraft:block - quark:yellow_framed_glass_pane
[02May2025 18:43:49.509] [main/DEBUG] [quark-zeta/]: Registering to minecraft:block - quark:lime_framed_glass_pane
[02May2025 18:43:49.509] [main/DEBUG] [quark-zeta/]: Registering to minecraft:block - quark:green_framed_glass_pane
[02May2025 18:43:49.509] [main/DEBUG] [quark-zeta/]: Registering to minecraft:block - quark:cyan_framed_glass_pane
[02May2025 18:43:49.509] [main/DEBUG] [quark-zeta/]: Registering to minecraft:block - quark:light_blue_framed_glass_pane
[02May2025 18:43:49.510] [main/DEBUG] [quark-zeta/]: Registering to minecraft:block - quark:blue_framed_glass_pane
[02May2025 18:43:49.510] [main/DEBUG] [quark-zeta/]: Registering to minecraft:block - quark:purple_framed_glass_pane
[02May2025 18:43:49.510] [main/DEBUG] [quark-zeta/]: Registering to minecraft:block - quark:magenta_framed_glass_pane
[02May2025 18:43:49.510] [main/DEBUG] [quark-zeta/]: Registering to minecraft:block - quark:pink_framed_glass_pane
[02May2025 18:43:49.511] [main/DEBUG] [quark-zeta/]: Registering to minecraft:block - quark:dirty_glass
[02May2025 18:43:49.511] [main/DEBUG] [quark-zeta/]: Registering to minecraft:block - quark:dirty_glass_pane
[02May2025 18:43:49.512] [main/DEBUG] [quark-zeta/]: Registering to minecraft:block - quark:glow_shroom
[02May2025 18:43:49.512] [main/DEBUG] [quark-zeta/]: Registering to minecraft:block - quark:glow_shroom_block
[02May2025 18:43:49.512] [main/DEBUG] [quark-zeta/]: Registering to minecraft:block - quark:glow_shroom_stem
[02May2025 18:43:49.512] [main/DEBUG] [quark-zeta/]: Registering to minecraft:block - quark:glow_shroom_ring
[02May2025 18:43:49.513] [main/DEBUG] [quark-zeta/]: Registering to minecraft:block - quark:glow_lichen_growth
[02May2025 18:43:49.513] [main/DEBUG] [quark-zeta/]: Registering to minecraft:block - quark:potted_glow_lichen_growth
[02May2025 18:43:49.513] [main/DEBUG] [quark-zeta/]: Registering to minecraft:block - quark:potted_glow_shroom
[02May2025 18:43:49.513] [main/DEBUG] [quark-zeta/]: Registering to minecraft:block - quark:gold_bars
[02May2025 18:43:49.513] [main/DEBUG] [quark-zeta/]: Registering to minecraft:block - quark:grate
[02May2025 18:43:49.513] [main/DEBUG] [quark-zeta/]: Registering to minecraft:block - quark:gravisand
[02May2025 18:43:49.513] [main/DEBUG] [quark-zeta/]: Registering to minecraft:block - quark:oak_hedge
[02May2025 18:43:49.513] [main/DEBUG] [quark-zeta/]: Registering to minecraft:block - quark:spruce_hedge
[02May2025 18:43:49.513] [main/DEBUG] [quark-zeta/]: Registering to minecraft:block - quark:birch_hedge
[02May2025 18:43:49.513] [main/DEBUG] [quark-zeta/]: Registering to minecraft:block - quark:jungle_hedge
[02May2025 18:43:49.513] [main/DEBUG] [quark-zeta/]: Registering to minecraft:block - quark:acacia_hedge
[02May2025 18:43:49.513] [main/DEBUG] [quark-zeta/]: Registering to minecraft:block - quark:dark_oak_hedge
[02May2025 18:43:49.513] [main/DEBUG] [quark-zeta/]: Registering to minecraft:block - quark:mangrove_hedge
[02May2025 18:43:49.513] [main/DEBUG] [quark-zeta/]: Registering to minecraft:block - quark:cherry_hedge
[02May2025 18:43:49.513] [main/DEBUG] [quark-zeta/]: Registering to minecraft:block - quark:azalea_hedge
[02May2025 18:43:49.513] [main/DEBUG] [quark-zeta/]: Registering to minecraft:block - quark:flowering_azalea_hedge
[02May2025 18:43:49.513] [main/DEBUG] [quark-zeta/]: Registering to minecraft:block - quark:hollow_oak_log
[02May2025 18:43:49.513] [main/DEBUG] [quark-zeta/]: Registering to minecraft:block - quark:hollow_spruce_log
[02May2025 18:43:49.513] [main/DEBUG] [quark-zeta/]: Registering to minecraft:block - quark:hollow_birch_log
[02May2025 18:43:49.513] [main/DEBUG] [quark-zeta/]: Registering to minecraft:block - quark:hollow_jungle_log
[02May2025 18:43:49.514] [main/DEBUG] [quark-zeta/]: Registering to minecraft:block - quark:hollow_acacia_log
[02May2025 18:43:49.514] [main/DEBUG] [quark-zeta/]: Registering to minecraft:block - quark:hollow_dark_oak_log
[02May2025 18:43:49.514] [main/DEBUG] [quark-zeta/]: Registering to minecraft:block - quark:hollow_crimson_stem
[02May2025 18:43:49.514] [main/DEBUG] [quark-zeta/]: Registering to minecraft:block - quark:hollow_warped_stem
[02May2025 18:43:49.514] [main/DEBUG] [quark-zeta/]: Registering to minecraft:block - quark:hollow_mangrove_log
[02May2025 18:43:49.514] [main/DEBUG] [quark-zeta/]: Registering to minecraft:block - quark:hollow_cherry_log
[02May2025 18:43:49.514] [main/DEBUG] [quark-zeta/]: Registering to minecraft:block - quark:iron_plate
[02May2025 18:43:49.514] [main/DEBUG] [quark-zeta/]: Registering to minecraft:block - quark:rusty_iron_plate
[02May2025 18:43:49.514] [main/DEBUG] [quark-zeta/]: Registering to minecraft:block - quark:iron_pillar
[02May2025 18:43:49.514] [main/DEBUG] [quark-zeta/]: Registering to minecraft:block - quark:iron_plate_slab
[02May2025 18:43:49.514] [main/DEBUG] [quark-zeta/]: Registering to minecraft:block - quark:iron_plate_stairs
[02May2025 18:43:49.514] [main/DEBUG] [quark-zeta/]: Registering to minecraft:block - quark:rusty_iron_plate_slab
[02May2025 18:43:49.514] [main/DEBUG] [quark-zeta/]: Registering to minecraft:block - quark:rusty_iron_plate_stairs
[02May2025 18:43:49.514] [main/DEBUG] [quark-zeta/]: Registering to minecraft:block - quark:iron_ladder
[02May2025 18:43:49.514] [main/DEBUG] [quark-zeta/]: Registering to minecraft:block - quark:iron_rod
[02May2025 18:43:49.514] [main/DEBUG] [quark-zeta/]: Registering to minecraft:block - quark:paper_lantern
[02May2025 18:43:49.514] [main/DEBUG] [quark-zeta/]: Registering to minecraft:block - quark:paper_lantern_sakura
[02May2025 18:43:49.514] [main/DEBUG] [quark-zeta/]: Registering to minecraft:block - quark:paper_wall
[02May2025 18:43:49.514] [main/DEBUG] [quark-zeta/]: Registering to minecraft:block - quark:paper_wall_big
[02May2025 18:43:49.514] [main/DEBUG] [quark-zeta/]: Registering to minecraft:block - quark:paper_wall_sakura
[02May2025 18:43:49.514] [main/DEBUG] [quark-zeta/]: Registering to minecraft:block - quark:bamboo_mat
[02May2025 18:43:49.514] [main/DEBUG] [quark-zeta/]: Registering to minecraft:block - quark:bamboo_mat_carpet
[02May2025 18:43:49.514] [main/DEBUG] [quark-zeta/]: Registering to minecraft:block - quark:oak_leaf_carpet
[02May2025 18:43:49.514] [main/DEBUG] [quark-zeta/]: Registering to minecraft:block - quark:spruce_leaf_carpet
[02May2025 18:43:49.514] [main/DEBUG] [quark-zeta/]: Registering to minecraft:block - quark:birch_leaf_carpet
[02May2025 18:43:49.515] [main/DEBUG] [quark-zeta/]: Registering to minecraft:block - quark:jungle_leaf_carpet
[02May2025 18:43:49.515] [main/DEBUG] [quark-zeta/]: Registering to minecraft:block - quark:acacia_leaf_carpet
[02May2025 18:43:49.515] [main/DEBUG] [quark-zeta/]: Registering to minecraft:block - quark:dark_oak_leaf_carpet
[02May2025 18:43:49.515] [main/DEBUG] [quark-zeta/]: Registering to minecraft:block - quark:mangrove_leaf_carpet
[02May2025 18:43:49.515] [main/DEBUG] [quark-zeta/]: Registering to minecraft:block - quark:cherry_leaf_carpet
[02May2025 18:43:49.515] [main/DEBUG] [quark-zeta/]: Registering to minecraft:block - quark:azalea_leaf_carpet
[02May2025 18:43:49.515] [main/DEBUG] [quark-zeta/]: Registering to minecraft:block - quark:flowering_azalea_leaf_carpet
[02May2025 18:43:49.515] [main/DEBUG] [quark-zeta/]: Registering to minecraft:block - quark:magnet
[02May2025 18:43:49.515] [main/DEBUG] [quark-zeta/]: Registering to minecraft:block - quark:magnetized_block
[02May2025 18:43:49.515] [main/DEBUG] [quark-zeta/]: Registering to minecraft:block - quark:matrix_enchanter
[02May2025 18:43:49.515] [main/DEBUG] [quark-zeta/]: Registering to minecraft:block - quark:iron_button
[02May2025 18:43:49.515] [main/DEBUG] [quark-zeta/]: Registering to minecraft:block - quark:gold_button
[02May2025 18:43:49.519] [main/DEBUG] [quark-zeta/]: Registering to minecraft:block - quark:midori_block
[02May2025 18:43:49.519] [main/DEBUG] [quark-zeta/]: Registering to minecraft:block - quark:midori_pillar
[02May2025 18:43:49.519] [main/DEBUG] [quark-zeta/]: Registering to minecraft:block - quark:midori_block_slab
[02May2025 18:43:49.519] [main/DEBUG] [quark-zeta/]: Registering to minecraft:block - quark:midori_block_stairs
[02May2025 18:43:49.520] [main/DEBUG] [quark-zeta/]: Registering to minecraft:block - quark:monster_box
[02May2025 18:43:49.520] [main/DEBUG] [quark-zeta/]: Registering to minecraft:block - quark:blue_nether_bricks
[02May2025 18:43:49.520] [main/DEBUG] [quark-zeta/]: Registering to minecraft:block - quark:blue_nether_bricks_wall
[02May2025 18:43:49.520] [main/DEBUG] [quark-zeta/]: Registering to minecraft:block - quark:blue_nether_bricks_slab
[02May2025 18:43:49.520] [main/DEBUG] [quark-zeta/]: Registering to minecraft:block - quark:blue_nether_bricks_stairs
[02May2025 18:43:49.520] [main/DEBUG] [quark-zeta/]: Registering to minecraft:block - quark:sandstone_bricks
[02May2025 18:43:49.521] [main/DEBUG] [quark-zeta/]: Registering to minecraft:block - quark:sandstone_bricks_wall
[02May2025 18:43:49.521] [main/DEBUG] [quark-zeta/]: Registering to minecraft:block - quark:sandstone_bricks_slab
[02May2025 18:43:49.521] [main/DEBUG] [quark-zeta/]: Registering to minecraft:block - quark:sandstone_bricks_stairs
[02May2025 18:43:49.521] [main/DEBUG] [quark-zeta/]: Registering to minecraft:block - quark:red_sandstone_bricks
[02May2025 18:43:49.522] [main/DEBUG] [quark-zeta/]: Registering to minecraft:block - quark:red_sandstone_bricks_wall
[02May2025 18:43:49.522] [main/DEBUG] [quark-zeta/]: Registering to minecraft:block - quark:red_sandstone_bricks_slab
[02May2025 18:43:49.522] [main/DEBUG] [quark-zeta/]: Registering to minecraft:block - quark:red_sandstone_bricks_stairs
[02May2025 18:43:49.522] [main/DEBUG] [quark-zeta/]: Registering to minecraft:block - quark:soul_sandstone_bricks
[02May2025 18:43:49.522] [main/DEBUG] [quark-zeta/]: Registering to minecraft:block - quark:soul_sandstone_bricks_wall
[02May2025 18:43:49.523] [main/DEBUG] [quark-zeta/]: Registering to minecraft:block - quark:soul_sandstone_bricks_slab
[02May2025 18:43:49.523] [main/DEBUG] [quark-zeta/]: Registering to minecraft:block - quark:soul_sandstone_bricks_stairs
[02May2025 18:43:49.523] [main/DEBUG] [quark-zeta/]: Registering to minecraft:block - quark:cobblestone_bricks
[02May2025 18:43:49.523] [main/DEBUG] [quark-zeta/]: Registering to minecraft:block - quark:cobblestone_bricks_wall
[02May2025 18:43:49.523] [main/DEBUG] [quark-zeta/]: Registering to minecraft:block - quark:cobblestone_bricks_slab
[02May2025 18:43:49.523] [main/DEBUG] [quark-zeta/]: Registering to minecraft:block - quark:cobblestone_bricks_stairs
[02May2025 18:43:49.523] [main/DEBUG] [quark-zeta/]: Registering to minecraft:block - quark:mossy_cobblestone_bricks
[02May2025 18:43:49.524] [main/DEBUG] [quark-zeta/]: Registering to minecraft:block - quark:mossy_cobblestone_bricks_wall
[02May2025 18:43:49.524] [main/DEBUG] [quark-zeta/]: Registering to minecraft:block - quark:mossy_cobblestone_bricks_slab
[02May2025 18:43:49.524] [main/DEBUG] [quark-zeta/]: Registering to minecraft:block - quark:mossy_cobblestone_bricks_stairs
[02May2025 18:43:49.524] [main/DEBUG] [quark-zeta/]: Registering to minecraft:block - quark:blackstone_bricks
[02May2025 18:43:49.524] [main/DEBUG] [quark-zeta/]: Registering to minecraft:block - quark:blackstone_bricks_wall
[02May2025 18:43:49.524] [main/DEBUG] [quark-zeta/]: Registering to minecraft:block - quark:blackstone_bricks_slab
[02May2025 18:43:49.524] [main/DEBUG] [quark-zeta/]: Registering to minecraft:block - quark:blackstone_bricks_stairs
[02May2025 18:43:49.524] [main/DEBUG] [quark-zeta/]: Registering to minecraft:block - quark:dirt_bricks
[02May2025 18:43:49.524] [main/DEBUG] [quark-zeta/]: Registering to minecraft:block - quark:dirt_bricks_wall
[02May2025 18:43:49.524] [main/DEBUG] [quark-zeta/]: Registering to minecraft:block - quark:dirt_bricks_slab
[02May2025 18:43:49.525] [main/DEBUG] [quark-zeta/]: Registering to minecraft:block - quark:dirt_bricks_stairs
[02May2025 18:43:49.525] [main/DEBUG] [quark-zeta/]: Registering to minecraft:block - quark:netherrack_bricks
[02May2025 18:43:49.525] [main/DEBUG] [quark-zeta/]: Registering to minecraft:block - quark:netherrack_bricks_wall
[02May2025 18:43:49.525] [main/DEBUG] [quark-zeta/]: Registering to minecraft:block - quark:netherrack_bricks_slab
[02May2025 18:43:49.526] [main/DEBUG] [quark-zeta/]: Registering to minecraft:block - quark:netherrack_bricks_stairs
[02May2025 18:43:49.526] [main/DEBUG] [quark-zeta/]: Registering to minecraft:block - quark:carved_mud_bricks
[02May2025 18:43:49.527] [main/DEBUG] [quark-zeta/]: Registering to minecraft:block - quark:mud_pillar
[02May2025 18:43:49.527] [main/DEBUG] [quark-zeta/]: Registering to minecraft:block - quark:mud_brick_lattice
[02May2025 18:43:49.527] [main/DEBUG] [quark-zeta/]: Registering to minecraft:block - quark:potted_beetroot
[02May2025 18:43:49.527] [main/DEBUG] [quark-zeta/]: Registering to minecraft:block - quark:potted_berries
[02May2025 18:43:49.527] [main/DEBUG] [quark-zeta/]: Registering to minecraft:block - quark:potted_carrot
[02May2025 18:43:49.528] [main/DEBUG] [quark-zeta/]: Registering to minecraft:block - quark:potted_chorus
[02May2025 18:43:49.528] [main/DEBUG] [quark-zeta/]: Registering to minecraft:block - quark:potted_cocoa_bean
[02May2025 18:43:49.528] [main/DEBUG] [quark-zeta/]: Registering to minecraft:block - quark:potted_grass
[02May2025 18:43:49.528] [main/DEBUG] [quark-zeta/]: Registering to minecraft:block - quark:potted_peony
[02May2025 18:43:49.528] [main/DEBUG] [quark-zeta/]: Registering to minecraft:block - quark:potted_large_fern
[02May2025 18:43:49.529] [main/DEBUG] [quark-zeta/]: Registering to minecraft:block - quark:potted_lilac
[02May2025 18:43:49.529] [main/DEBUG] [quark-zeta/]: Registering to minecraft:block - quark:potted_melon
[02May2025 18:43:49.530] [main/DEBUG] [quark-zeta/]: Registering to minecraft:block - quark:potted_nether_sprouts
[02May2025 18:43:49.530] [main/DEBUG] [quark-zeta/]: Registering to minecraft:block - quark:potted_nether_wart
[02May2025 18:43:49.530] [main/DEBUG] [quark-zeta/]: Registering to minecraft:block - quark:potted_potato
[02May2025 18:43:49.530] [main/DEBUG] [quark-zeta/]: Registering to minecraft:block - quark:potted_pumpkin
[02May2025 18:43:49.531] [main/DEBUG] [quark-zeta/]: Registering to minecraft:block - quark:potted_rose
[02May2025 18:43:49.531] [main/DEBUG] [quark-zeta/]: Registering to minecraft:block - quark:potted_sea_pickle
[02May2025 18:43:49.531] [main/DEBUG] [quark-zeta/]: Registering to minecraft:block - quark:potted_sugar_cane
[02May2025 18:43:49.531] [main/DEBUG] [quark-zeta/]: Registering to minecraft:block - quark:potted_sunflower
[02May2025 18:43:49.531] [main/DEBUG] [quark-zeta/]: Registering to minecraft:block - quark:potted_tall_grass
[02May2025 18:43:49.531] [main/DEBUG] [quark-zeta/]: Registering to minecraft:block - quark:potted_twisting_vines
[02May2025 18:43:49.531] [main/DEBUG] [quark-zeta/]: Registering to minecraft:block - quark:potted_vine
[02May2025 18:43:49.531] [main/DEBUG] [quark-zeta/]: Registering to minecraft:block - quark:potted_weeping_vines
[02May2025 18:43:49.531] [main/DEBUG] [quark-zeta/]: Registering to minecraft:block - quark:potted_wheat
[02May2025 18:43:49.532] [main/DEBUG] [quark-zeta/]: Registering to minecraft:block - quark:potted_cave_vines
[02May2025 18:43:49.532] [main/DEBUG] [quark-zeta/]: Registering to minecraft:block - quark:potted_pitcher_plant
[02May2025 18:43:49.532] [main/DEBUG] [quark-zeta/]: Registering to minecraft:block - quark:nether_brick_fence_gate
[02May2025 18:43:49.532] [main/DEBUG] [quark-zeta/]: Registering to minecraft:block - quark:limestone
[02May2025 18:43:49.532] [main/DEBUG] [quark-zeta/]: Registering to minecraft:block - quark:polished_limestone
[02May2025 18:43:49.532] [main/DEBUG] [quark-zeta/]: Registering to minecraft:block - quark:limestone_wall
[02May2025 18:43:49.532] [main/DEBUG] [quark-zeta/]: Registering to minecraft:block - quark:limestone_slab
[02May2025 18:43:49.532] [main/DEBUG] [quark-zeta/]: Registering to minecraft:block - quark:limestone_stairs
[02May2025 18:43:49.532] [main/DEBUG] [quark-zeta/]: Registering to minecraft:block - quark:polished_limestone_slab
[02May2025 18:43:49.532] [main/DEBUG] [quark-zeta/]: Registering to minecraft:block - quark:polished_limestone_stairs
[02May2025 18:43:49.533] [main/DEBUG] [quark-zeta/]: Registering to minecraft:block - quark:jasper
[02May2025 18:43:49.533] [main/DEBUG] [quark-zeta/]: Registering to minecraft:block - quark:polished_jasper
[02May2025 18:43:49.533] [main/DEBUG] [quark-zeta/]: Registering to minecraft:block - quark:jasper_wall
[02May2025 18:43:49.533] [main/DEBUG] [quark-zeta/]: Registering to minecraft:block - quark:jasper_slab
[02May2025 18:43:49.535] [main/DEBUG] [quark-zeta/]: Registering to minecraft:block - quark:jasper_stairs
[02May2025 18:43:49.535] [main/DEBUG] [quark-zeta/]: Registering to minecraft:block - quark:polished_jasper_slab
[02May2025 18:43:49.535] [main/DEBUG] [quark-zeta/]: Registering to minecraft:block - quark:polished_jasper_stairs
[02May2025 18:43:49.535] [main/DEBUG] [quark-zeta/]: Registering to minecraft:block - quark:shale
[02May2025 18:43:49.538] [main/DEBUG] [quark-zeta/]: Registering to minecraft:block - quark:polished_shale
[02May2025 18:43:49.538] [main/DEBUG] [quark-zeta/]: Registering to minecraft:block - quark:shale_wall
[02May2025 18:43:49.538] [main/DEBUG] [quark-zeta/]: Registering to minecraft:block - quark:shale_slab
[02May2025 18:43:49.538] [main/DEBUG] [quark-zeta/]: Registering to minecraft:block - quark:shale_stairs
[02May2025 18:43:49.538] [main/DEBUG] [quark-zeta/]: Registering to minecraft:block - quark:polished_shale_slab
[02May2025 18:43:49.539] [main/DEBUG] [quark-zeta/]: Registering to minecraft:block - quark:polished_shale_stairs
[02May2025 18:43:49.539] [main/DEBUG] [quark-zeta/]: Registering to minecraft:block - quark:myalite
[02May2025 18:43:49.539] [main/DEBUG] [quark-zeta/]: Registering to minecraft:block - quark:polished_myalite
[02May2025 18:43:49.539] [main/DEBUG] [quark-zeta/]: Registering to minecraft:block - quark:myalite_wall
[02May2025 18:43:49.539] [main/DEBUG] [quark-zeta/]: Registering to minecraft:block - quark:myalite_slab
[02May2025 18:43:49.539] [main/DEBUG] [quark-zeta/]: Registering to minecraft:block - quark:myalite_stairs
[02May2025 18:43:49.539] [main/DEBUG] [quark-zeta/]: Registering to minecraft:block - quark:polished_myalite_slab
[02May2025 18:43:49.539] [main/DEBUG] [quark-zeta/]: Registering to minecraft:block - quark:polished_myalite_stairs
[02May2025 18:43:49.539] [main/DEBUG] [quark-zeta/]: Registering to minecraft:block - quark:obsidian_pressure_plate
[02May2025 18:43:49.539] [main/DEBUG] [quark-zeta/]: Registering to minecraft:block - quark:permafrost
[02May2025 18:43:49.539] [main/DEBUG] [quark-zeta/]: Registering to minecraft:block - quark:permafrost_wall
[02May2025 18:43:49.539] [main/DEBUG] [quark-zeta/]: Registering to minecraft:block - quark:permafrost_slab
[02May2025 18:43:49.539] [main/DEBUG] [quark-zeta/]: Registering to minecraft:block - quark:permafrost_stairs
[02May2025 18:43:49.539] [main/DEBUG] [quark-zeta/]: Registering to minecraft:block - quark:permafrost_bricks
[02May2025 18:43:49.539] [main/DEBUG] [quark-zeta/]: Registering to minecraft:block - quark:permafrost_bricks_wall
[02May2025 18:43:49.539] [main/DEBUG] [quark-zeta/]: Registering to minecraft:block - quark:permafrost_bricks_slab
[02May2025 18:43:49.539] [main/DEBUG] [quark-zeta/]: Registering to minecraft:block - quark:permafrost_bricks_stairs
[02May2025 18:43:49.539] [main/DEBUG] [quark-zeta/]: Registering to minecraft:block - quark:water_pink_petals
[02May2025 18:43:49.539] [main/DEBUG] [quark-zeta/]: Registering to minecraft:block - quark:pipe
[02May2025 18:43:49.539] [main/DEBUG] [quark-zeta/]: Registering to minecraft:block - quark:encased_pipe
[02May2025 18:43:49.539] [main/DEBUG] [quark-zeta/]: Registering to minecraft:block - quark:red_crystal_lamp
[02May2025 18:43:49.539] [main/DEBUG] [quark-zeta/]: Registering to minecraft:block - quark:orange_crystal_lamp
[02May2025 18:43:49.539] [main/DEBUG] [quark-zeta/]: Registering to minecraft:block - quark:yellow_crystal_lamp
[02May2025 18:43:49.539] [main/DEBUG] [quark-zeta/]: Registering to minecraft:block - quark:green_crystal_lamp
[02May2025 18:43:49.540] [main/DEBUG] [quark-zeta/]: Registering to minecraft:block - quark:blue_crystal_lamp
[02May2025 18:43:49.540] [main/DEBUG] [quark-zeta/]: Registering to minecraft:block - quark:indigo_crystal_lamp
[02May2025 18:43:49.540] [main/DEBUG] [quark-zeta/]: Registering to minecraft:block - quark:violet_crystal_lamp
[02May2025 18:43:49.540] [main/DEBUG] [quark-zeta/]: Registering to minecraft:block - quark:white_crystal_lamp
[02May2025 18:43:49.540] [main/DEBUG] [quark-zeta/]: Registering to minecraft:block - quark:black_crystal_lamp
[02May2025 18:43:49.540] [main/DEBUG] [quark-zeta/]: Registering to minecraft:block - quark:raw_iron_bricks
[02May2025 18:43:49.540] [main/DEBUG] [quark-zeta/]: Registering to minecraft:block - quark:raw_gold_bricks
[02May2025 18:43:49.540] [main/DEBUG] [quark-zeta/]: Registering to minecraft:block - quark:raw_copper_bricks
[02May2025 18:43:49.540] [main/DEBUG] [quark-zeta/]: Registering to minecraft:block - quark:raw_iron_bricks_wall
[02May2025 18:43:49.540] [main/DEBUG] [quark-zeta/]: Registering to minecraft:block - quark:raw_iron_bricks_slab
[02May2025 18:43:49.540] [main/DEBUG] [quark-zeta/]: Registering to minecraft:block - quark:raw_iron_bricks_stairs
[02May2025 18:43:49.540] [main/DEBUG] [quark-zeta/]: Registering to minecraft:block - quark:raw_gold_bricks_wall
[02May2025 18:43:49.542] [main/DEBUG] [quark-zeta/]: Registering to minecraft:block - quark:raw_gold_bricks_slab
[02May2025 18:43:49.542] [main/DEBUG] [quark-zeta/]: Registering to minecraft:block - quark:raw_gold_bricks_stairs
[02May2025 18:43:49.542] [main/DEBUG] [quark-zeta/]: Registering to minecraft:block - quark:raw_copper_bricks_wall
[02May2025 18:43:49.542] [main/DEBUG] [quark-zeta/]: Registering to minecraft:block - quark:raw_copper_bricks_slab
[02May2025 18:43:49.543] [main/DEBUG] [quark-zeta/]: Registering to minecraft:block - quark:raw_copper_bricks_stairs
[02May2025 18:43:49.543] [main/DEBUG] [quark-zeta/]: Registering to minecraft:block - quark:redstone_randomizer
[02May2025 18:43:49.543] [main/DEBUG] [quark-zeta/]: Registering to minecraft:block - quark:rope
[02May2025 18:43:49.543] [main/DEBUG] [quark-zeta/]: Registering to minecraft:block - quark:cut_vine
[02May2025 18:43:49.543] [main/DEBUG] [quark-zeta/]: Registering to minecraft:block - quark:shingles
[02May2025 18:43:49.543] [main/DEBUG] [quark-zeta/]: Registering to minecraft:block - quark:shingles_slab
[02May2025 18:43:49.543] [main/DEBUG] [quark-zeta/]: Registering to minecraft:block - quark:shingles_stairs
[02May2025 18:43:49.543] [main/DEBUG] [quark-zeta/]: Registering to minecraft:block - quark:white_shingles
[02May2025 18:43:49.543] [main/DEBUG] [quark-zeta/]: Registering to minecraft:block - quark:white_shingles_slab
[02May2025 18:43:49.543] [main/DEBUG] [quark-zeta/]: Registering to minecraft:block - quark:white_shingles_stairs
[02May2025 18:43:49.543] [main/DEBUG] [quark-zeta/]: Registering to minecraft:block - quark:orange_shingles
[02May2025 18:43:49.544] [main/DEBUG] [quark-zeta/]: Registering to minecraft:block - quark:orange_shingles_slab
[02May2025 18:43:49.544] [main/DEBUG] [quark-zeta/]: Registering to minecraft:block - quark:orange_shingles_stairs
[02May2025 18:43:49.544] [main/DEBUG] [quark-zeta/]: Registering to minecraft:block - quark:magenta_shingles
[02May2025 18:43:49.544] [main/DEBUG] [quark-zeta/]: Registering to minecraft:block - quark:magenta_shingles_slab
[02May2025 18:43:49.544] [main/DEBUG] [quark-zeta/]: Registering to minecraft:block - quark:magenta_shingles_stairs
[02May2025 18:43:49.544] [main/DEBUG] [quark-zeta/]: Registering to minecraft:block - quark:light_blue_shingles
[02May2025 18:43:49.544] [main/DEBUG] [quark-zeta/]: Registering to minecraft:block - quark:light_blue_shingles_slab
[02May2025 18:43:49.544] [main/DEBUG] [quark-zeta/]: Registering to minecraft:block - quark:light_blue_shingles_stairs
[02May2025 18:43:49.545] [main/DEBUG] [quark-zeta/]: Registering to minecraft:block - quark:yellow_shingles
[02May2025 18:43:49.545] [main/DEBUG] [quark-zeta/]: Registering to minecraft:block - quark:yellow_shingles_slab
[02May2025 18:43:49.545] [main/DEBUG] [quark-zeta/]: Registering to minecraft:block - quark:yellow_shingles_stairs
[02May2025 18:43:49.545] [main/DEBUG] [quark-zeta/]: Registering to minecraft:block - quark:lime_shingles
[02May2025 18:43:49.545] [main/DEBUG] [quark-zeta/]: Registering to minecraft:block - quark:lime_shingles_slab
[02May2025 18:43:49.545] [main/DEBUG] [quark-zeta/]: Registering to minecraft:block - quark:lime_shingles_stairs
[02May2025 18:43:49.545] [main/DEBUG] [quark-zeta/]: Registering to minecraft:block - quark:pink_shingles
[02May2025 18:43:49.545] [main/DEBUG] [quark-zeta/]: Registering to minecraft:block - quark:pink_shingles_slab
[02May2025 18:43:49.545] [main/DEBUG] [quark-zeta/]: Registering to minecraft:block - quark:pink_shingles_stairs
[02May2025 18:43:49.546] [main/DEBUG] [quark-zeta/]: Registering to minecraft:block - quark:gray_shingles
[02May2025 18:43:49.546] [main/DEBUG] [quark-zeta/]: Registering to minecraft:block - quark:gray_shingles_slab
[02May2025 18:43:49.546] [main/DEBUG] [quark-zeta/]: Registering to minecraft:block - quark:gray_shingles_stairs
[02May2025 18:43:49.546] [main/DEBUG] [quark-zeta/]: Registering to minecraft:block - quark:light_gray_shingles
[02May2025 18:43:49.546] [main/DEBUG] [quark-zeta/]: Registering to minecraft:block - quark:light_gray_shingles_slab
[02May2025 18:43:49.546] [main/DEBUG] [quark-zeta/]: Registering to minecraft:block - quark:light_gray_shingles_stairs
[02May2025 18:43:49.546] [main/DEBUG] [quark-zeta/]: Registering to minecraft:block - quark:cyan_shingles
[02May2025 18:43:49.546] [main/DEBUG] [quark-zeta/]: Registering to minecraft:block - quark:cyan_shingles_slab
[02May2025 18:43:49.547] [main/DEBUG] [quark-zeta/]: Registering to minecraft:block - quark:cyan_shingles_stairs
[02May2025 18:43:49.547] [main/DEBUG] [quark-zeta/]: Registering to minecraft:block - quark:purple_shingles
[02May2025 18:43:49.547] [main/DEBUG] [quark-zeta/]: Registering to minecraft:block - quark:purple_shingles_slab
[02May2025 18:43:49.547] [main/DEBUG] [quark-zeta/]: Registering to minecraft:block - quark:purple_shingles_stairs
[02May2025 18:43:49.547] [main/DEBUG] [quark-zeta/]: Registering to minecraft:block - quark:blue_shingles
[02May2025 18:43:49.547] [main/DEBUG] [quark-zeta/]: Registering to minecraft:block - quark:blue_shingles_slab
[02May2025 18:43:49.547] [main/DEBUG] [quark-zeta/]: Registering to minecraft:block - quark:blue_shingles_stairs
[02May2025 18:43:49.547] [main/DEBUG] [quark-zeta/]: Registering to minecraft:block - quark:brown_shingles
[02May2025 18:43:49.547] [main/DEBUG] [quark-zeta/]: Registering to minecraft:block - quark:brown_shingles_slab
[02May2025 18:43:49.547] [main/DEBUG] [quark-zeta/]: Registering to minecraft:block - quark:brown_shingles_stairs
[02May2025 18:43:49.547] [main/DEBUG] [quark-zeta/]: Registering to minecraft:block - quark:green_shingles
[02May2025 18:43:49.547] [main/DEBUG] [quark-zeta/]: Registering to minecraft:block - quark:green_shingles_slab
[02May2025 18:43:49.547] [main/DEBUG] [quark-zeta/]: Registering to minecraft:block - quark:green_shingles_stairs
[02May2025 18:43:49.547] [main/DEBUG] [quark-zeta/]: Registering to minecraft:block - quark:red_shingles
[02May2025 18:43:49.547] [main/DEBUG] [quark-zeta/]: Registering to minecraft:block - quark:red_shingles_slab
[02May2025 18:43:49.547] [main/DEBUG] [quark-zeta/]: Registering to minecraft:block - quark:red_shingles_stairs
[02May2025 18:43:49.547] [main/DEBUG] [quark-zeta/]: Registering to minecraft:block - quark:black_shingles
[02May2025 18:43:49.547] [main/DEBUG] [quark-zeta/]: Registering to minecraft:block - quark:black_shingles_slab
[02May2025 18:43:49.547] [main/DEBUG] [quark-zeta/]: Registering to minecraft:block - quark:black_shingles_stairs
[02May2025 18:43:49.547] [main/DEBUG] [quark-zeta/]: Registering to minecraft:block - quark:soul_sandstone
[02May2025 18:43:49.547] [main/DEBUG] [quark-zeta/]: Registering to minecraft:block - quark:soul_sandstone_wall
[02May2025 18:43:49.547] [main/DEBUG] [quark-zeta/]: Registering to minecraft:block - quark:soul_sandstone_slab
[02May2025 18:43:49.547] [main/DEBUG] [quark-zeta/]: Registering to minecraft:block - quark:soul_sandstone_stairs
[02May2025 18:43:49.547] [main/DEBUG] [quark-zeta/]: Registering to minecraft:block - quark:chiseled_soul_sandstone
[02May2025 18:43:49.547] [main/DEBUG] [quark-zeta/]: Registering to minecraft:block - quark:cut_soul_sandstone
[02May2025 18:43:49.547] [main/DEBUG] [quark-zeta/]: Registering to minecraft:block - quark:cut_soul_sandstone_slab
[02May2025 18:43:49.547] [main/DEBUG] [quark-zeta/]: Registering to minecraft:block - quark:smooth_soul_sandstone
[02May2025 18:43:49.548] [main/DEBUG] [quark-zeta/]: Registering to minecraft:block - quark:smooth_soul_sandstone_slab
[02May2025 18:43:49.548] [main/DEBUG] [quark-zeta/]: Registering to minecraft:block - quark:smooth_soul_sandstone_stairs
[02May2025 18:43:49.550] [main/DEBUG] [quark-zeta/]: Registering to minecraft:block - quark:dusky_myalite
[02May2025 18:43:49.550] [main/DEBUG] [quark-zeta/]: Registering to minecraft:block - quark:myalite_crystal
[02May2025 18:43:49.550] [main/DEBUG] [quark-zeta/]: Registering to minecraft:block - quark:white_stool
[02May2025 18:43:49.550] [main/DEBUG] [quark-zeta/]: Registering to minecraft:block - quark:light_gray_stool
[02May2025 18:43:49.550] [main/DEBUG] [quark-zeta/]: Registering to minecraft:block - quark:gray_stool
[02May2025 18:43:49.550] [main/DEBUG] [quark-zeta/]: Registering to minecraft:block - quark:black_stool
[02May2025 18:43:49.550] [main/DEBUG] [quark-zeta/]: Registering to minecraft:block - quark:brown_stool
[02May2025 18:43:49.550] [main/DEBUG] [quark-zeta/]: Registering to minecraft:block - quark:red_stool
[02May2025 18:43:49.550] [main/DEBUG] [quark-zeta/]: Registering to minecraft:block - quark:orange_stool
[02May2025 18:43:49.550] [main/DEBUG] [quark-zeta/]: Registering to minecraft:block - quark:yellow_stool
[02May2025 18:43:49.550] [main/DEBUG] [quark-zeta/]: Registering to minecraft:block - quark:lime_stool
[02May2025 18:43:49.551] [main/DEBUG] [quark-zeta/]: Registering to minecraft:block - quark:green_stool
[02May2025 18:43:49.551] [main/DEBUG] [quark-zeta/]: Registering to minecraft:block - quark:cyan_stool
[02May2025 18:43:49.551] [main/DEBUG] [quark-zeta/]: Registering to minecraft:block - quark:light_blue_stool
[02May2025 18:43:49.551] [main/DEBUG] [quark-zeta/]: Registering to minecraft:block - quark:blue_stool
[02May2025 18:43:49.551] [main/DEBUG] [quark-zeta/]: Registering to minecraft:block - quark:purple_stool
[02May2025 18:43:49.551] [main/DEBUG] [quark-zeta/]: Registering to minecraft:block - quark:magenta_stool
[02May2025 18:43:49.551] [main/DEBUG] [quark-zeta/]: Registering to minecraft:block - quark:pink_stool
[02May2025 18:43:49.551] [main/DEBUG] [quark-zeta/]: Registering to minecraft:block - quark:sturdy_stone
[02May2025 18:43:49.556] [main/DEBUG] [quark-zeta/]: Registering to minecraft:block - quark:thatch
[02May2025 18:43:49.556] [main/DEBUG] [quark-zeta/]: Registering to minecraft:block - quark:thatch_slab
[02May2025 18:43:49.556] [main/DEBUG] [quark-zeta/]: Registering to minecraft:block - quark:thatch_stairs
[02May2025 18:43:49.556] [main/DEBUG] [quark-zeta/]: Registering to minecraft:block - quark:tiny_potato
[02May2025 18:43:49.556] [main/DEBUG] [quark-zeta/]: Registering to minecraft:block - quark:spruce_bookshelf
[02May2025 18:43:49.556] [main/DEBUG] [quark-zeta/]: Registering to minecraft:block - quark:birch_bookshelf
[02May2025 18:43:49.556] [main/DEBUG] [quark-zeta/]: Registering to minecraft:block - quark:jungle_bookshelf
[02May2025 18:43:49.556] [main/DEBUG] [quark-zeta/]: Registering to minecraft:block - quark:acacia_bookshelf
[02May2025 18:43:49.556] [main/DEBUG] [quark-zeta/]: Registering to minecraft:block - quark:dark_oak_bookshelf
[02May2025 18:43:49.556] [main/DEBUG] [quark-zeta/]: Registering to minecraft:block - quark:crimson_bookshelf
[02May2025 18:43:49.556] [main/DEBUG] [quark-zeta/]: Registering to minecraft:block - quark:warped_bookshelf
[02May2025 18:43:49.556] [main/DEBUG] [quark-zeta/]: Registering to minecraft:block - quark:mangrove_bookshelf
[02May2025 18:43:49.556] [main/DEBUG] [quark-zeta/]: Registering to minecraft:block - quark:bamboo_bookshelf
[02May2025 18:43:49.556] [main/DEBUG] [quark-zeta/]: Registering to minecraft:block - quark:cherry_bookshelf
[02May2025 18:43:49.556] [main/DEBUG] [quark-zeta/]: Registering to minecraft:block - quark:oak_chest
[02May2025 18:43:49.556] [main/DEBUG] [quark-zeta/]: Registering to minecraft:block - quark:oak_trapped_chest
[02May2025 18:43:49.556] [main/DEBUG] [quark-zeta/]: Registering to minecraft:block - quark:spruce_chest
[02May2025 18:43:49.557] [main/DEBUG] [quark-zeta/]: Registering to minecraft:block - quark:spruce_trapped_chest
[02May2025 18:43:49.557] [main/DEBUG] [quark-zeta/]: Registering to minecraft:block - quark:birch_chest
[02May2025 18:43:49.557] [main/DEBUG] [quark-zeta/]: Registering to minecraft:block - quark:birch_trapped_chest
[02May2025 18:43:49.557] [main/DEBUG] [quark-zeta/]: Registering to minecraft:block - quark:jungle_chest
[02May2025 18:43:49.557] [main/DEBUG] [quark-zeta/]: Registering to minecraft:block - quark:jungle_trapped_chest
[02May2025 18:43:49.557] [main/DEBUG] [quark-zeta/]: Registering to minecraft:block - quark:acacia_chest
[02May2025 18:43:49.557] [main/DEBUG] [quark-zeta/]: Registering to minecraft:block - quark:acacia_trapped_chest
[02May2025 18:43:49.557] [main/DEBUG] [quark-zeta/]: Registering to minecraft:block - quark:dark_oak_chest
[02May2025 18:43:49.557] [main/DEBUG] [quark-zeta/]: Registering to minecraft:block - quark:dark_oak_trapped_chest
[02May2025 18:43:49.557] [main/DEBUG] [quark-zeta/]: Registering to minecraft:block - quark:crimson_chest
[02May2025 18:43:49.557] [main/DEBUG] [quark-zeta/]: Registering to minecraft:block - quark:crimson_trapped_chest
[02May2025 18:43:49.557] [main/DEBUG] [quark-zeta/]: Registering to minecraft:block - quark:warped_chest
[02May2025 18:43:49.557] [main/DEBUG] [quark-zeta/]: Registering to minecraft:block - quark:warped_trapped_chest
[02May2025 18:43:49.558] [main/DEBUG] [quark-zeta/]: Registering to minecraft:block - quark:mangrove_chest
[02May2025 18:43:49.558] [main/DEBUG] [quark-zeta/]: Registering to minecraft:block - quark:mangrove_trapped_chest
[02May2025 18:43:49.558] [main/DEBUG] [quark-zeta/]: Registering to minecraft:block - quark:bamboo_chest
[02May2025 18:43:49.558] [main/DEBUG] [quark-zeta/]: Registering to minecraft:block - quark:bamboo_trapped_chest
[02May2025 18:43:49.558] [main/DEBUG] [quark-zeta/]: Registering to minecraft:block - quark:cherry_chest
[02May2025 18:43:49.558] [main/DEBUG] [quark-zeta/]: Registering to minecraft:block - quark:cherry_trapped_chest
[02May2025 18:43:49.558] [main/DEBUG] [quark-zeta/]: Registering to minecraft:block - quark:nether_brick_chest
[02May2025 18:43:49.558] [main/DEBUG] [quark-zeta/]: Registering to minecraft:block - quark:nether_brick_trapped_chest
[02May2025 18:43:49.558] [main/DEBUG] [quark-zeta/]: Registering to minecraft:block - quark:purpur_chest
[02May2025 18:43:49.558] [main/DEBUG] [quark-zeta/]: Registering to minecraft:block - quark:purpur_trapped_chest
[02May2025 18:43:49.558] [main/DEBUG] [quark-zeta/]: Registering to minecraft:block - quark:prismarine_chest
[02May2025 18:43:49.558] [main/DEBUG] [quark-zeta/]: Registering to minecraft:block - quark:prismarine_trapped_chest
[02May2025 18:43:49.558] [main/DEBUG] [quark-zeta/]: Registering to minecraft:block - quark:deepslate_furnace
[02May2025 18:43:49.558] [main/DEBUG] [quark-zeta/]: Registering to minecraft:block - quark:blackstone_furnace
[02May2025 18:43:49.558] [main/DEBUG] [quark-zeta/]: Registering to minecraft:block - quark:spruce_ladder
[02May2025 18:43:49.558] [main/DEBUG] [quark-zeta/]: Registering to minecraft:block - quark:birch_ladder
[02May2025 18:43:49.558] [main/DEBUG] [quark-zeta/]: Registering to minecraft:block - quark:jungle_ladder
[02May2025 18:43:49.558] [main/DEBUG] [quark-zeta/]: Registering to minecraft:block - quark:acacia_ladder
[02May2025 18:43:49.558] [main/DEBUG] [quark-zeta/]: Registering to minecraft:block - quark:dark_oak_ladder
[02May2025 18:43:49.558] [main/DEBUG] [quark-zeta/]: Registering to minecraft:block - quark:crimson_ladder
[02May2025 18:43:49.558] [main/DEBUG] [quark-zeta/]: Registering to minecraft:block - quark:warped_ladder
[02May2025 18:43:49.558] [main/DEBUG] [quark-zeta/]: Registering to minecraft:block - quark:mangrove_ladder
[02May2025 18:43:49.559] [main/DEBUG] [quark-zeta/]: Registering to minecraft:block - quark:bamboo_ladder
[02May2025 18:43:49.559] [main/DEBUG] [quark-zeta/]: Registering to minecraft:block - quark:cherry_ladder
[02May2025 18:43:49.559] [main/DEBUG] [quark-zeta/]: Registering to minecraft:block - quark:vertical_oak_planks
[02May2025 18:43:49.559] [main/DEBUG] [quark-zeta/]: Registering to minecraft:block - quark:vertical_spruce_planks
[02May2025 18:43:49.559] [main/DEBUG] [quark-zeta/]: Registering to minecraft:block - quark:vertical_birch_planks
[02May2025 18:43:49.559] [main/DEBUG] [quark-zeta/]: Registering to minecraft:block - quark:vertical_jungle_planks
[02May2025 18:43:49.559] [main/DEBUG] [quark-zeta/]: Registering to minecraft:block - quark:vertical_acacia_planks
[02May2025 18:43:49.559] [main/DEBUG] [quark-zeta/]: Registering to minecraft:block - quark:vertical_dark_oak_planks
[02May2025 18:43:49.559] [main/DEBUG] [quark-zeta/]: Registering to minecraft:block - quark:vertical_crimson_planks
[02May2025 18:43:49.559] [main/DEBUG] [quark-zeta/]: Registering to minecraft:block - quark:vertical_warped_planks
[02May2025 18:43:49.559] [main/DEBUG] [quark-zeta/]: Registering to minecraft:block - quark:vertical_mangrove_planks
[02May2025 18:43:49.559] [main/DEBUG] [quark-zeta/]: Registering to minecraft:block - quark:vertical_bamboo_planks
[02May2025 18:43:49.559] [main/DEBUG] [quark-zeta/]: Registering to minecraft:block - quark:vertical_cherry_planks
[02May2025 18:43:49.560] [main/DEBUG] [quark-zeta/]: Registering to minecraft:block - quark:oak_post
[02May2025 18:43:49.560] [main/DEBUG] [quark-zeta/]: Registering to minecraft:block - quark:stripped_oak_post
[02May2025 18:43:49.560] [main/DEBUG] [quark-zeta/]: Registering to minecraft:block - quark:spruce_post
[02May2025 18:43:49.560] [main/DEBUG] [quark-zeta/]: Registering to minecraft:block - quark:stripped_spruce_post
[02May2025 18:43:49.560] [main/DEBUG] [quark-zeta/]: Registering to minecraft:block - quark:birch_post
[02May2025 18:43:49.560] [main/DEBUG] [quark-zeta/]: Registering to minecraft:block - quark:stripped_birch_post
[02May2025 18:43:49.560] [main/DEBUG] [quark-zeta/]: Registering to minecraft:block - quark:jungle_post
[02May2025 18:43:49.560] [main/DEBUG] [quark-zeta/]: Registering to minecraft:block - quark:stripped_jungle_post
[02May2025 18:43:49.562] [main/DEBUG] [quark-zeta/]: Registering to minecraft:block - quark:acacia_post
[02May2025 18:43:49.562] [main/DEBUG] [quark-zeta/]: Registering to minecraft:block - quark:stripped_acacia_post
[02May2025 18:43:49.562] [main/DEBUG] [quark-zeta/]: Registering to minecraft:block - quark:dark_oak_post
[02May2025 18:43:49.562] [main/DEBUG] [quark-zeta/]: Registering to minecraft:block - quark:stripped_dark_oak_post
[02May2025 18:43:49.562] [main/DEBUG] [quark-zeta/]: Registering to minecraft:block - quark:crimson_post
[02May2025 18:43:49.562] [main/DEBUG] [quark-zeta/]: Registering to minecraft:block - quark:stripped_crimson_post
[02May2025 18:43:49.562] [main/DEBUG] [quark-zeta/]: Registering to minecraft:block - quark:warped_post
[02May2025 18:43:49.563] [main/DEBUG] [quark-zeta/]: Registering to minecraft:block - quark:stripped_warped_post
[02May2025 18:43:49.563] [main/DEBUG] [quark-zeta/]: Registering to minecraft:block - quark:mangrove_post
[02May2025 18:43:49.563] [main/DEBUG] [quark-zeta/]: Registering to minecraft:block - quark:stripped_mangrove_post
[02May2025 18:43:49.563] [main/DEBUG] [quark-zeta/]: Registering to minecraft:block - quark:bamboo_post
[02May2025 18:43:49.563] [main/DEBUG] [quark-zeta/]: Registering to minecraft:block - quark:stripped_bamboo_post
[02May2025 18:43:49.563] [main/DEBUG] [quark-zeta/]: Registering to minecraft:block - quark:cherry_post
[02May2025 18:43:49.563] [main/DEBUG] [quark-zeta/]: Registering to minecraft:block - quark:stripped_cherry_post
[02May2025 18:43:49.565] [main/DEBUG] [quark-zeta/]: Registering to minecraft:block - quark:polished_calcite
[02May2025 18:43:49.565] [main/DEBUG] [quark-zeta/]: Registering to minecraft:block - quark:calcite_wall
[02May2025 18:43:49.565] [main/DEBUG] [quark-zeta/]: Registering to minecraft:block - quark:calcite_slab
[02May2025 18:43:49.565] [main/DEBUG] [quark-zeta/]: Registering to minecraft:block - quark:calcite_stairs
[02May2025 18:43:49.565] [main/DEBUG] [quark-zeta/]: Registering to minecraft:block - quark:polished_calcite_slab
[02May2025 18:43:49.565] [main/DEBUG] [quark-zeta/]: Registering to minecraft:block - quark:polished_calcite_stairs
[02May2025 18:43:49.565] [main/DEBUG] [quark-zeta/]: Registering to minecraft:block - quark:polished_dripstone
[02May2025 18:43:49.565] [main/DEBUG] [quark-zeta/]: Registering to minecraft:block - quark:dripstone_block_wall
[02May2025 18:43:49.565] [main/DEBUG] [quark-zeta/]: Registering to minecraft:block - quark:dripstone_block_slab
[02May2025 18:43:49.565] [main/DEBUG] [quark-zeta/]: Registering to minecraft:block - quark:dripstone_block_stairs
[02May2025 18:43:49.565] [main/DEBUG] [quark-zeta/]: Registering to minecraft:block - quark:polished_dripstone_slab
[02May2025 18:43:49.566] [main/DEBUG] [quark-zeta/]: Registering to minecraft:block - quark:polished_dripstone_stairs
[02May2025 18:43:49.566] [main/DEBUG] [quark-zeta/]: Registering to minecraft:block - quark:polished_tuff
[02May2025 18:43:49.566] [main/DEBUG] [quark-zeta/]: Registering to minecraft:block - quark:tuff_wall
[02May2025 18:43:49.566] [main/DEBUG] [quark-zeta/]: Registering to minecraft:block - quark:tuff_slab
[02May2025 18:43:49.566] [main/DEBUG] [quark-zeta/]: Registering to minecraft:block - quark:tuff_stairs
[02May2025 18:43:49.566] [main/DEBUG] [quark-zeta/]: Registering to minecraft:block - quark:polished_tuff_slab
[02May2025 18:43:49.566] [main/DEBUG] [quark-zeta/]: Registering to minecraft:block - quark:polished_tuff_stairs
[02May2025 18:43:49.566] [main/DEBUG] [quark-zeta/]: Registering to minecraft:block - quark:granite_bricks
[02May2025 18:43:49.566] [main/DEBUG] [quark-zeta/]: Registering to minecraft:block - quark:chiseled_granite_bricks
[02May2025 18:43:49.566] [main/DEBUG] [quark-zeta/]: Registering to minecraft:block - quark:granite_pillar
[02May2025 18:43:49.566] [main/DEBUG] [quark-zeta/]: Registering to minecraft:block - quark:granite_bricks_wall
[02May2025 18:43:49.566] [main/DEBUG] [quark-zeta/]: Registering to minecraft:block - quark:granite_bricks_slab
[02May2025 18:43:49.566] [main/DEBUG] [quark-zeta/]: Registering to minecraft:block - quark:granite_bricks_stairs
[02May2025 18:43:49.566] [main/DEBUG] [quark-zeta/]: Registering to minecraft:block - quark:diorite_bricks
[02May2025 18:43:49.566] [main/DEBUG] [quark-zeta/]: Registering to minecraft:block - quark:chiseled_diorite_bricks
[02May2025 18:43:49.566] [main/DEBUG] [quark-zeta/]: Registering to minecraft:block - quark:diorite_pillar
[02May2025 18:43:49.566] [main/DEBUG] [quark-zeta/]: Registering to minecraft:block - quark:diorite_bricks_wall
[02May2025 18:43:49.566] [main/DEBUG] [quark-zeta/]: Registering to minecraft:block - quark:diorite_bricks_slab
[02May2025 18:43:49.566] [main/DEBUG] [quark-zeta/]: Registering to minecraft:block - quark:diorite_bricks_stairs
[02May2025 18:43:49.566] [main/DEBUG] [quark-zeta/]: Registering to minecraft:block - quark:andesite_bricks
[02May2025 18:43:49.566] [main/DEBUG] [quark-zeta/]: Registering to minecraft:block - quark:chiseled_andesite_bricks
[02May2025 18:43:49.566] [main/DEBUG] [quark-zeta/]: Registering to minecraft:block - quark:andesite_pillar
[02May2025 18:43:49.566] [main/DEBUG] [quark-zeta/]: Registering to minecraft:block - quark:andesite_bricks_wall
[02May2025 18:43:49.566] [main/DEBUG] [quark-zeta/]: Registering to minecraft:block - quark:andesite_bricks_slab
[02May2025 18:43:49.567] [main/DEBUG] [quark-zeta/]: Registering to minecraft:block - quark:andesite_bricks_stairs
[02May2025 18:43:49.567] [main/DEBUG] [quark-zeta/]: Registering to minecraft:block - quark:calcite_bricks
[02May2025 18:43:49.567] [main/DEBUG] [quark-zeta/]: Registering to minecraft:block - quark:chiseled_calcite_bricks
[02May2025 18:43:49.567] [main/DEBUG] [quark-zeta/]: Registering to minecraft:block - quark:calcite_pillar
[02May2025 18:43:49.567] [main/DEBUG] [quark-zeta/]: Registering to minecraft:block - quark:calcite_bricks_wall
[02May2025 18:43:49.567] [main/DEBUG] [quark-zeta/]: Registering to minecraft:block - quark:calcite_bricks_slab
[02May2025 18:43:49.567] [main/DEBUG] [quark-zeta/]: Registering to minecraft:block - quark:calcite_bricks_stairs
[02May2025 18:43:49.567] [main/DEBUG] [quark-zeta/]: Registering to minecraft:block - quark:dripstone_bricks
[02May2025 18:43:49.567] [main/DEBUG] [quark-zeta/]: Registering to minecraft:block - quark:chiseled_dripstone_bricks
[02May2025 18:43:49.572] [main/DEBUG] [quark-zeta/]: Registering to minecraft:block - quark:dripstone_pillar
[02May2025 18:43:49.572] [main/DEBUG] [quark-zeta/]: Registering to minecraft:block - quark:dripstone_bricks_wall
[02May2025 18:43:49.572] [main/DEBUG] [quark-zeta/]: Registering to minecraft:block - quark:dripstone_bricks_slab
[02May2025 18:43:49.572] [main/DEBUG] [quark-zeta/]: Registering to minecraft:block - quark:dripstone_bricks_stairs
[02May2025 18:43:49.572] [main/DEBUG] [quark-zeta/]: Registering to minecraft:block - quark:tuff_bricks
[02May2025 18:43:49.572] [main/DEBUG] [quark-zeta/]: Registering to minecraft:block - quark:chiseled_tuff_bricks
[02May2025 18:43:49.572] [main/DEBUG] [quark-zeta/]: Registering to minecraft:block - quark:tuff_pillar
[02May2025 18:43:49.572] [main/DEBUG] [quark-zeta/]: Registering to minecraft:block - quark:tuff_bricks_wall
[02May2025 18:43:49.572] [main/DEBUG] [quark-zeta/]: Registering to minecraft:block - quark:tuff_bricks_slab
[02May2025 18:43:49.572] [main/DEBUG] [quark-zeta/]: Registering to minecraft:block - quark:tuff_bricks_stairs
[02May2025 18:43:49.572] [main/DEBUG] [quark-zeta/]: Registering to minecraft:block - quark:limestone_bricks
[02May2025 18:43:49.572] [main/DEBUG] [quark-zeta/]: Registering to minecraft:block - quark:chiseled_limestone_bricks
[02May2025 18:43:49.572] [main/DEBUG] [quark-zeta/]: Registering to minecraft:block - quark:limestone_pillar
[02May2025 18:43:49.572] [main/DEBUG] [quark-zeta/]: Registering to minecraft:block - quark:limestone_bricks_wall
[02May2025 18:43:49.572] [main/DEBUG] [quark-zeta/]: Registering to minecraft:block - quark:limestone_bricks_slab
[02May2025 18:43:49.572] [main/DEBUG] [quark-zeta/]: Registering to minecraft:block - quark:limestone_bricks_stairs
[02May2025 18:43:49.573] [main/DEBUG] [quark-zeta/]: Registering to minecraft:block - quark:jasper_bricks
[02May2025 18:43:49.573] [main/DEBUG] [quark-zeta/]: Registering to minecraft:block - quark:chiseled_jasper_bricks
[02May2025 18:43:49.573] [main/DEBUG] [quark-zeta/]: Registering to minecraft:block - quark:jasper_pillar
[02May2025 18:43:49.573] [main/DEBUG] [quark-zeta/]: Registering to minecraft:block - quark:jasper_bricks_wall
[02May2025 18:43:49.573] [main/DEBUG] [quark-zeta/]: Registering to minecraft:block - quark:jasper_bricks_slab
[02May2025 18:43:49.573] [main/DEBUG] [quark-zeta/]: Registering to minecraft:block - quark:jasper_bricks_stairs
[02May2025 18:43:49.573] [main/DEBUG] [quark-zeta/]: Registering to minecraft:block - quark:shale_bricks
[02May2025 18:43:49.573] [main/DEBUG] [quark-zeta/]: Registering to minecraft:block - quark:chiseled_shale_bricks
[02May2025 18:43:49.573] [main/DEBUG] [quark-zeta/]: Registering to minecraft:block - quark:shale_pillar
[02May2025 18:43:49.573] [main/DEBUG] [quark-zeta/]: Registering to minecraft:block - quark:shale_bricks_wall
[02May2025 18:43:49.573] [main/DEBUG] [quark-zeta/]: Registering to minecraft:block - quark:shale_bricks_slab
[02May2025 18:43:49.573] [main/DEBUG] [quark-zeta/]: Registering to minecraft:block - quark:shale_bricks_stairs
[02May2025 18:43:49.574] [main/DEBUG] [quark-zeta/]: Registering to minecraft:block - quark:myalite_bricks
[02May2025 18:43:49.574] [main/DEBUG] [quark-zeta/]: Registering to minecraft:block - quark:chiseled_myalite_bricks
[02May2025 18:43:49.574] [main/DEBUG] [quark-zeta/]: Registering to minecraft:block - quark:myalite_pillar
[02May2025 18:43:49.574] [main/DEBUG] [quark-zeta/]: Registering to minecraft:block - quark:myalite_bricks_wall
[02May2025 18:43:49.574] [main/DEBUG] [quark-zeta/]: Registering to minecraft:block - quark:myalite_bricks_slab
[02May2025 18:43:49.574] [main/DEBUG] [quark-zeta/]: Registering to minecraft:block - quark:myalite_bricks_stairs
[02May2025 18:43:49.574] [main/DEBUG] [quark-zeta/]: Registering to minecraft:block - quark:blue_blossom_hedge
[02May2025 18:43:49.575] [main/DEBUG] [quark-zeta/]: Registering to minecraft:block - quark:lavender_blossom_hedge
[02May2025 18:43:49.575] [main/DEBUG] [quark-zeta/]: Registering to minecraft:block - quark:orange_blossom_hedge
[02May2025 18:43:49.575] [main/DEBUG] [quark-zeta/]: Registering to minecraft:block - quark:yellow_blossom_hedge
[02May2025 18:43:49.575] [main/DEBUG] [quark-zeta/]: Registering to minecraft:block - quark:red_blossom_hedge
[02May2025 18:43:49.575] [main/DEBUG] [quark-zeta/]: Registering to minecraft:block - quark:ancient_hedge
[02May2025 18:43:49.575] [main/DEBUG] [quark-zeta/]: Registering to minecraft:block - quark:blue_blossom_leaf_carpet
[02May2025 18:43:49.575] [main/DEBUG] [quark-zeta/]: Registering to minecraft:block - quark:lavender_blossom_leaf_carpet
[02May2025 18:43:49.575] [main/DEBUG] [quark-zeta/]: Registering to minecraft:block - quark:orange_blossom_leaf_carpet
[02May2025 18:43:49.575] [main/DEBUG] [quark-zeta/]: Registering to minecraft:block - quark:yellow_blossom_leaf_carpet
[02May2025 18:43:49.575] [main/DEBUG] [quark-zeta/]: Registering to minecraft:block - quark:red_blossom_leaf_carpet
[02May2025 18:43:49.575] [main/DEBUG] [quark-zeta/]: Registering to minecraft:block - quark:ancient_leaf_carpet
[02May2025 18:43:49.575] [main/DEBUG] [quark-zeta/]: Registering to minecraft:block - quark:acacia_vertical_slab
[02May2025 18:43:49.575] [main/DEBUG] [quark-zeta/]: Registering to minecraft:block - quark:andesite_vertical_slab
[02May2025 18:43:49.575] [main/DEBUG] [quark-zeta/]: Registering to minecraft:block - quark:birch_vertical_slab
[02May2025 18:43:49.575] [main/DEBUG] [quark-zeta/]: Registering to minecraft:block - quark:brick_vertical_slab
[02May2025 18:43:49.575] [main/DEBUG] [quark-zeta/]: Registering to minecraft:block - quark:cobblestone_vertical_slab
[02May2025 18:43:49.575] [main/DEBUG] [quark-zeta/]: Registering to minecraft:block - quark:cut_red_sandstone_vertical_slab
[02May2025 18:43:49.575] [main/DEBUG] [quark-zeta/]: Registering to minecraft:block - quark:cut_sandstone_vertical_slab
[02May2025 18:43:49.575] [main/DEBUG] [quark-zeta/]: Registering to minecraft:block - quark:dark_oak_vertical_slab
[02May2025 18:43:49.575] [main/DEBUG] [quark-zeta/]: Registering to minecraft:block - quark:dark_prismarine_vertical_slab
[02May2025 18:43:49.576] [main/DEBUG] [quark-zeta/]: Registering to minecraft:block - quark:diorite_vertical_slab
[02May2025 18:43:49.576] [main/DEBUG] [quark-zeta/]: Registering to minecraft:block - quark:end_stone_brick_vertical_slab
[02May2025 18:43:49.576] [main/DEBUG] [quark-zeta/]: Registering to minecraft:block - quark:granite_vertical_slab
[02May2025 18:43:49.576] [main/DEBUG] [quark-zeta/]: Registering to minecraft:block - quark:jungle_vertical_slab
[02May2025 18:43:49.576] [main/DEBUG] [quark-zeta/]: Registering to minecraft:block - quark:mossy_cobblestone_vertical_slab
[02May2025 18:43:49.576] [main/DEBUG] [quark-zeta/]: Registering to minecraft:block - quark:mossy_stone_brick_vertical_slab
[02May2025 18:43:49.576] [main/DEBUG] [quark-zeta/]: Registering to minecraft:block - quark:nether_brick_vertical_slab
[02May2025 18:43:49.576] [main/DEBUG] [quark-zeta/]: Registering to minecraft:block - quark:oak_vertical_slab
[02May2025 18:43:49.576] [main/DEBUG] [quark-zeta/]: Registering to minecraft:block - quark:polished_andesite_vertical_slab
[02May2025 18:43:49.576] [main/DEBUG] [quark-zeta/]: Registering to minecraft:block - quark:polished_diorite_vertical_slab
[02May2025 18:43:49.576] [main/DEBUG] [quark-zeta/]: Registering to minecraft:block - quark:polished_granite_vertical_slab
[02May2025 18:43:49.576] [main/DEBUG] [quark-zeta/]: Registering to minecraft:block - quark:prismarine_vertical_slab
[02May2025 18:43:49.576] [main/DEBUG] [quark-zeta/]: Registering to minecraft:block - quark:prismarine_brick_vertical_slab
[02May2025 18:43:49.576] [main/DEBUG] [quark-zeta/]: Registering to minecraft:block - quark:purpur_vertical_slab
[02May2025 18:43:49.576] [main/DEBUG] [quark-zeta/]: Registering to minecraft:block - quark:quartz_vertical_slab
[02May2025 18:43:49.576] [main/DEBUG] [quark-zeta/]: Registering to minecraft:block - quark:red_nether_brick_vertical_slab
[02May2025 18:43:49.576] [main/DEBUG] [quark-zeta/]: Registering to minecraft:block - quark:red_sandstone_vertical_slab
[02May2025 18:43:49.576] [main/DEBUG] [quark-zeta/]: Registering to minecraft:block - quark:sandstone_vertical_slab
[02May2025 18:43:49.576] [main/DEBUG] [quark-zeta/]: Registering to minecraft:block - quark:smooth_quartz_vertical_slab
[02May2025 18:43:49.576] [main/DEBUG] [quark-zeta/]: Registering to minecraft:block - quark:smooth_red_sandstone_vertical_slab
[02May2025 18:43:49.576] [main/DEBUG] [quark-zeta/]: Registering to minecraft:block - quark:smooth_sandstone_vertical_slab
[02May2025 18:43:49.576] [main/DEBUG] [quark-zeta/]: Registering to minecraft:block - quark:smooth_stone_vertical_slab
[02May2025 18:43:49.576] [main/DEBUG] [quark-zeta/]: Registering to minecraft:block - quark:spruce_vertical_slab
[02May2025 18:43:49.576] [main/DEBUG] [quark-zeta/]: Registering to minecraft:block - quark:stone_vertical_slab
[02May2025 18:43:49.577] [main/DEBUG] [quark-zeta/]: Registering to minecraft:block - quark:stone_brick_vertical_slab
[02May2025 18:43:49.577] [main/DEBUG] [quark-zeta/]: Registering to minecraft:block - quark:blackstone_vertical_slab
[02May2025 18:43:49.577] [main/DEBUG] [quark-zeta/]: Registering to minecraft:block - quark:polished_blackstone_vertical_slab
[02May2025 18:43:49.577] [main/DEBUG] [quark-zeta/]: Registering to minecraft:block - quark:polished_blackstone_brick_vertical_slab
[02May2025 18:43:49.577] [main/DEBUG] [quark-zeta/]: Registering to minecraft:block - quark:crimson_vertical_slab
[02May2025 18:43:49.577] [main/DEBUG] [quark-zeta/]: Registering to minecraft:block - quark:warped_vertical_slab
[02May2025 18:43:49.577] [main/DEBUG] [quark-zeta/]: Registering to minecraft:block - quark:cobbled_deepslate_vertical_slab
[02May2025 18:43:49.577] [main/DEBUG] [quark-zeta/]: Registering to minecraft:block - quark:polished_deepslate_vertical_slab
[02May2025 18:43:49.577] [main/DEBUG] [quark-zeta/]: Registering to minecraft:block - quark:deepslate_brick_vertical_slab
[02May2025 18:43:49.577] [main/DEBUG] [quark-zeta/]: Registering to minecraft:block - quark:deepslate_tile_vertical_slab
[02May2025 18:43:49.577] [main/DEBUG] [quark-zeta/]: Registering to minecraft:block - quark:mangrove_vertical_slab
[02May2025 18:43:49.577] [main/DEBUG] [quark-zeta/]: Registering to minecraft:block - quark:mud_brick_vertical_slab
[02May2025 18:43:49.577] [main/DEBUG] [quark-zeta/]: Registering to minecraft:block - quark:cherry_vertical_slab
[02May2025 18:43:49.577] [main/DEBUG] [quark-zeta/]: Registering to minecraft:block - quark:bamboo_vertical_slab
[02May2025 18:43:49.577] [main/DEBUG] [quark-zeta/]: Registering to minecraft:block - quark:bamboo_mosaic_vertical_slab
[02May2025 18:43:49.577] [main/DEBUG] [quark-zeta/]: Registering to minecraft:block - quark:cut_copper_vertical_slab
[02May2025 18:43:49.577] [main/DEBUG] [quark-zeta/]: Registering to minecraft:block - quark:waxed_cut_copper_vertical_slab
[02May2025 18:43:49.577] [main/DEBUG] [quark-zeta/]: Registering to minecraft:block - quark:exposed_cut_copper_vertical_slab
[02May2025 18:43:49.577] [main/DEBUG] [quark-zeta/]: Registering to minecraft:block - quark:waxed_exposed_cut_copper_vertical_slab
[02May2025 18:43:49.577] [main/DEBUG] [quark-zeta/]: Registering to minecraft:block - quark:weathered_cut_copper_vertical_slab
[02May2025 18:43:49.577] [main/DEBUG] [quark-zeta/]: Registering to minecraft:block - quark:waxed_weathered_cut_copper_vertical_slab
[02May2025 18:43:49.577] [main/DEBUG] [quark-zeta/]: Registering to minecraft:block - quark:oxidized_cut_copper_vertical_slab
[02May2025 18:43:49.578] [main/DEBUG] [quark-zeta/]: Registering to minecraft:block - quark:waxed_oxidized_cut_copper_vertical_slab
[02May2025 18:43:49.578] [main/DEBUG] [quark-zeta/]: Registering to minecraft:block - quark:ancient_planks_vertical_slab
[02May2025 18:43:49.578] [main/DEBUG] [quark-zeta/]: Registering to minecraft:block - quark:azalea_planks_vertical_slab
[02May2025 18:43:49.578] [main/DEBUG] [quark-zeta/]: Registering to minecraft:block - quark:blossom_planks_vertical_slab
[02May2025 18:43:49.579] [main/DEBUG] [quark-zeta/]: Registering to minecraft:block - quark:duskbound_block_vertical_slab
[02May2025 18:43:49.579] [main/DEBUG] [quark-zeta/]: Registering to minecraft:block - quark:iron_plate_vertical_slab
[02May2025 18:43:49.579] [main/DEBUG] [quark-zeta/]: Registering to minecraft:block - quark:rusty_iron_plate_vertical_slab
[02May2025 18:43:49.579] [main/DEBUG] [quark-zeta/]: Registering to minecraft:block - quark:midori_block_vertical_slab
[02May2025 18:43:49.579] [main/DEBUG] [quark-zeta/]: Registering to minecraft:block - quark:blue_nether_bricks_vertical_slab
[02May2025 18:43:49.579] [main/DEBUG] [quark-zeta/]: Registering to minecraft:block - quark:sandstone_bricks_vertical_slab
[02May2025 18:43:49.579] [main/DEBUG] [quark-zeta/]: Registering to minecraft:block - quark:red_sandstone_bricks_vertical_slab
[02May2025 18:43:49.580] [main/DEBUG] [quark-zeta/]: Registering to minecraft:block - quark:soul_sandstone_bricks_vertical_slab
[02May2025 18:43:49.580] [main/DEBUG] [quark-zeta/]: Registering to minecraft:block - quark:cobblestone_bricks_vertical_slab
[02May2025 18:43:49.580] [main/DEBUG] [quark-zeta/]: Registering to minecraft:block - quark:mossy_cobblestone_bricks_vertical_slab
[02May2025 18:43:49.580] [main/DEBUG] [quark-zeta/]: Registering to minecraft:block - quark:blackstone_bricks_vertical_slab
[02May2025 18:43:49.580] [main/DEBUG] [quark-zeta/]: Registering to minecraft:block - quark:dirt_bricks_vertical_slab
[02May2025 18:43:49.580] [main/DEBUG] [quark-zeta/]: Registering to minecraft:block - quark:netherrack_bricks_vertical_slab
[02May2025 18:43:49.580] [main/DEBUG] [quark-zeta/]: Registering to minecraft:block - quark:limestone_vertical_slab
[02May2025 18:43:49.580] [main/DEBUG] [quark-zeta/]: Registering to minecraft:block - quark:polished_limestone_vertical_slab
[02May2025 18:43:49.580] [main/DEBUG] [quark-zeta/]: Registering to minecraft:block - quark:jasper_vertical_slab
[02May2025 18:43:49.580] [main/DEBUG] [quark-zeta/]: Registering to minecraft:block - quark:polished_jasper_vertical_slab
[02May2025 18:43:49.580] [main/DEBUG] [quark-zeta/]: Registering to minecraft:block - quark:shale_vertical_slab
[02May2025 18:43:49.580] [main/DEBUG] [quark-zeta/]: Registering to minecraft:block - quark:polished_shale_vertical_slab
[02May2025 18:43:49.580] [main/DEBUG] [quark-zeta/]: Registering to minecraft:block - quark:myalite_vertical_slab
[02May2025 18:43:49.580] [main/DEBUG] [quark-zeta/]: Registering to minecraft:block - quark:polished_myalite_vertical_slab
[02May2025 18:43:49.580] [main/DEBUG] [quark-zeta/]: Registering to minecraft:block - quark:permafrost_vertical_slab
[02May2025 18:43:49.580] [main/DEBUG] [quark-zeta/]: Registering to minecraft:block - quark:permafrost_bricks_vertical_slab
[02May2025 18:43:49.580] [main/DEBUG] [quark-zeta/]: Registering to minecraft:block - quark:raw_iron_bricks_vertical_slab
[02May2025 18:43:49.580] [main/DEBUG] [quark-zeta/]: Registering to minecraft:block - quark:raw_gold_bricks_vertical_slab
[02May2025 18:43:49.580] [main/DEBUG] [quark-zeta/]: Registering to minecraft:block - quark:raw_copper_bricks_vertical_slab
[02May2025 18:43:49.580] [main/DEBUG] [quark-zeta/]: Registering to minecraft:block - quark:shingles_vertical_slab
[02May2025 18:43:49.580] [main/DEBUG] [quark-zeta/]: Registering to minecraft:block - quark:white_shingles_vertical_slab
[02May2025 18:43:49.581] [main/DEBUG] [quark-zeta/]: Registering to minecraft:block - quark:orange_shingles_vertical_slab
[02May2025 18:43:49.581] [main/DEBUG] [quark-zeta/]: Registering to minecraft:block - quark:magenta_shingles_vertical_slab
[02May2025 18:43:49.581] [main/DEBUG] [quark-zeta/]: Registering to minecraft:block - quark:light_blue_shingles_vertical_slab
[02May2025 18:43:49.581] [main/DEBUG] [quark-zeta/]: Registering to minecraft:block - quark:yellow_shingles_vertical_slab
[02May2025 18:43:49.581] [main/DEBUG] [quark-zeta/]: Registering to minecraft:block - quark:lime_shingles_vertical_slab
[02May2025 18:43:49.581] [main/DEBUG] [quark-zeta/]: Registering to minecraft:block - quark:pink_shingles_vertical_slab
[02May2025 18:43:49.581] [main/DEBUG] [quark-zeta/]: Registering to minecraft:block - quark:gray_shingles_vertical_slab
[02May2025 18:43:49.581] [main/DEBUG] [quark-zeta/]: Registering to minecraft:block - quark:light_gray_shingles_vertical_slab
[02May2025 18:43:49.581] [main/DEBUG] [quark-zeta/]: Registering to minecraft:block - quark:cyan_shingles_vertical_slab
[02May2025 18:43:49.581] [main/DEBUG] [quark-zeta/]: Registering to minecraft:block - quark:purple_shingles_vertical_slab
[02May2025 18:43:49.581] [main/DEBUG] [quark-zeta/]: Registering to minecraft:block - quark:blue_shingles_vertical_slab
[02May2025 18:43:49.581] [main/DEBUG] [quark-zeta/]: Registering to minecraft:block - quark:brown_shingles_vertical_slab
[02May2025 18:43:49.581] [main/DEBUG] [quark-zeta/]: Registering to minecraft:block - quark:green_shingles_vertical_slab
[02May2025 18:43:49.581] [main/DEBUG] [quark-zeta/]: Registering to minecraft:block - quark:red_shingles_vertical_slab
[02May2025 18:43:49.581] [main/DEBUG] [quark-zeta/]: Registering to minecraft:block - quark:black_shingles_vertical_slab
[02May2025 18:43:49.581] [main/DEBUG] [quark-zeta/]: Registering to minecraft:block - quark:soul_sandstone_vertical_slab
[02May2025 18:43:49.581] [main/DEBUG] [quark-zeta/]: Registering to minecraft:block - quark:cut_soul_sandstone_vertical_slab
[02May2025 18:43:49.581] [main/DEBUG] [quark-zeta/]: Registering to minecraft:block - quark:smooth_soul_sandstone_vertical_slab
[02May2025 18:43:49.581] [main/DEBUG] [quark-zeta/]: Registering to minecraft:block - quark:thatch_vertical_slab
[02May2025 18:43:49.581] [main/DEBUG] [quark-zeta/]: Registering to minecraft:block - quark:calcite_vertical_slab
[02May2025 18:43:49.581] [main/DEBUG] [quark-zeta/]: Registering to minecraft:block - quark:polished_calcite_vertical_slab
[02May2025 18:43:49.581] [main/DEBUG] [quark-zeta/]: Registering to minecraft:block - quark:dripstone_block_vertical_slab
[02May2025 18:43:49.581] [main/DEBUG] [quark-zeta/]: Registering to minecraft:block - quark:polished_dripstone_vertical_slab
[02May2025 18:43:49.581] [main/DEBUG] [quark-zeta/]: Registering to minecraft:block - quark:tuff_vertical_slab
[02May2025 18:43:49.581] [main/DEBUG] [quark-zeta/]: Registering to minecraft:block - quark:polished_tuff_vertical_slab
[02May2025 18:43:49.581] [main/DEBUG] [quark-zeta/]: Registering to minecraft:block - quark:granite_bricks_vertical_slab
[02May2025 18:43:49.581] [main/DEBUG] [quark-zeta/]: Registering to minecraft:block - quark:diorite_bricks_vertical_slab
[02May2025 18:43:49.582] [main/DEBUG] [quark-zeta/]: Registering to minecraft:block - quark:andesite_bricks_vertical_slab
[02May2025 18:43:49.582] [main/DEBUG] [quark-zeta/]: Registering to minecraft:block - quark:calcite_bricks_vertical_slab
[02May2025 18:43:49.582] [main/DEBUG] [quark-zeta/]: Registering to minecraft:block - quark:dripstone_bricks_vertical_slab
[02May2025 18:43:49.582] [main/DEBUG] [quark-zeta/]: Registering to minecraft:block - quark:tuff_bricks_vertical_slab
[02May2025 18:43:49.582] [main/DEBUG] [quark-zeta/]: Registering to minecraft:block - quark:limestone_bricks_vertical_slab
[02May2025 18:43:49.582] [main/DEBUG] [quark-zeta/]: Registering to minecraft:block - quark:jasper_bricks_vertical_slab
[02May2025 18:43:49.582] [main/DEBUG] [quark-zeta/]: Registering to minecraft:block - quark:shale_bricks_vertical_slab
[02May2025 18:43:49.582] [main/DEBUG] [quark-zeta/]: Registering to minecraft:block - quark:myalite_bricks_vertical_slab
[02May2025 18:43:49.668] [main/DEBUG] [mixin/]: Mixing SelfItemDisplayTileMixin from moonlight.mixins.json into net.mehvahdjukaar.moonlight.api.block.ItemDisplayTile
[02May2025 18:43:50.941] [main/DEBUG] [mixin/]: Mixing self.SelfSpeakerBlockTileMixin from supplementaries.mixins.json into net.mehvahdjukaar.supplementaries.common.block.tiles.SpeakerBlockTile
[02May2025 18:43:54.581] [main/INFO] [Moonlight/]: Initialized block sets in 82ms
[02May2025 18:43:54.623] [main/DEBUG] [quark-zeta/]: Registering to minecraft:mob_effect - quark:resilience
[02May2025 18:43:54.674] [main/DEBUG] [quark-zeta/]: Registering to minecraft:particle_type - quark:attractor
[02May2025 18:43:54.674] [main/DEBUG] [quark-zeta/]: Registering to minecraft:particle_type - quark:repulsor
[02May2025 18:43:54.699] [main/DEBUG] [software.bernie.geckolib.GeckoLib/]: Registered SyncedAnimatable for class com.bobmowzie.mowziesmobs.server.item.ItemEarthrendGauntlet
[02May2025 18:43:54.700] [main/DEBUG] [software.bernie.geckolib.GeckoLib/]: Registered SyncedAnimatable for class com.bobmowzie.mowziesmobs.server.item.ItemSculptorStaff
[02May2025 18:43:54.777] [main/DEBUG] [mixin/]: Mixing gamerule.BooleanValueInvoker from mixins.artifacts.common.json into net.minecraft.world.level.GameRules$BooleanValue
[02May2025 18:43:54.779] [main/DEBUG] [mixin/]: Renaming @Invoker method invokeCreate(ZLjava/util/function/BiConsumer;)Lnet/minecraft/world/level/GameRules$Type; to invokeCreate_$md$cf8a4d$0 in mixins.artifacts.common.json:gamerule.BooleanValueInvoker
[02May2025 18:43:54.792] [main/DEBUG] [mixin/]: Mixing gamerule.IntegerValueInvoker from mixins.artifacts.common.json into net.minecraft.world.level.GameRules$IntegerValue
[02May2025 18:43:54.792] [main/DEBUG] [mixin/]: Renaming @Invoker method invokeCreate(ILjava/util/function/BiConsumer;)Lnet/minecraft/world/level/GameRules$Type; to invokeCreate_$md$cf8a4d$0 in mixins.artifacts.common.json:gamerule.IntegerValueInvoker
[02May2025 18:43:54.857] [main/DEBUG] [mixin/]: Mixing impl.MixinBlockHelper from glitchcore.forge.mixins.json into glitchcore.util.BlockHelper
[02May2025 18:43:54.988] [main/DEBUG] [quark-zeta/]: Registering to minecraft:item - quark:abacus
[02May2025 18:43:54.988] [main/DEBUG] [quark-zeta/]: Registering to minecraft:item - quark:music_disc_drips
[02May2025 18:43:54.988] [main/DEBUG] [quark-zeta/]: Registering to minecraft:item - quark:music_disc_ocean
[02May2025 18:43:54.988] [main/DEBUG] [quark-zeta/]: Registering to minecraft:item - quark:music_disc_rain
[02May2025 18:43:54.988] [main/DEBUG] [quark-zeta/]: Registering to minecraft:item - quark:music_disc_wind
[02May2025 18:43:54.988] [main/DEBUG] [quark-zeta/]: Registering to minecraft:item - quark:music_disc_fire
[02May2025 18:43:54.988] [main/DEBUG] [quark-zeta/]: Registering to minecraft:item - quark:music_disc_clock
[02May2025 18:43:54.988] [main/DEBUG] [quark-zeta/]: Registering to minecraft:item - quark:music_disc_crickets
[02May2025 18:43:54.988] [main/DEBUG] [quark-zeta/]: Registering to minecraft:item - quark:music_disc_chatter
[02May2025 18:43:54.988] [main/DEBUG] [quark-zeta/]: Registering to minecraft:item - quark:ancient_tome
[02May2025 18:43:54.989] [main/DEBUG] [quark-zeta/]: Registering to minecraft:item - quark:ancient_log
[02May2025 18:43:54.989] [main/DEBUG] [quark-zeta/]: Registering to minecraft:item - quark:hollow_ancient_log
[02May2025 18:43:54.989] [main/DEBUG] [quark-zeta/]: Registering to minecraft:item - quark:ancient_wood
[02May2025 18:43:54.989] [main/DEBUG] [quark-zeta/]: Registering to minecraft:item - quark:stripped_ancient_log
[02May2025 18:43:54.989] [main/DEBUG] [quark-zeta/]: Registering to minecraft:item - quark:stripped_ancient_wood
[02May2025 18:43:54.989] [main/DEBUG] [quark-zeta/]: Registering to minecraft:item - quark:ancient_planks
[02May2025 18:43:54.989] [main/DEBUG] [quark-zeta/]: Registering to minecraft:item - quark:vertical_ancient_planks
[02May2025 18:43:54.989] [main/DEBUG] [quark-zeta/]: Registering to minecraft:item - quark:ancient_planks_slab
[02May2025 18:43:54.989] [main/DEBUG] [quark-zeta/]: Registering to minecraft:item - quark:ancient_planks_stairs
[02May2025 18:43:54.989] [main/DEBUG] [quark-zeta/]: Registering to minecraft:item - quark:ancient_fence
[02May2025 18:43:54.991] [main/DEBUG] [quark-zeta/]: Registering to minecraft:item - quark:ancient_fence_gate
[02May2025 18:43:54.991] [main/DEBUG] [quark-zeta/]: Registering to minecraft:item - quark:ancient_door
[02May2025 18:43:54.991] [main/DEBUG] [quark-zeta/]: Registering to minecraft:item - quark:ancient_trapdoor
[02May2025 18:43:54.991] [main/DEBUG] [quark-zeta/]: Registering to minecraft:item - quark:ancient_pressure_plate
[02May2025 18:43:54.991] [main/DEBUG] [quark-zeta/]: Registering to minecraft:item - quark:ancient_button
[02May2025 18:43:54.991] [main/DEBUG] [quark-zeta/]: Registering to minecraft:item - quark:ancient_bookshelf
[02May2025 18:43:54.992] [main/DEBUG] [quark-zeta/]: Registering to minecraft:item - quark:ancient_ladder
[02May2025 18:43:54.992] [main/DEBUG] [quark-zeta/]: Registering to minecraft:item - quark:ancient_post
[02May2025 18:43:54.993] [main/DEBUG] [quark-zeta/]: Registering to minecraft:item - quark:stripped_ancient_post
[02May2025 18:43:54.993] [main/DEBUG] [quark-zeta/]: Registering to minecraft:item - quark:ancient_chest
[02May2025 18:43:54.993] [main/DEBUG] [quark-zeta/]: Registering to minecraft:item - quark:ancient_trapped_chest
[02May2025 18:43:54.993] [main/DEBUG] [quark-zeta/]: Registering to minecraft:item - quark:ancient_sign
[02May2025 18:43:54.993] [main/DEBUG] [quark-zeta/]: Registering to minecraft:item - quark:ancient_hanging_sign
[02May2025 18:43:54.993] [main/DEBUG] [quark-zeta/]: Registering to minecraft:item - quark:ancient_boat
[02May2025 18:43:54.993] [main/DEBUG] [quark-zeta/]: Registering to minecraft:item - quark:ancient_chest_boat
[02May2025 18:43:54.993] [main/DEBUG] [quark-zeta/]: Registering to minecraft:item - quark:ancient_leaves
[02May2025 18:43:54.993] [main/DEBUG] [quark-zeta/]: Registering to minecraft:item - quark:ancient_sapling
[02May2025 18:43:54.993] [main/DEBUG] [quark-zeta/]: Registering to minecraft:item - quark:ancient_fruit
[02May2025 18:43:54.993] [main/DEBUG] [quark-zeta/]: Registering to minecraft:item - quark:azalea_log
[02May2025 18:43:54.993] [main/DEBUG] [quark-zeta/]: Registering to minecraft:item - quark:hollow_azalea_log
[02May2025 18:43:54.993] [main/DEBUG] [quark-zeta/]: Registering to minecraft:item - quark:azalea_wood
[02May2025 18:43:54.993] [main/DEBUG] [quark-zeta/]: Registering to minecraft:item - quark:stripped_azalea_log
[02May2025 18:43:54.993] [main/DEBUG] [quark-zeta/]: Registering to minecraft:item - quark:stripped_azalea_wood
[02May2025 18:43:54.994] [main/DEBUG] [quark-zeta/]: Registering to minecraft:item - quark:azalea_planks
[02May2025 18:43:54.994] [main/DEBUG] [quark-zeta/]: Registering to minecraft:item - quark:vertical_azalea_planks
[02May2025 18:43:54.994] [main/DEBUG] [quark-zeta/]: Registering to minecraft:item - quark:azalea_planks_slab
[02May2025 18:43:54.994] [main/DEBUG] [quark-zeta/]: Registering to minecraft:item - quark:azalea_planks_stairs
[02May2025 18:43:54.994] [main/DEBUG] [quark-zeta/]: Registering to minecraft:item - quark:azalea_fence
[02May2025 18:43:54.994] [main/DEBUG] [quark-zeta/]: Registering to minecraft:item - quark:azalea_fence_gate
[02May2025 18:43:54.994] [main/DEBUG] [quark-zeta/]: Registering to minecraft:item - quark:azalea_door
[02May2025 18:43:54.994] [main/DEBUG] [quark-zeta/]: Registering to minecraft:item - quark:azalea_trapdoor
[02May2025 18:43:54.994] [main/DEBUG] [quark-zeta/]: Registering to minecraft:item - quark:azalea_pressure_plate
[02May2025 18:43:54.994] [main/DEBUG] [quark-zeta/]: Registering to minecraft:item - quark:azalea_button
[02May2025 18:43:54.994] [main/DEBUG] [quark-zeta/]: Registering to minecraft:item - quark:azalea_bookshelf
[02May2025 18:43:54.994] [main/DEBUG] [quark-zeta/]: Registering to minecraft:item - quark:azalea_ladder
[02May2025 18:43:54.994] [main/DEBUG] [quark-zeta/]: Registering to minecraft:item - quark:azalea_post
[02May2025 18:43:54.996] [main/DEBUG] [quark-zeta/]: Registering to minecraft:item - quark:stripped_azalea_post
[02May2025 18:43:54.996] [main/DEBUG] [quark-zeta/]: Registering to minecraft:item - quark:azalea_chest
[02May2025 18:43:54.996] [main/DEBUG] [quark-zeta/]: Registering to minecraft:item - quark:azalea_trapped_chest
[02May2025 18:43:54.996] [main/DEBUG] [quark-zeta/]: Registering to minecraft:item - quark:azalea_sign
[02May2025 18:43:54.996] [main/DEBUG] [quark-zeta/]: Registering to minecraft:item - quark:azalea_hanging_sign
[02May2025 18:43:54.996] [main/DEBUG] [quark-zeta/]: Registering to minecraft:item - quark:azalea_boat
[02May2025 18:43:54.996] [main/DEBUG] [quark-zeta/]: Registering to minecraft:item - quark:azalea_chest_boat
[02May2025 18:43:54.996] [main/DEBUG] [quark-zeta/]: Registering to minecraft:item - quark:backpack
[02May2025 18:43:54.996] [main/DEBUG] [quark-zeta/]: Registering to minecraft:item - quark:ravager_hide
[02May2025 18:43:54.996] [main/DEBUG] [quark-zeta/]: Registering to minecraft:item - quark:bonded_ravager_hide
[02May2025 18:43:54.996] [main/DEBUG] [quark-zeta/]: Registering to minecraft:item - quark:blossom_log
[02May2025 18:43:54.996] [main/DEBUG] [quark-zeta/]: Registering to minecraft:item - quark:hollow_blossom_log
[02May2025 18:43:54.996] [main/DEBUG] [quark-zeta/]: Registering to minecraft:item - quark:blossom_wood
[02May2025 18:43:54.997] [main/DEBUG] [quark-zeta/]: Registering to minecraft:item - quark:stripped_blossom_log
[02May2025 18:43:54.997] [main/DEBUG] [quark-zeta/]: Registering to minecraft:item - quark:stripped_blossom_wood
[02May2025 18:43:54.997] [main/DEBUG] [quark-zeta/]: Registering to minecraft:item - quark:blossom_planks
[02May2025 18:43:54.997] [main/DEBUG] [quark-zeta/]: Registering to minecraft:item - quark:vertical_blossom_planks
[02May2025 18:43:54.997] [main/DEBUG] [quark-zeta/]: Registering to minecraft:item - quark:blossom_planks_slab
[02May2025 18:43:54.997] [main/DEBUG] [quark-zeta/]: Registering to minecraft:item - quark:blossom_planks_stairs
[02May2025 18:43:54.997] [main/DEBUG] [quark-zeta/]: Registering to minecraft:item - quark:blossom_fence
[02May2025 18:43:54.997] [main/DEBUG] [quark-zeta/]: Registering to minecraft:item - quark:blossom_fence_gate
[02May2025 18:43:54.997] [main/DEBUG] [quark-zeta/]: Registering to minecraft:item - quark:blossom_door
[02May2025 18:43:54.997] [main/DEBUG] [quark-zeta/]: Registering to minecraft:item - quark:blossom_trapdoor
[02May2025 18:43:54.997] [main/DEBUG] [quark-zeta/]: Registering to minecraft:item - quark:blossom_pressure_plate
[02May2025 18:43:54.997] [main/DEBUG] [quark-zeta/]: Registering to minecraft:item - quark:blossom_button
[02May2025 18:43:54.997] [main/DEBUG] [quark-zeta/]: Registering to minecraft:item - quark:blossom_bookshelf
[02May2025 18:43:54.997] [main/DEBUG] [quark-zeta/]: Registering to minecraft:item - quark:blossom_ladder
[02May2025 18:43:54.997] [main/DEBUG] [quark-zeta/]: Registering to minecraft:item - quark:blossom_post
[02May2025 18:43:54.997] [main/DEBUG] [quark-zeta/]: Registering to minecraft:item - quark:stripped_blossom_post
[02May2025 18:43:54.997] [main/DEBUG] [quark-zeta/]: Registering to minecraft:item - quark:blossom_chest
[02May2025 18:43:54.997] [main/DEBUG] [quark-zeta/]: Registering to minecraft:item - quark:blossom_trapped_chest
[02May2025 18:43:54.997] [main/DEBUG] [quark-zeta/]: Registering to minecraft:item - quark:blossom_sign
[02May2025 18:43:54.997] [main/DEBUG] [quark-zeta/]: Registering to minecraft:item - quark:blossom_hanging_sign
[02May2025 18:43:55.002] [main/DEBUG] [quark-zeta/]: Registering to minecraft:item - quark:blossom_boat
[02May2025 18:43:55.003] [main/DEBUG] [quark-zeta/]: Registering to minecraft:item - quark:blossom_chest_boat
[02May2025 18:43:55.003] [main/DEBUG] [quark-zeta/]: Registering to minecraft:item - quark:blue_blossom_leaves
[02May2025 18:43:55.003] [main/DEBUG] [quark-zeta/]: Registering to minecraft:item - quark:blue_blossom_sapling
[02May2025 18:43:55.003] [main/DEBUG] [quark-zeta/]: Registering to minecraft:item - quark:lavender_blossom_leaves
[02May2025 18:43:55.003] [main/DEBUG] [quark-zeta/]: Registering to minecraft:item - quark:lavender_blossom_sapling
[02May2025 18:43:55.003] [main/DEBUG] [quark-zeta/]: Registering to minecraft:item - quark:orange_blossom_leaves
[02May2025 18:43:55.003] [main/DEBUG] [quark-zeta/]: Registering to minecraft:item - quark:orange_blossom_sapling
[02May2025 18:43:55.003] [main/DEBUG] [quark-zeta/]: Registering to minecraft:item - quark:yellow_blossom_leaves
[02May2025 18:43:55.003] [main/DEBUG] [quark-zeta/]: Registering to minecraft:item - quark:yellow_blossom_sapling
[02May2025 18:43:55.004] [main/DEBUG] [quark-zeta/]: Registering to minecraft:item - quark:red_blossom_leaves
[02May2025 18:43:55.004] [main/DEBUG] [quark-zeta/]: Registering to minecraft:item - quark:red_blossom_sapling
[02May2025 18:43:55.004] [main/DEBUG] [quark-zeta/]: Registering to minecraft:item - quark:cloud
[02May2025 18:43:55.004] [main/DEBUG] [quark-zeta/]: Registering to minecraft:item - quark:bottled_cloud
[02May2025 18:43:55.004] [main/DEBUG] [quark-zeta/]: Registering to minecraft:item - quark:stone_lamp
[02May2025 18:43:55.004] [main/DEBUG] [quark-zeta/]: Registering to minecraft:item - quark:stone_brick_lamp
[02May2025 18:43:55.004] [main/DEBUG] [quark-zeta/]: Registering to minecraft:item - quark:chorus_weeds
[02May2025 18:43:55.004] [main/DEBUG] [quark-zeta/]: Registering to minecraft:item - quark:chorus_twist
[02May2025 18:43:55.004] [main/DEBUG] [quark-zeta/]: Registering to minecraft:item - quark:chute
[02May2025 18:43:55.004] [main/DEBUG] [quark-zeta/]: Registering to minecraft:item - quark:smithing_template_rune
[02May2025 18:43:55.004] [main/DEBUG] [quark-zeta/]: Registering to minecraft:item - quark:charcoal_block
[02May2025 18:43:55.004] [main/DEBUG] [quark-zeta/]: Registering to minecraft:item - quark:sugar_cane_block
[02May2025 18:43:55.004] [main/DEBUG] [quark-zeta/]: Registering to minecraft:item - quark:cactus_block
[02May2025 18:43:55.004] [main/DEBUG] [quark-zeta/]: Registering to minecraft:item - quark:chorus_fruit_block
[02May2025 18:43:55.004] [main/DEBUG] [quark-zeta/]: Registering to minecraft:item - quark:stick_block
[02May2025 18:43:55.004] [main/DEBUG] [quark-zeta/]: Registering to minecraft:item - quark:golden_apple_crate
[02May2025 18:43:55.004] [main/DEBUG] [quark-zeta/]: Registering to minecraft:item - quark:apple_crate
[02May2025 18:43:55.004] [main/DEBUG] [quark-zeta/]: Registering to minecraft:item - quark:potato_crate
[02May2025 18:43:55.004] [main/DEBUG] [quark-zeta/]: Registering to minecraft:item - quark:carrot_crate
[02May2025 18:43:55.004] [main/DEBUG] [quark-zeta/]: Registering to minecraft:item - quark:golden_carrot_crate
[02May2025 18:43:55.004] [main/DEBUG] [quark-zeta/]: Registering to minecraft:item - quark:beetroot_crate
[02May2025 18:43:55.004] [main/DEBUG] [quark-zeta/]: Registering to minecraft:item - quark:cocoa_beans_sack
[02May2025 18:43:55.004] [main/DEBUG] [quark-zeta/]: Registering to minecraft:item - quark:nether_wart_sack
[02May2025 18:43:55.004] [main/DEBUG] [quark-zeta/]: Registering to minecraft:item - quark:gunpowder_sack
[02May2025 18:43:55.004] [main/DEBUG] [quark-zeta/]: Registering to minecraft:item - quark:berry_sack
[02May2025 18:43:55.004] [main/DEBUG] [quark-zeta/]: Registering to minecraft:item - quark:glowberry_sack
[02May2025 18:43:55.004] [main/DEBUG] [quark-zeta/]: Registering to minecraft:item - quark:blaze_lantern
[02May2025 18:43:55.004] [main/DEBUG] [quark-zeta/]: Registering to minecraft:item - quark:bonded_leather
[02May2025 18:43:55.004] [main/DEBUG] [quark-zeta/]: Registering to minecraft:item - quark:bonded_rabbit_hide
[02May2025 18:43:55.004] [main/DEBUG] [quark-zeta/]: Registering to minecraft:item - quark:red_corundum
[02May2025 18:43:55.005] [main/DEBUG] [quark-zeta/]: Registering to minecraft:item - quark:waxed_red_corundum
[02May2025 18:43:55.005] [main/DEBUG] [quark-zeta/]: Registering to minecraft:item - quark:red_corundum_pane
[02May2025 18:43:55.005] [main/DEBUG] [quark-zeta/]: Registering to minecraft:item - quark:red_corundum_cluster
[02May2025 18:43:55.005] [main/DEBUG] [quark-zeta/]: Registering to minecraft:item - quark:orange_corundum
[02May2025 18:43:55.005] [main/DEBUG] [quark-zeta/]: Registering to minecraft:item - quark:waxed_orange_corundum
[02May2025 18:43:55.005] [main/DEBUG] [quark-zeta/]: Registering to minecraft:item - quark:orange_corundum_pane
[02May2025 18:43:55.005] [main/DEBUG] [quark-zeta/]: Registering to minecraft:item - quark:orange_corundum_cluster
[02May2025 18:43:55.005] [main/DEBUG] [quark-zeta/]: Registering to minecraft:item - quark:yellow_corundum
[02May2025 18:43:55.005] [main/DEBUG] [quark-zeta/]: Registering to minecraft:item - quark:waxed_yellow_corundum
[02May2025 18:43:55.005] [main/DEBUG] [quark-zeta/]: Registering to minecraft:item - quark:yellow_corundum_pane
[02May2025 18:43:55.005] [main/DEBUG] [quark-zeta/]: Registering to minecraft:item - quark:yellow_corundum_cluster
[02May2025 18:43:55.005] [main/DEBUG] [quark-zeta/]: Registering to minecraft:item - quark:green_corundum
[02May2025 18:43:55.005] [main/DEBUG] [quark-zeta/]: Registering to minecraft:item - quark:waxed_green_corundum
[02May2025 18:43:55.006] [main/DEBUG] [quark-zeta/]: Registering to minecraft:item - quark:green_corundum_pane
[02May2025 18:43:55.006] [main/DEBUG] [quark-zeta/]: Registering to minecraft:item - quark:green_corundum_cluster
[02May2025 18:43:55.006] [main/DEBUG] [quark-zeta/]: Registering to minecraft:item - quark:blue_corundum
[02May2025 18:43:55.006] [main/DEBUG] [quark-zeta/]: Registering to minecraft:item - quark:waxed_blue_corundum
[02May2025 18:43:55.006] [main/DEBUG] [quark-zeta/]: Registering to minecraft:item - quark:blue_corundum_pane
[02May2025 18:43:55.006] [main/DEBUG] [quark-zeta/]: Registering to minecraft:item - quark:blue_corundum_cluster
[02May2025 18:43:55.006] [main/DEBUG] [quark-zeta/]: Registering to minecraft:item - quark:indigo_corundum
[02May2025 18:43:55.006] [main/DEBUG] [quark-zeta/]: Registering to minecraft:item - quark:waxed_indigo_corundum
[02May2025 18:43:55.006] [main/DEBUG] [quark-zeta/]: Registering to minecraft:item - quark:indigo_corundum_pane
[02May2025 18:43:55.006] [main/DEBUG] [quark-zeta/]: Registering to minecraft:item - quark:indigo_corundum_cluster
[02May2025 18:43:55.006] [main/DEBUG] [quark-zeta/]: Registering to minecraft:item - quark:violet_corundum
[02May2025 18:43:55.006] [main/DEBUG] [quark-zeta/]: Registering to minecraft:item - quark:waxed_violet_corundum
[02May2025 18:43:55.006] [main/DEBUG] [quark-zeta/]: Registering to minecraft:item - quark:violet_corundum_pane
[02May2025 18:43:55.007] [main/DEBUG] [quark-zeta/]: Registering to minecraft:item - quark:violet_corundum_cluster
[02May2025 18:43:55.007] [main/DEBUG] [quark-zeta/]: Registering to minecraft:item - quark:white_corundum
[02May2025 18:43:55.007] [main/DEBUG] [quark-zeta/]: Registering to minecraft:item - quark:waxed_white_corundum
[02May2025 18:43:55.007] [main/DEBUG] [quark-zeta/]: Registering to minecraft:item - quark:white_corundum_pane
[02May2025 18:43:55.007] [main/DEBUG] [quark-zeta/]: Registering to minecraft:item - quark:white_corundum_cluster
[02May2025 18:43:55.007] [main/DEBUG] [quark-zeta/]: Registering to minecraft:item - quark:black_corundum
[02May2025 18:43:55.010] [main/DEBUG] [quark-zeta/]: Registering to minecraft:item - quark:waxed_black_corundum
[02May2025 18:43:55.011] [main/DEBUG] [quark-zeta/]: Registering to minecraft:item - quark:black_corundum_pane
[02May2025 18:43:55.011] [main/DEBUG] [quark-zeta/]: Registering to minecraft:item - quark:black_corundum_cluster
[02May2025 18:43:55.011] [main/DEBUG] [quark-zeta/]: Registering to minecraft:item - quark:crab_leg
[02May2025 18:43:55.011] [main/DEBUG] [quark-zeta/]: Registering to minecraft:item - quark:cooked_crab_leg
[02May2025 18:43:55.011] [main/DEBUG] [quark-zeta/]: Registering to minecraft:item - quark:crab_shell
[02May2025 18:43:55.011] [main/DEBUG] [quark-zeta/]: Registering to minecraft:item - quark:crab_bucket
[02May2025 18:43:55.011] [main/DEBUG] [quark-zeta/]: Registering to minecraft:item - quark:crab_spawn_egg
[02May2025 18:43:55.011] [main/DEBUG] [quark-zeta/]: Registering to minecraft:item - quark:crafter
[02May2025 18:43:55.011] [main/DEBUG] [quark-zeta/]: Registering to minecraft:item - quark:crate
[02May2025 18:43:55.011] [main/DEBUG] [quark-zeta/]: Registering to minecraft:item - quark:dragon_scale
[02May2025 18:43:55.011] [main/DEBUG] [quark-zeta/]: Registering to minecraft:item - quark:duskbound_block
[02May2025 18:43:55.011] [main/DEBUG] [quark-zeta/]: Registering to minecraft:item - quark:duskbound_lantern
[02May2025 18:43:55.011] [main/DEBUG] [quark-zeta/]: Registering to minecraft:item - quark:duskbound_block_slab
[02May2025 18:43:55.011] [main/DEBUG] [quark-zeta/]: Registering to minecraft:item - quark:duskbound_block_stairs
[02May2025 18:43:55.013] [main/DEBUG] [quark-zeta/]: Registering to minecraft:item - quark:ender_watcher
[02May2025 18:43:55.013] [main/DEBUG] [quark-zeta/]: Registering to minecraft:item - quark:music_disc_endermosh
[02May2025 18:43:55.014] [main/DEBUG] [quark-zeta/]: Registering to minecraft:item - quark:feeding_trough
[02May2025 18:43:55.014] [main/DEBUG] [quark-zeta/]: Registering to minecraft:item - quark:forgotten_hat
[02May2025 18:43:55.014] [main/DEBUG] [quark-zeta/]: Registering to minecraft:item - quark:forgotten_spawn_egg
[02May2025 18:43:55.014] [main/DEBUG] [quark-zeta/]: Registering to minecraft:item - quark:foxhound_spawn_egg
[02May2025 18:43:55.014] [main/DEBUG] [quark-zeta/]: Registering to minecraft:item - quark:framed_glass
[02May2025 18:43:55.015] [main/DEBUG] [quark-zeta/]: Registering to minecraft:item - quark:framed_glass_pane
[02May2025 18:43:55.015] [main/DEBUG] [quark-zeta/]: Registering to minecraft:item - quark:white_framed_glass
[02May2025 18:43:55.015] [main/DEBUG] [quark-zeta/]: Registering to minecraft:item - quark:light_gray_framed_glass
[02May2025 18:43:55.015] [main/DEBUG] [quark-zeta/]: Registering to minecraft:item - quark:gray_framed_glass
[02May2025 18:43:55.015] [main/DEBUG] [quark-zeta/]: Registering to minecraft:item - quark:black_framed_glass
[02May2025 18:43:55.015] [main/DEBUG] [quark-zeta/]: Registering to minecraft:item - quark:brown_framed_glass
[02May2025 18:43:55.015] [main/DEBUG] [quark-zeta/]: Registering to minecraft:item - quark:red_framed_glass
[02May2025 18:43:55.015] [main/DEBUG] [quark-zeta/]: Registering to minecraft:item - quark:orange_framed_glass
[02May2025 18:43:55.015] [main/DEBUG] [quark-zeta/]: Registering to minecraft:item - quark:yellow_framed_glass
[02May2025 18:43:55.015] [main/DEBUG] [quark-zeta/]: Registering to minecraft:item - quark:lime_framed_glass
[02May2025 18:43:55.015] [main/DEBUG] [quark-zeta/]: Registering to minecraft:item - quark:green_framed_glass
[02May2025 18:43:55.015] [main/DEBUG] [quark-zeta/]: Registering to minecraft:item - quark:cyan_framed_glass
[02May2025 18:43:55.015] [main/DEBUG] [quark-zeta/]: Registering to minecraft:item - quark:light_blue_framed_glass
[02May2025 18:43:55.015] [main/DEBUG] [quark-zeta/]: Registering to minecraft:item - quark:blue_framed_glass
[02May2025 18:43:55.017] [main/DEBUG] [quark-zeta/]: Registering to minecraft:item - quark:purple_framed_glass
[02May2025 18:43:55.017] [main/DEBUG] [quark-zeta/]: Registering to minecraft:item - quark:magenta_framed_glass
[02May2025 18:43:55.017] [main/DEBUG] [quark-zeta/]: Registering to minecraft:item - quark:pink_framed_glass
[02May2025 18:43:55.018] [main/DEBUG] [quark-zeta/]: Registering to minecraft:item - quark:white_framed_glass_pane
[02May2025 18:43:55.018] [main/DEBUG] [quark-zeta/]: Registering to minecraft:item - quark:light_gray_framed_glass_pane
[02May2025 18:43:55.018] [main/DEBUG] [quark-zeta/]: Registering to minecraft:item - quark:gray_framed_glass_pane
[02May2025 18:43:55.018] [main/DEBUG] [quark-zeta/]: Registering to minecraft:item - quark:black_framed_glass_pane
[02May2025 18:43:55.019] [main/DEBUG] [quark-zeta/]: Registering to minecraft:item - quark:brown_framed_glass_pane
[02May2025 18:43:55.019] [main/DEBUG] [quark-zeta/]: Registering to minecraft:item - quark:red_framed_glass_pane
[02May2025 18:43:55.019] [main/DEBUG] [quark-zeta/]: Registering to minecraft:item - quark:orange_framed_glass_pane
[02May2025 18:43:55.019] [main/DEBUG] [quark-zeta/]: Registering to minecraft:item - quark:yellow_framed_glass_pane
[02May2025 18:43:55.019] [main/DEBUG] [quark-zeta/]: Registering to minecraft:item - quark:lime_framed_glass_pane
[02May2025 18:43:55.019] [main/DEBUG] [quark-zeta/]: Registering to minecraft:item - quark:green_framed_glass_pane
[02May2025 18:43:55.019] [main/DEBUG] [quark-zeta/]: Registering to minecraft:item - quark:cyan_framed_glass_pane
[02May2025 18:43:55.020] [main/DEBUG] [quark-zeta/]: Registering to minecraft:item - quark:light_blue_framed_glass_pane
[02May2025 18:43:55.020] [main/DEBUG] [quark-zeta/]: Registering to minecraft:item - quark:blue_framed_glass_pane
[02May2025 18:43:55.021] [main/DEBUG] [quark-zeta/]: Registering to minecraft:item - quark:purple_framed_glass_pane
[02May2025 18:43:55.021] [main/DEBUG] [quark-zeta/]: Registering to minecraft:item - quark:magenta_framed_glass_pane
[02May2025 18:43:55.021] [main/DEBUG] [quark-zeta/]: Registering to minecraft:item - quark:pink_framed_glass_pane
[02May2025 18:43:55.021] [main/DEBUG] [quark-zeta/]: Registering to minecraft:item - quark:glass_item_frame
[02May2025 18:43:55.021] [main/DEBUG] [quark-zeta/]: Registering to minecraft:item - quark:glowing_glass_item_frame
[02May2025 18:43:55.021] [main/DEBUG] [quark-zeta/]: Registering to minecraft:item - quark:dirty_glass
[02May2025 18:43:55.021] [main/DEBUG] [quark-zeta/]: Registering to minecraft:item - quark:dirty_glass_pane
[02May2025 18:43:55.021] [main/DEBUG] [quark-zeta/]: Registering to minecraft:item - quark:clear_shard
[02May2025 18:43:55.022] [main/DEBUG] [quark-zeta/]: Registering to minecraft:item - quark:dirty_shard
[02May2025 18:43:55.022] [main/DEBUG] [quark-zeta/]: Registering to minecraft:item - quark:white_shard
[02May2025 18:43:55.022] [main/DEBUG] [quark-zeta/]: Registering to minecraft:item - quark:light_gray_shard
[02May2025 18:43:55.022] [main/DEBUG] [quark-zeta/]: Registering to minecraft:item - quark:gray_shard
[02May2025 18:43:55.022] [main/DEBUG] [quark-zeta/]: Registering to minecraft:item - quark:black_shard
[02May2025 18:43:55.023] [main/DEBUG] [quark-zeta/]: Registering to minecraft:item - quark:brown_shard
[02May2025 18:43:55.023] [main/DEBUG] [quark-zeta/]: Registering to minecraft:item - quark:red_shard
[02May2025 18:43:55.023] [main/DEBUG] [quark-zeta/]: Registering to minecraft:item - quark:orange_shard
[02May2025 18:43:55.023] [main/DEBUG] [quark-zeta/]: Registering to minecraft:item - quark:yellow_shard
[02May2025 18:43:55.023] [main/DEBUG] [quark-zeta/]: Registering to minecraft:item - quark:lime_shard
[02May2025 18:43:55.023] [main/DEBUG] [quark-zeta/]: Registering to minecraft:item - quark:green_shard
[02May2025 18:43:55.023] [main/DEBUG] [quark-zeta/]: Registering to minecraft:item - quark:cyan_shard
[02May2025 18:43:55.024] [main/DEBUG] [quark-zeta/]: Registering to minecraft:item - quark:light_blue_shard
[02May2025 18:43:55.024] [main/DEBUG] [quark-zeta/]: Registering to minecraft:item - quark:blue_shard
[02May2025 18:43:55.024] [main/DEBUG] [quark-zeta/]: Registering to minecraft:item - quark:purple_shard
[02May2025 18:43:55.024] [main/DEBUG] [quark-zeta/]: Registering to minecraft:item - quark:magenta_shard
[02May2025 18:43:55.024] [main/DEBUG] [quark-zeta/]: Registering to minecraft:item - quark:pink_shard
[02May2025 18:43:55.024] [main/DEBUG] [quark-zeta/]: Registering to minecraft:item - quark:glow_shroom
[02May2025 18:43:55.024] [main/DEBUG] [quark-zeta/]: Registering to minecraft:item - quark:glow_shroom_block
[02May2025 18:43:55.024] [main/DEBUG] [quark-zeta/]: Registering to minecraft:item - quark:glow_shroom_stem
[02May2025 18:43:55.024] [main/DEBUG] [quark-zeta/]: Registering to minecraft:item - quark:glow_shroom_ring
[02May2025 18:43:55.024] [main/DEBUG] [quark-zeta/]: Registering to minecraft:item - quark:glow_lichen_growth
[02May2025 18:43:55.024] [main/DEBUG] [quark-zeta/]: Registering to minecraft:item - quark:gold_bars
[02May2025 18:43:55.024] [main/DEBUG] [quark-zeta/]: Registering to minecraft:item - quark:grate
[02May2025 18:43:55.024] [main/DEBUG] [quark-zeta/]: Registering to minecraft:item - quark:gravisand
[02May2025 18:43:55.024] [main/DEBUG] [quark-zeta/]: Registering to minecraft:item - quark:oak_hedge
[02May2025 18:43:55.024] [main/DEBUG] [quark-zeta/]: Registering to minecraft:item - quark:spruce_hedge
[02May2025 18:43:55.024] [main/DEBUG] [quark-zeta/]: Registering to minecraft:item - quark:birch_hedge
[02May2025 18:43:55.024] [main/DEBUG] [quark-zeta/]: Registering to minecraft:item - quark:jungle_hedge
[02May2025 18:43:55.025] [main/DEBUG] [quark-zeta/]: Registering to minecraft:item - quark:acacia_hedge
[02May2025 18:43:55.025] [main/DEBUG] [quark-zeta/]: Registering to minecraft:item - quark:dark_oak_hedge
[02May2025 18:43:55.025] [main/DEBUG] [quark-zeta/]: Registering to minecraft:item - quark:mangrove_hedge
[02May2025 18:43:55.025] [main/DEBUG] [quark-zeta/]: Registering to minecraft:item - quark:cherry_hedge
[02May2025 18:43:55.025] [main/DEBUG] [quark-zeta/]: Registering to minecraft:item - quark:azalea_hedge
[02May2025 18:43:55.025] [main/DEBUG] [quark-zeta/]: Registering to minecraft:item - quark:flowering_azalea_hedge
[02May2025 18:43:55.025] [main/DEBUG] [quark-zeta/]: Registering to minecraft:item - quark:hollow_oak_log
[02May2025 18:43:55.025] [main/DEBUG] [quark-zeta/]: Registering to minecraft:item - quark:hollow_spruce_log
[02May2025 18:43:55.025] [main/DEBUG] [quark-zeta/]: Registering to minecraft:item - quark:hollow_birch_log
[02May2025 18:43:55.025] [main/DEBUG] [quark-zeta/]: Registering to minecraft:item - quark:hollow_jungle_log
[02May2025 18:43:55.025] [main/DEBUG] [quark-zeta/]: Registering to minecraft:item - quark:hollow_acacia_log
[02May2025 18:43:55.025] [main/DEBUG] [quark-zeta/]: Registering to minecraft:item - quark:hollow_dark_oak_log
[02May2025 18:43:55.027] [main/DEBUG] [quark-zeta/]: Registering to minecraft:item - quark:hollow_crimson_stem
[02May2025 18:43:55.027] [main/DEBUG] [quark-zeta/]: Registering to minecraft:item - quark:hollow_warped_stem
[02May2025 18:43:55.028] [main/DEBUG] [quark-zeta/]: Registering to minecraft:item - quark:hollow_mangrove_log
[02May2025 18:43:55.028] [main/DEBUG] [quark-zeta/]: Registering to minecraft:item - quark:hollow_cherry_log
[02May2025 18:43:55.028] [main/DEBUG] [quark-zeta/]: Registering to minecraft:item - quark:iron_plate
[02May2025 18:43:55.028] [main/DEBUG] [quark-zeta/]: Registering to minecraft:item - quark:rusty_iron_plate
[02May2025 18:43:55.028] [main/DEBUG] [quark-zeta/]: Registering to minecraft:item - quark:iron_pillar
[02May2025 18:43:55.028] [main/DEBUG] [quark-zeta/]: Registering to minecraft:item - quark:iron_plate_slab
[02May2025 18:43:55.028] [main/DEBUG] [quark-zeta/]: Registering to minecraft:item - quark:iron_plate_stairs
[02May2025 18:43:55.028] [main/DEBUG] [quark-zeta/]: Registering to minecraft:item - quark:rusty_iron_plate_slab
[02May2025 18:43:55.028] [main/DEBUG] [quark-zeta/]: Registering to minecraft:item - quark:rusty_iron_plate_stairs
[02May2025 18:43:55.028] [main/DEBUG] [quark-zeta/]: Registering to minecraft:item - quark:iron_ladder
[02May2025 18:43:55.028] [main/DEBUG] [quark-zeta/]: Registering to minecraft:item - quark:iron_rod
[02May2025 18:43:55.028] [main/DEBUG] [quark-zeta/]: Registering to minecraft:item - quark:paper_lantern
[02May2025 18:43:55.028] [main/DEBUG] [quark-zeta/]: Registering to minecraft:item - quark:paper_lantern_sakura
[02May2025 18:43:55.028] [main/DEBUG] [quark-zeta/]: Registering to minecraft:item - quark:paper_wall
[02May2025 18:43:55.028] [main/DEBUG] [quark-zeta/]: Registering to minecraft:item - quark:paper_wall_big
[02May2025 18:43:55.028] [main/DEBUG] [quark-zeta/]: Registering to minecraft:item - quark:paper_wall_sakura
[02May2025 18:43:55.028] [main/DEBUG] [quark-zeta/]: Registering to minecraft:item - quark:bamboo_mat
[02May2025 18:43:55.028] [main/DEBUG] [quark-zeta/]: Registering to minecraft:item - quark:bamboo_mat_carpet
[02May2025 18:43:55.028] [main/DEBUG] [quark-zeta/]: Registering to minecraft:item - quark:oak_leaf_carpet
[02May2025 18:43:55.028] [main/DEBUG] [quark-zeta/]: Registering to minecraft:item - quark:spruce_leaf_carpet
[02May2025 18:43:55.028] [main/DEBUG] [quark-zeta/]: Registering to minecraft:item - quark:birch_leaf_carpet
[02May2025 18:43:55.028] [main/DEBUG] [quark-zeta/]: Registering to minecraft:item - quark:jungle_leaf_carpet
[02May2025 18:43:55.028] [main/DEBUG] [quark-zeta/]: Registering to minecraft:item - quark:acacia_leaf_carpet
[02May2025 18:43:55.028] [main/DEBUG] [quark-zeta/]: Registering to minecraft:item - quark:dark_oak_leaf_carpet
[02May2025 18:43:55.028] [main/DEBUG] [quark-zeta/]: Registering to minecraft:item - quark:mangrove_leaf_carpet
[02May2025 18:43:55.028] [main/DEBUG] [quark-zeta/]: Registering to minecraft:item - quark:cherry_leaf_carpet
[02May2025 18:43:55.029] [main/DEBUG] [quark-zeta/]: Registering to minecraft:item - quark:azalea_leaf_carpet
[02May2025 18:43:55.029] [main/DEBUG] [quark-zeta/]: Registering to minecraft:item - quark:flowering_azalea_leaf_carpet
[02May2025 18:43:55.030] [main/DEBUG] [quark-zeta/]: Registering to minecraft:item - quark:magnet
[02May2025 18:43:55.030] [main/DEBUG] [quark-zeta/]: Registering to minecraft:item - quark:magnetized_block
[02May2025 18:43:55.031] [main/DEBUG] [quark-zeta/]: Registering to minecraft:item - quark:matrix_enchanter
[02May2025 18:43:55.031] [main/DEBUG] [quark-zeta/]: Registering to minecraft:item - quark:iron_button
[02May2025 18:43:55.031] [main/DEBUG] [quark-zeta/]: Registering to minecraft:item - quark:gold_button
[02May2025 18:43:55.031] [main/DEBUG] [quark-zeta/]: Registering to minecraft:item - quark:moss_paste
[02May2025 18:43:55.031] [main/DEBUG] [quark-zeta/]: Registering to minecraft:item - quark:midori_block
[02May2025 18:43:55.031] [main/DEBUG] [quark-zeta/]: Registering to minecraft:item - quark:midori_pillar
[02May2025 18:43:55.031] [main/DEBUG] [quark-zeta/]: Registering to minecraft:item - quark:midori_block_slab
[02May2025 18:43:55.031] [main/DEBUG] [quark-zeta/]: Registering to minecraft:item - quark:midori_block_stairs
[02May2025 18:43:55.031] [main/DEBUG] [quark-zeta/]: Registering to minecraft:item - quark:monster_box
[02May2025 18:43:55.032] [main/DEBUG] [quark-zeta/]: Registering to minecraft:item - quark:blue_nether_bricks
[02May2025 18:43:55.032] [main/DEBUG] [quark-zeta/]: Registering to minecraft:item - quark:blue_nether_bricks_wall
[02May2025 18:43:55.032] [main/DEBUG] [quark-zeta/]: Registering to minecraft:item - quark:blue_nether_bricks_slab
[02May2025 18:43:55.032] [main/DEBUG] [quark-zeta/]: Registering to minecraft:item - quark:blue_nether_bricks_stairs
[02May2025 18:43:55.032] [main/DEBUG] [quark-zeta/]: Registering to minecraft:item - quark:sandstone_bricks
[02May2025 18:43:55.033] [main/DEBUG] [quark-zeta/]: Registering to minecraft:item - quark:sandstone_bricks_wall
[02May2025 18:43:55.033] [main/DEBUG] [quark-zeta/]: Registering to minecraft:item - quark:sandstone_bricks_slab
[02May2025 18:43:55.034] [main/DEBUG] [quark-zeta/]: Registering to minecraft:item - quark:sandstone_bricks_stairs
[02May2025 18:43:55.034] [main/DEBUG] [quark-zeta/]: Registering to minecraft:item - quark:red_sandstone_bricks
[02May2025 18:43:55.034] [main/DEBUG] [quark-zeta/]: Registering to minecraft:item - quark:red_sandstone_bricks_wall
[02May2025 18:43:55.034] [main/DEBUG] [quark-zeta/]: Registering to minecraft:item - quark:red_sandstone_bricks_slab
[02May2025 18:43:55.034] [main/DEBUG] [quark-zeta/]: Registering to minecraft:item - quark:red_sandstone_bricks_stairs
[02May2025 18:43:55.034] [main/DEBUG] [quark-zeta/]: Registering to minecraft:item - quark:soul_sandstone_bricks
[02May2025 18:43:55.034] [main/DEBUG] [quark-zeta/]: Registering to minecraft:item - quark:soul_sandstone_bricks_wall
[02May2025 18:43:55.034] [main/DEBUG] [quark-zeta/]: Registering to minecraft:item - quark:soul_sandstone_bricks_slab
[02May2025 18:43:55.034] [main/DEBUG] [quark-zeta/]: Registering to minecraft:item - quark:soul_sandstone_bricks_stairs
[02May2025 18:43:55.034] [main/DEBUG] [quark-zeta/]: Registering to minecraft:item - quark:cobblestone_bricks
[02May2025 18:43:55.034] [main/DEBUG] [quark-zeta/]: Registering to minecraft:item - quark:cobblestone_bricks_wall
[02May2025 18:43:55.034] [main/DEBUG] [quark-zeta/]: Registering to minecraft:item - quark:cobblestone_bricks_slab
[02May2025 18:43:55.034] [main/DEBUG] [quark-zeta/]: Registering to minecraft:item - quark:cobblestone_bricks_stairs
[02May2025 18:43:55.034] [main/DEBUG] [quark-zeta/]: Registering to minecraft:item - quark:mossy_cobblestone_bricks
[02May2025 18:43:55.034] [main/DEBUG] [quark-zeta/]: Registering to minecraft:item - quark:mossy_cobblestone_bricks_wall
[02May2025 18:43:55.034] [main/DEBUG] [quark-zeta/]: Registering to minecraft:item - quark:mossy_cobblestone_bricks_slab
[02May2025 18:43:55.034] [main/DEBUG] [quark-zeta/]: Registering to minecraft:item - quark:mossy_cobblestone_bricks_stairs
[02May2025 18:43:55.035] [main/DEBUG] [quark-zeta/]: Registering to minecraft:item - quark:blackstone_bricks
[02May2025 18:43:55.035] [main/DEBUG] [quark-zeta/]: Registering to minecraft:item - quark:blackstone_bricks_wall
[02May2025 18:43:55.035] [main/DEBUG] [quark-zeta/]: Registering to minecraft:item - quark:blackstone_bricks_slab
[02May2025 18:43:55.035] [main/DEBUG] [quark-zeta/]: Registering to minecraft:item - quark:blackstone_bricks_stairs
[02May2025 18:43:55.035] [main/DEBUG] [quark-zeta/]: Registering to minecraft:item - quark:dirt_bricks
[02May2025 18:43:55.035] [main/DEBUG] [quark-zeta/]: Registering to minecraft:item - quark:dirt_bricks_wall
[02May2025 18:43:55.035] [main/DEBUG] [quark-zeta/]: Registering to minecraft:item - quark:dirt_bricks_slab
[02May2025 18:43:55.035] [main/DEBUG] [quark-zeta/]: Registering to minecraft:item - quark:dirt_bricks_stairs
[02May2025 18:43:55.037] [main/DEBUG] [quark-zeta/]: Registering to minecraft:item - quark:netherrack_bricks
[02May2025 18:43:55.037] [main/DEBUG] [quark-zeta/]: Registering to minecraft:item - quark:netherrack_bricks_wall
[02May2025 18:43:55.038] [main/DEBUG] [quark-zeta/]: Registering to minecraft:item - quark:netherrack_bricks_slab
[02May2025 18:43:55.038] [main/DEBUG] [quark-zeta/]: Registering to minecraft:item - quark:netherrack_bricks_stairs
[02May2025 18:43:55.038] [main/DEBUG] [quark-zeta/]: Registering to minecraft:item - quark:carved_mud_bricks
[02May2025 18:43:55.038] [main/DEBUG] [quark-zeta/]: Registering to minecraft:item - quark:mud_pillar
[02May2025 18:43:55.038] [main/DEBUG] [quark-zeta/]: Registering to minecraft:item - quark:mud_brick_lattice
[02May2025 18:43:55.038] [main/DEBUG] [quark-zeta/]: Registering to minecraft:item - quark:nether_brick_fence_gate
[02May2025 18:43:55.039] [main/DEBUG] [quark-zeta/]: Registering to minecraft:item - quark:limestone
[02May2025 18:43:55.039] [main/DEBUG] [quark-zeta/]: Registering to minecraft:item - quark:polished_limestone
[02May2025 18:43:55.039] [main/DEBUG] [quark-zeta/]: Registering to minecraft:item - quark:limestone_wall
[02May2025 18:43:55.039] [main/DEBUG] [quark-zeta/]: Registering to minecraft:item - quark:limestone_slab
[02May2025 18:43:55.039] [main/DEBUG] [quark-zeta/]: Registering to minecraft:item - quark:limestone_stairs
[02May2025 18:43:55.039] [main/DEBUG] [quark-zeta/]: Registering to minecraft:item - quark:polished_limestone_slab
[02May2025 18:43:55.039] [main/DEBUG] [quark-zeta/]: Registering to minecraft:item - quark:polished_limestone_stairs
[02May2025 18:43:55.039] [main/DEBUG] [quark-zeta/]: Registering to minecraft:item - quark:jasper
[02May2025 18:43:55.039] [main/DEBUG] [quark-zeta/]: Registering to minecraft:item - quark:polished_jasper
[02May2025 18:43:55.040] [main/DEBUG] [quark-zeta/]: Registering to minecraft:item - quark:jasper_wall
[02May2025 18:43:55.040] [main/DEBUG] [quark-zeta/]: Registering to minecraft:item - quark:jasper_slab
[02May2025 18:43:55.040] [main/DEBUG] [quark-zeta/]: Registering to minecraft:item - quark:jasper_stairs
[02May2025 18:43:55.040] [main/DEBUG] [quark-zeta/]: Registering to minecraft:item - quark:polished_jasper_slab
[02May2025 18:43:55.040] [main/DEBUG] [quark-zeta/]: Registering to minecraft:item - quark:polished_jasper_stairs
[02May2025 18:43:55.040] [main/DEBUG] [quark-zeta/]: Registering to minecraft:item - quark:shale
[02May2025 18:43:55.040] [main/DEBUG] [quark-zeta/]: Registering to minecraft:item - quark:polished_shale
[02May2025 18:43:55.040] [main/DEBUG] [quark-zeta/]: Registering to minecraft:item - quark:shale_wall
[02May2025 18:43:55.040] [main/DEBUG] [quark-zeta/]: Registering to minecraft:item - quark:shale_slab
[02May2025 18:43:55.040] [main/DEBUG] [quark-zeta/]: Registering to minecraft:item - quark:shale_stairs
[02May2025 18:43:55.040] [main/DEBUG] [quark-zeta/]: Registering to minecraft:item - quark:polished_shale_slab
[02May2025 18:43:55.040] [main/DEBUG] [quark-zeta/]: Registering to minecraft:item - quark:polished_shale_stairs
[02May2025 18:43:55.041] [main/DEBUG] [quark-zeta/]: Registering to minecraft:item - quark:myalite
[02May2025 18:43:55.041] [main/DEBUG] [quark-zeta/]: Registering to minecraft:item - quark:polished_myalite
[02May2025 18:43:55.041] [main/DEBUG] [quark-zeta/]: Registering to minecraft:item - quark:myalite_wall
[02May2025 18:43:55.041] [main/DEBUG] [quark-zeta/]: Registering to minecraft:item - quark:myalite_slab
[02May2025 18:43:55.041] [main/DEBUG] [quark-zeta/]: Registering to minecraft:item - quark:myalite_stairs
[02May2025 18:43:55.041] [main/DEBUG] [quark-zeta/]: Registering to minecraft:item - quark:polished_myalite_slab
[02May2025 18:43:55.041] [main/DEBUG] [quark-zeta/]: Registering to minecraft:item - quark:polished_myalite_stairs
[02May2025 18:43:55.041] [main/DEBUG] [quark-zeta/]: Registering to minecraft:item - quark:obsidian_pressure_plate
[02May2025 18:43:55.041] [main/DEBUG] [quark-zeta/]: Registering to minecraft:item - quark:egg_parrot_red_blue
[02May2025 18:43:55.041] [main/DEBUG] [quark-zeta/]: Registering to minecraft:item - quark:egg_parrot_blue
[02May2025 18:43:55.041] [main/DEBUG] [quark-zeta/]: Registering to minecraft:item - quark:egg_parrot_green
[02May2025 18:43:55.042] [main/DEBUG] [quark-zeta/]: Registering to minecraft:item - quark:egg_parrot_yellow_blue
[02May2025 18:43:55.042] [main/DEBUG] [quark-zeta/]: Registering to minecraft:item - quark:egg_parrot_gray
[02May2025 18:43:55.042] [main/DEBUG] [quark-zeta/]: Registering to minecraft:item - quark:pathfinders_quill
[02May2025 18:43:55.042] [main/DEBUG] [quark-zeta/]: Registering to minecraft:item - quark:permafrost
[02May2025 18:43:55.042] [main/DEBUG] [quark-zeta/]: Registering to minecraft:item - quark:permafrost_wall
[02May2025 18:43:55.042] [main/DEBUG] [quark-zeta/]: Registering to minecraft:item - quark:permafrost_slab
[02May2025 18:43:55.043] [main/DEBUG] [quark-zeta/]: Registering to minecraft:item - quark:permafrost_stairs
[02May2025 18:43:55.043] [main/DEBUG] [quark-zeta/]: Registering to minecraft:item - quark:permafrost_bricks
[02May2025 18:43:55.043] [main/DEBUG] [quark-zeta/]: Registering to minecraft:item - quark:permafrost_bricks_wall
[02May2025 18:43:55.043] [main/DEBUG] [quark-zeta/]: Registering to minecraft:item - quark:permafrost_bricks_slab
[02May2025 18:43:55.043] [main/DEBUG] [quark-zeta/]: Registering to minecraft:item - quark:permafrost_bricks_stairs
[02May2025 18:43:55.044] [main/DEBUG] [quark-zeta/]: Registering to minecraft:item - quark:pickarang
[02May2025 18:43:55.044] [main/DEBUG] [quark-zeta/]: Registering to minecraft:item - quark:flamerang
[02May2025 18:43:55.044] [main/DEBUG] [quark-zeta/]: Registering to minecraft:item - quark:pipe
[02May2025 18:43:55.044] [main/DEBUG] [quark-zeta/]: Registering to minecraft:item - quark:encased_pipe
[02May2025 18:43:55.044] [main/DEBUG] [quark-zeta/]: Registering to minecraft:item - quark:red_crystal_lamp
[02May2025 18:43:55.044] [main/DEBUG] [quark-zeta/]: Registering to minecraft:item - quark:orange_crystal_lamp
[02May2025 18:43:55.044] [main/DEBUG] [quark-zeta/]: Registering to minecraft:item - quark:yellow_crystal_lamp
[02May2025 18:43:55.044] [main/DEBUG] [quark-zeta/]: Registering to minecraft:item - quark:green_crystal_lamp
[02May2025 18:43:55.044] [main/DEBUG] [quark-zeta/]: Registering to minecraft:item - quark:blue_crystal_lamp
[02May2025 18:43:55.045] [main/DEBUG] [quark-zeta/]: Registering to minecraft:item - quark:indigo_crystal_lamp
[02May2025 18:43:55.045] [main/DEBUG] [quark-zeta/]: Registering to minecraft:item - quark:violet_crystal_lamp
[02May2025 18:43:55.045] [main/DEBUG] [quark-zeta/]: Registering to minecraft:item - quark:white_crystal_lamp
[02May2025 18:43:55.045] [main/DEBUG] [quark-zeta/]: Registering to minecraft:item - quark:black_crystal_lamp
[02May2025 18:43:55.045] [main/DEBUG] [quark-zeta/]: Registering to minecraft:item - quark:raw_iron_bricks
[02May2025 18:43:55.046] [main/DEBUG] [quark-zeta/]: Registering to minecraft:item - quark:raw_gold_bricks
[02May2025 18:43:55.046] [main/DEBUG] [quark-zeta/]: Registering to minecraft:item - quark:raw_copper_bricks
[02May2025 18:43:55.046] [main/DEBUG] [quark-zeta/]: Registering to minecraft:item - quark:raw_iron_bricks_wall
[02May2025 18:43:55.047] [main/DEBUG] [quark-zeta/]: Registering to minecraft:item - quark:raw_iron_bricks_slab
[02May2025 18:43:55.047] [main/DEBUG] [quark-zeta/]: Registering to minecraft:item - quark:raw_iron_bricks_stairs
[02May2025 18:43:55.047] [main/DEBUG] [quark-zeta/]: Registering to minecraft:item - quark:raw_gold_bricks_wall
[02May2025 18:43:55.047] [main/DEBUG] [quark-zeta/]: Registering to minecraft:item - quark:raw_gold_bricks_slab
[02May2025 18:43:55.047] [main/DEBUG] [quark-zeta/]: Registering to minecraft:item - quark:raw_gold_bricks_stairs
[02May2025 18:43:55.047] [main/DEBUG] [quark-zeta/]: Registering to minecraft:item - quark:raw_copper_bricks_wall
[02May2025 18:43:55.047] [main/DEBUG] [quark-zeta/]: Registering to minecraft:item - quark:raw_copper_bricks_slab
[02May2025 18:43:55.047] [main/DEBUG] [quark-zeta/]: Registering to minecraft:item - quark:raw_copper_bricks_stairs
[02May2025 18:43:55.047] [main/DEBUG] [quark-zeta/]: Registering to minecraft:item - quark:redstone_randomizer
[02May2025 18:43:55.048] [main/DEBUG] [quark-zeta/]: Registering to minecraft:item - quark:rope
[02May2025 18:43:55.048] [main/DEBUG] [quark-zeta/]: Registering to minecraft:item - quark:seed_pouch
[02May2025 18:43:55.048] [main/DEBUG] [quark-zeta/]: Registering to minecraft:item - quark:cut_vine
[02May2025 18:43:55.048] [main/DEBUG] [quark-zeta/]: Registering to minecraft:item - quark:shiba_spawn_egg
[02May2025 18:43:55.048] [main/DEBUG] [quark-zeta/]: Registering to minecraft:item - quark:shingles
[02May2025 18:43:55.048] [main/DEBUG] [quark-zeta/]: Registering to minecraft:item - quark:shingles_slab
[02May2025 18:43:55.048] [main/DEBUG] [quark-zeta/]: Registering to minecraft:item - quark:shingles_stairs
[02May2025 18:43:55.048] [main/DEBUG] [quark-zeta/]: Registering to minecraft:item - quark:white_shingles
[02May2025 18:43:55.048] [main/DEBUG] [quark-zeta/]: Registering to minecraft:item - quark:white_shingles_slab
[02May2025 18:43:55.048] [main/DEBUG] [quark-zeta/]: Registering to minecraft:item - quark:white_shingles_stairs
[02May2025 18:43:55.048] [main/DEBUG] [quark-zeta/]: Registering to minecraft:item - quark:orange_shingles
[02May2025 18:43:55.048] [main/DEBUG] [quark-zeta/]: Registering to minecraft:item - quark:orange_shingles_slab
[02May2025 18:43:55.048] [main/DEBUG] [quark-zeta/]: Registering to minecraft:item - quark:orange_shingles_stairs
[02May2025 18:43:55.048] [main/DEBUG] [quark-zeta/]: Registering to minecraft:item - quark:magenta_shingles
[02May2025 18:43:55.049] [main/DEBUG] [quark-zeta/]: Registering to minecraft:item - quark:magenta_shingles_slab
[02May2025 18:43:55.049] [main/DEBUG] [quark-zeta/]: Registering to minecraft:item - quark:magenta_shingles_stairs
[02May2025 18:43:55.049] [main/DEBUG] [quark-zeta/]: Registering to minecraft:item - quark:light_blue_shingles
[02May2025 18:43:55.049] [main/DEBUG] [quark-zeta/]: Registering to minecraft:item - quark:light_blue_shingles_slab
[02May2025 18:43:55.049] [main/DEBUG] [quark-zeta/]: Registering to minecraft:item - quark:light_blue_shingles_stairs
[02May2025 18:43:55.049] [main/DEBUG] [quark-zeta/]: Registering to minecraft:item - quark:yellow_shingles
[02May2025 18:43:55.049] [main/DEBUG] [quark-zeta/]: Registering to minecraft:item - quark:yellow_shingles_slab
[02May2025 18:43:55.049] [main/DEBUG] [quark-zeta/]: Registering to minecraft:item - quark:yellow_shingles_stairs
[02May2025 18:43:55.049] [main/DEBUG] [quark-zeta/]: Registering to minecraft:item - quark:lime_shingles
[02May2025 18:43:55.050] [main/DEBUG] [quark-zeta/]: Registering to minecraft:item - quark:lime_shingles_slab
[02May2025 18:43:55.050] [main/DEBUG] [quark-zeta/]: Registering to minecraft:item - quark:lime_shingles_stairs
[02May2025 18:43:55.050] [main/DEBUG] [quark-zeta/]: Registering to minecraft:item - quark:pink_shingles
[02May2025 18:43:55.050] [main/DEBUG] [quark-zeta/]: Registering to minecraft:item - quark:pink_shingles_slab
[02May2025 18:43:55.050] [main/DEBUG] [quark-zeta/]: Registering to minecraft:item - quark:pink_shingles_stairs
[02May2025 18:43:55.050] [main/DEBUG] [quark-zeta/]: Registering to minecraft:item - quark:gray_shingles
[02May2025 18:43:55.050] [main/DEBUG] [quark-zeta/]: Registering to minecraft:item - quark:gray_shingles_slab
[02May2025 18:43:55.050] [main/DEBUG] [quark-zeta/]: Registering to minecraft:item - quark:gray_shingles_stairs
[02May2025 18:43:55.050] [main/DEBUG] [quark-zeta/]: Registering to minecraft:item - quark:light_gray_shingles
[02May2025 18:43:55.050] [main/DEBUG] [quark-zeta/]: Registering to minecraft:item - quark:light_gray_shingles_slab
[02May2025 18:43:55.050] [main/DEBUG] [quark-zeta/]: Registering to minecraft:item - quark:light_gray_shingles_stairs
[02May2025 18:43:55.050] [main/DEBUG] [quark-zeta/]: Registering to minecraft:item - quark:cyan_shingles
[02May2025 18:43:55.050] [main/DEBUG] [quark-zeta/]: Registering to minecraft:item - quark:cyan_shingles_slab
[02May2025 18:43:55.050] [main/DEBUG] [quark-zeta/]: Registering to minecraft:item - quark:cyan_shingles_stairs
[02May2025 18:43:55.051] [main/DEBUG] [quark-zeta/]: Registering to minecraft:item - quark:purple_shingles
[02May2025 18:43:55.051] [main/DEBUG] [quark-zeta/]: Registering to minecraft:item - quark:purple_shingles_slab
[02May2025 18:43:55.052] [main/DEBUG] [quark-zeta/]: Registering to minecraft:item - quark:purple_shingles_stairs
[02May2025 18:43:55.052] [main/DEBUG] [quark-zeta/]: Registering to minecraft:item - quark:blue_shingles
[02May2025 18:43:55.053] [main/DEBUG] [quark-zeta/]: Registering to minecraft:item - quark:blue_shingles_slab
[02May2025 18:43:55.053] [main/DEBUG] [quark-zeta/]: Registering to minecraft:item - quark:blue_shingles_stairs
[02May2025 18:43:55.053] [main/DEBUG] [quark-zeta/]: Registering to minecraft:item - quark:brown_shingles
[02May2025 18:43:55.053] [main/DEBUG] [quark-zeta/]: Registering to minecraft:item - quark:brown_shingles_slab
[02May2025 18:43:55.053] [main/DEBUG] [quark-zeta/]: Registering to minecraft:item - quark:brown_shingles_stairs
[02May2025 18:43:55.053] [main/DEBUG] [quark-zeta/]: Registering to minecraft:item - quark:green_shingles
[02May2025 18:43:55.053] [main/DEBUG] [quark-zeta/]: Registering to minecraft:item - quark:green_shingles_slab
[02May2025 18:43:55.053] [main/DEBUG] [quark-zeta/]: Registering to minecraft:item - quark:green_shingles_stairs
[02May2025 18:43:55.053] [main/DEBUG] [quark-zeta/]: Registering to minecraft:item - quark:red_shingles
[02May2025 18:43:55.053] [main/DEBUG] [quark-zeta/]: Registering to minecraft:item - quark:red_shingles_slab
[02May2025 18:43:55.053] [main/DEBUG] [quark-zeta/]: Registering to minecraft:item - quark:red_shingles_stairs
[02May2025 18:43:55.054] [main/DEBUG] [quark-zeta/]: Registering to minecraft:item - quark:black_shingles
[02May2025 18:43:55.054] [main/DEBUG] [quark-zeta/]: Registering to minecraft:item - quark:black_shingles_slab
[02May2025 18:43:55.054] [main/DEBUG] [quark-zeta/]: Registering to minecraft:item - quark:black_shingles_stairs
[02May2025 18:43:55.054] [main/DEBUG] [quark-zeta/]: Registering to minecraft:item - quark:slime_in_a_bucket
[02May2025 18:43:55.054] [main/DEBUG] [quark-zeta/]: Registering to minecraft:item - quark:soul_sandstone
[02May2025 18:43:55.054] [main/DEBUG] [quark-zeta/]: Registering to minecraft:item - quark:soul_sandstone_wall
[02May2025 18:43:55.054] [main/DEBUG] [quark-zeta/]: Registering to minecraft:item - quark:soul_sandstone_slab
[02May2025 18:43:55.055] [main/DEBUG] [quark-zeta/]: Registering to minecraft:item - quark:soul_sandstone_stairs
[02May2025 18:43:55.056] [main/DEBUG] [quark-zeta/]: Registering to minecraft:item - quark:chiseled_soul_sandstone
[02May2025 18:43:55.056] [main/DEBUG] [quark-zeta/]: Registering to minecraft:item - quark:cut_soul_sandstone
[02May2025 18:43:55.056] [main/DEBUG] [quark-zeta/]: Registering to minecraft:item - quark:cut_soul_sandstone_slab
[02May2025 18:43:55.056] [main/DEBUG] [quark-zeta/]: Registering to minecraft:item - quark:smooth_soul_sandstone
[02May2025 18:43:55.056] [main/DEBUG] [quark-zeta/]: Registering to minecraft:item - quark:smooth_soul_sandstone_slab
[02May2025 18:43:55.057] [main/DEBUG] [quark-zeta/]: Registering to minecraft:item - quark:smooth_soul_sandstone_stairs
[02May2025 18:43:55.058] [main/DEBUG] [quark-zeta/]: Registering to minecraft:item - quark:dusky_myalite
[02May2025 18:43:55.058] [main/DEBUG] [quark-zeta/]: Registering to minecraft:item - quark:myalite_crystal
[02May2025 18:43:55.058] [main/DEBUG] [quark-zeta/]: Registering to minecraft:item - quark:diamond_heart
[02May2025 18:43:55.058] [main/DEBUG] [quark-zeta/]: Registering to minecraft:item - quark:stoneling_spawn_egg
[02May2025 18:43:55.059] [main/DEBUG] [quark-zeta/]: Registering to minecraft:item - quark:white_stool
[02May2025 18:43:55.060] [main/DEBUG] [quark-zeta/]: Registering to minecraft:item - quark:light_gray_stool
[02May2025 18:43:55.060] [main/DEBUG] [quark-zeta/]: Registering to minecraft:item - quark:gray_stool
[02May2025 18:43:55.061] [main/DEBUG] [quark-zeta/]: Registering to minecraft:item - quark:black_stool
[02May2025 18:43:55.061] [main/DEBUG] [quark-zeta/]: Registering to minecraft:item - quark:brown_stool
[02May2025 18:43:55.061] [main/DEBUG] [quark-zeta/]: Registering to minecraft:item - quark:red_stool
[02May2025 18:43:55.061] [main/DEBUG] [quark-zeta/]: Registering to minecraft:item - quark:orange_stool
[02May2025 18:43:55.061] [main/DEBUG] [quark-zeta/]: Registering to minecraft:item - quark:yellow_stool
[02May2025 18:43:55.061] [main/DEBUG] [quark-zeta/]: Registering to minecraft:item - quark:lime_stool
[02May2025 18:43:55.061] [main/DEBUG] [quark-zeta/]: Registering to minecraft:item - quark:green_stool
[02May2025 18:43:55.061] [main/DEBUG] [quark-zeta/]: Registering to minecraft:item - quark:cyan_stool
[02May2025 18:43:55.061] [main/DEBUG] [quark-zeta/]: Registering to minecraft:item - quark:light_blue_stool
[02May2025 18:43:55.061] [main/DEBUG] [quark-zeta/]: Registering to minecraft:item - quark:blue_stool
[02May2025 18:43:55.061] [main/DEBUG] [quark-zeta/]: Registering to minecraft:item - quark:purple_stool
[02May2025 18:43:55.061] [main/DEBUG] [quark-zeta/]: Registering to minecraft:item - quark:magenta_stool
[02May2025 18:43:55.061] [main/DEBUG] [quark-zeta/]: Registering to minecraft:item - quark:pink_stool
[02May2025 18:43:55.061] [main/DEBUG] [quark-zeta/]: Registering to minecraft:item - quark:sturdy_stone
[02May2025 18:43:55.061] [main/DEBUG] [quark-zeta/]: Registering to minecraft:item - quark:thatch
[02May2025 18:43:55.061] [main/DEBUG] [quark-zeta/]: Registering to minecraft:item - quark:thatch_slab
[02May2025 18:43:55.061] [main/DEBUG] [quark-zeta/]: Registering to minecraft:item - quark:thatch_stairs
[02May2025 18:43:55.062] [main/DEBUG] [quark-zeta/]: Registering to minecraft:item - quark:tiny_potato
[02May2025 18:43:55.062] [main/DEBUG] [quark-zeta/]: Registering to minecraft:item - quark:torch_arrow
[02May2025 18:43:55.062] [main/DEBUG] [quark-zeta/]: Registering to minecraft:item - quark:toretoise_spawn_egg
[02May2025 18:43:55.062] [main/DEBUG] [quark-zeta/]: Registering to minecraft:item - quark:trowel
[02May2025 18:43:55.062] [main/DEBUG] [quark-zeta/]: Registering to minecraft:item - quark:spruce_bookshelf
[02May2025 18:43:55.062] [main/DEBUG] [quark-zeta/]: Registering to minecraft:item - quark:birch_bookshelf
[02May2025 18:43:55.062] [main/DEBUG] [quark-zeta/]: Registering to minecraft:item - quark:jungle_bookshelf
[02May2025 18:43:55.062] [main/DEBUG] [quark-zeta/]: Registering to minecraft:item - quark:acacia_bookshelf
[02May2025 18:43:55.062] [main/DEBUG] [quark-zeta/]: Registering to minecraft:item - quark:dark_oak_bookshelf
[02May2025 18:43:55.062] [main/DEBUG] [quark-zeta/]: Registering to minecraft:item - quark:crimson_bookshelf
[02May2025 18:43:55.062] [main/DEBUG] [quark-zeta/]: Registering to minecraft:item - quark:warped_bookshelf
[02May2025 18:43:55.062] [main/DEBUG] [quark-zeta/]: Registering to minecraft:item - quark:mangrove_bookshelf
[02May2025 18:43:55.063] [main/DEBUG] [quark-zeta/]: Registering to minecraft:item - quark:bamboo_bookshelf
[02May2025 18:43:55.063] [main/DEBUG] [quark-zeta/]: Registering to minecraft:item - quark:cherry_bookshelf
[02May2025 18:43:55.063] [main/DEBUG] [quark-zeta/]: Registering to minecraft:item - quark:oak_chest
[02May2025 18:43:55.063] [main/DEBUG] [quark-zeta/]: Registering to minecraft:item - quark:oak_trapped_chest
[02May2025 18:43:55.063] [main/DEBUG] [quark-zeta/]: Registering to minecraft:item - quark:spruce_chest
[02May2025 18:43:55.063] [main/DEBUG] [quark-zeta/]: Registering to minecraft:item - quark:spruce_trapped_chest
[02May2025 18:43:55.063] [main/DEBUG] [quark-zeta/]: Registering to minecraft:item - quark:birch_chest
[02May2025 18:43:55.063] [main/DEBUG] [quark-zeta/]: Registering to minecraft:item - quark:birch_trapped_chest
[02May2025 18:43:55.063] [main/DEBUG] [quark-zeta/]: Registering to minecraft:item - quark:jungle_chest
[02May2025 18:43:55.065] [main/DEBUG] [quark-zeta/]: Registering to minecraft:item - quark:jungle_trapped_chest
[02May2025 18:43:55.065] [main/DEBUG] [quark-zeta/]: Registering to minecraft:item - quark:acacia_chest
[02May2025 18:43:55.065] [main/DEBUG] [quark-zeta/]: Registering to minecraft:item - quark:acacia_trapped_chest
[02May2025 18:43:55.065] [main/DEBUG] [quark-zeta/]: Registering to minecraft:item - quark:dark_oak_chest
[02May2025 18:43:55.065] [main/DEBUG] [quark-zeta/]: Registering to minecraft:item - quark:dark_oak_trapped_chest
[02May2025 18:43:55.065] [main/DEBUG] [quark-zeta/]: Registering to minecraft:item - quark:crimson_chest
[02May2025 18:43:55.065] [main/DEBUG] [quark-zeta/]: Registering to minecraft:item - quark:crimson_trapped_chest
[02May2025 18:43:55.065] [main/DEBUG] [quark-zeta/]: Registering to minecraft:item - quark:warped_chest
[02May2025 18:43:55.066] [main/DEBUG] [quark-zeta/]: Registering to minecraft:item - quark:warped_trapped_chest
[02May2025 18:43:55.066] [main/DEBUG] [quark-zeta/]: Registering to minecraft:item - quark:mangrove_chest
[02May2025 18:43:55.066] [main/DEBUG] [quark-zeta/]: Registering to minecraft:item - quark:mangrove_trapped_chest
[02May2025 18:43:55.066] [main/DEBUG] [quark-zeta/]: Registering to minecraft:item - quark:bamboo_chest
[02May2025 18:43:55.066] [main/DEBUG] [quark-zeta/]: Registering to minecraft:item - quark:bamboo_trapped_chest
[02May2025 18:43:55.066] [main/DEBUG] [quark-zeta/]: Registering to minecraft:item - quark:cherry_chest
[02May2025 18:43:55.066] [main/DEBUG] [quark-zeta/]: Registering to minecraft:item - quark:cherry_trapped_chest
[02May2025 18:43:55.066] [main/DEBUG] [quark-zeta/]: Registering to minecraft:item - quark:nether_brick_chest
[02May2025 18:43:55.066] [main/DEBUG] [quark-zeta/]: Registering to minecraft:item - quark:nether_brick_trapped_chest
[02May2025 18:43:55.066] [main/DEBUG] [quark-zeta/]: Registering to minecraft:item - quark:purpur_chest
[02May2025 18:43:55.066] [main/DEBUG] [quark-zeta/]: Registering to minecraft:item - quark:purpur_trapped_chest
[02May2025 18:43:55.066] [main/DEBUG] [quark-zeta/]: Registering to minecraft:item - quark:prismarine_chest
[02May2025 18:43:55.067] [main/DEBUG] [quark-zeta/]: Registering to minecraft:item - quark:prismarine_trapped_chest
[02May2025 18:43:55.067] [main/DEBUG] [quark-zeta/]: Registering to minecraft:item - quark:deepslate_furnace
[02May2025 18:43:55.067] [main/DEBUG] [quark-zeta/]: Registering to minecraft:item - quark:blackstone_furnace
[02May2025 18:43:55.067] [main/DEBUG] [quark-zeta/]: Registering to minecraft:item - quark:spruce_ladder
[02May2025 18:43:55.067] [main/DEBUG] [quark-zeta/]: Registering to minecraft:item - quark:birch_ladder
[02May2025 18:43:55.067] [main/DEBUG] [quark-zeta/]: Registering to minecraft:item - quark:jungle_ladder
[02May2025 18:43:55.067] [main/DEBUG] [quark-zeta/]: Registering to minecraft:item - quark:acacia_ladder
[02May2025 18:43:55.067] [main/DEBUG] [quark-zeta/]: Registering to minecraft:item - quark:dark_oak_ladder
[02May2025 18:43:55.067] [main/DEBUG] [quark-zeta/]: Registering to minecraft:item - quark:crimson_ladder
[02May2025 18:43:55.067] [main/DEBUG] [quark-zeta/]: Registering to minecraft:item - quark:warped_ladder
[02May2025 18:43:55.067] [main/DEBUG] [quark-zeta/]: Registering to minecraft:item - quark:mangrove_ladder
[02May2025 18:43:55.067] [main/DEBUG] [quark-zeta/]: Registering to minecraft:item - quark:bamboo_ladder
[02May2025 18:43:55.067] [main/DEBUG] [quark-zeta/]: Registering to minecraft:item - quark:cherry_ladder
[02May2025 18:43:55.067] [main/DEBUG] [quark-zeta/]: Registering to minecraft:item - quark:hammer
[02May2025 18:43:55.067] [main/DEBUG] [quark-zeta/]: Registering to minecraft:item - quark:vertical_oak_planks
[02May2025 18:43:55.068] [main/DEBUG] [quark-zeta/]: Registering to minecraft:item - quark:vertical_spruce_planks
[02May2025 18:43:55.068] [main/DEBUG] [quark-zeta/]: Registering to minecraft:item - quark:vertical_birch_planks
[02May2025 18:43:55.068] [main/DEBUG] [quark-zeta/]: Registering to minecraft:item - quark:vertical_jungle_planks
[02May2025 18:43:55.068] [main/DEBUG] [quark-zeta/]: Registering to minecraft:item - quark:vertical_acacia_planks
[02May2025 18:43:55.068] [main/DEBUG] [quark-zeta/]: Registering to minecraft:item - quark:vertical_dark_oak_planks
[02May2025 18:43:55.068] [main/DEBUG] [quark-zeta/]: Registering to minecraft:item - quark:vertical_crimson_planks
[02May2025 18:43:55.068] [main/DEBUG] [quark-zeta/]: Registering to minecraft:item - quark:vertical_warped_planks
[02May2025 18:43:55.068] [main/DEBUG] [quark-zeta/]: Registering to minecraft:item - quark:vertical_mangrove_planks
[02May2025 18:43:55.068] [main/DEBUG] [quark-zeta/]: Registering to minecraft:item - quark:vertical_bamboo_planks
[02May2025 18:43:55.068] [main/DEBUG] [quark-zeta/]: Registering to minecraft:item - quark:vertical_cherry_planks
[02May2025 18:43:55.070] [main/DEBUG] [quark-zeta/]: Registering to minecraft:item - quark:oak_post
[02May2025 18:43:55.070] [main/DEBUG] [quark-zeta/]: Registering to minecraft:item - quark:stripped_oak_post
[02May2025 18:43:55.071] [main/DEBUG] [quark-zeta/]: Registering to minecraft:item - quark:spruce_post
[02May2025 18:43:55.071] [main/DEBUG] [quark-zeta/]: Registering to minecraft:item - quark:stripped_spruce_post
[02May2025 18:43:55.071] [main/DEBUG] [quark-zeta/]: Registering to minecraft:item - quark:birch_post
[02May2025 18:43:55.071] [main/DEBUG] [quark-zeta/]: Registering to minecraft:item - quark:stripped_birch_post
[02May2025 18:43:55.071] [main/DEBUG] [quark-zeta/]: Registering to minecraft:item - quark:jungle_post
[02May2025 18:43:55.072] [main/DEBUG] [quark-zeta/]: Registering to minecraft:item - quark:stripped_jungle_post
[02May2025 18:43:55.072] [main/DEBUG] [quark-zeta/]: Registering to minecraft:item - quark:acacia_post
[02May2025 18:43:55.072] [main/DEBUG] [quark-zeta/]: Registering to minecraft:item - quark:stripped_acacia_post
[02May2025 18:43:55.072] [main/DEBUG] [quark-zeta/]: Registering to minecraft:item - quark:dark_oak_post
[02May2025 18:43:55.072] [main/DEBUG] [quark-zeta/]: Registering to minecraft:item - quark:stripped_dark_oak_post
[02May2025 18:43:55.072] [main/DEBUG] [quark-zeta/]: Registering to minecraft:item - quark:crimson_post
[02May2025 18:43:55.072] [main/DEBUG] [quark-zeta/]: Registering to minecraft:item - quark:stripped_crimson_post
[02May2025 18:43:55.072] [main/DEBUG] [quark-zeta/]: Registering to minecraft:item - quark:warped_post
[02May2025 18:43:55.072] [main/DEBUG] [quark-zeta/]: Registering to minecraft:item - quark:stripped_warped_post
[02May2025 18:43:55.072] [main/DEBUG] [quark-zeta/]: Registering to minecraft:item - quark:mangrove_post
[02May2025 18:43:55.072] [main/DEBUG] [quark-zeta/]: Registering to minecraft:item - quark:stripped_mangrove_post
[02May2025 18:43:55.072] [main/DEBUG] [quark-zeta/]: Registering to minecraft:item - quark:bamboo_post
[02May2025 18:43:55.072] [main/DEBUG] [quark-zeta/]: Registering to minecraft:item - quark:stripped_bamboo_post
[02May2025 18:43:55.072] [main/DEBUG] [quark-zeta/]: Registering to minecraft:item - quark:cherry_post
[02May2025 18:43:55.073] [main/DEBUG] [quark-zeta/]: Registering to minecraft:item - quark:stripped_cherry_post
[02May2025 18:43:55.074] [main/DEBUG] [quark-zeta/]: Registering to minecraft:item - quark:soul_bead
[02May2025 18:43:55.074] [main/DEBUG] [quark-zeta/]: Registering to minecraft:item - quark:wraith_spawn_egg
[02May2025 18:43:55.074] [main/DEBUG] [quark-zeta/]: Registering to minecraft:item - quark:polished_calcite
[02May2025 18:43:55.074] [main/DEBUG] [quark-zeta/]: Registering to minecraft:item - quark:calcite_wall
[02May2025 18:43:55.075] [main/DEBUG] [quark-zeta/]: Registering to minecraft:item - quark:calcite_slab
[02May2025 18:43:55.075] [main/DEBUG] [quark-zeta/]: Registering to minecraft:item - quark:calcite_stairs
[02May2025 18:43:55.075] [main/DEBUG] [quark-zeta/]: Registering to minecraft:item - quark:polished_calcite_slab
[02May2025 18:43:55.075] [main/DEBUG] [quark-zeta/]: Registering to minecraft:item - quark:polished_calcite_stairs
[02May2025 18:43:55.075] [main/DEBUG] [quark-zeta/]: Registering to minecraft:item - quark:polished_dripstone
[02May2025 18:43:55.075] [main/DEBUG] [quark-zeta/]: Registering to minecraft:item - quark:dripstone_block_wall
[02May2025 18:43:55.075] [main/DEBUG] [quark-zeta/]: Registering to minecraft:item - quark:dripstone_block_slab
[02May2025 18:43:55.075] [main/DEBUG] [quark-zeta/]: Registering to minecraft:item - quark:dripstone_block_stairs
[02May2025 18:43:55.075] [main/DEBUG] [quark-zeta/]: Registering to minecraft:item - quark:polished_dripstone_slab
[02May2025 18:43:55.075] [main/DEBUG] [quark-zeta/]: Registering to minecraft:item - quark:polished_dripstone_stairs
[02May2025 18:43:55.075] [main/DEBUG] [quark-zeta/]: Registering to minecraft:item - quark:polished_tuff
[02May2025 18:43:55.076] [main/DEBUG] [quark-zeta/]: Registering to minecraft:item - quark:tuff_wall
[02May2025 18:43:55.076] [main/DEBUG] [quark-zeta/]: Registering to minecraft:item - quark:tuff_slab
[02May2025 18:43:55.076] [main/DEBUG] [quark-zeta/]: Registering to minecraft:item - quark:tuff_stairs
[02May2025 18:43:55.076] [main/DEBUG] [quark-zeta/]: Registering to minecraft:item - quark:polished_tuff_slab
[02May2025 18:43:55.077] [main/DEBUG] [quark-zeta/]: Registering to minecraft:item - quark:polished_tuff_stairs
[02May2025 18:43:55.077] [main/DEBUG] [quark-zeta/]: Registering to minecraft:item - quark:granite_bricks
[02May2025 18:43:55.077] [main/DEBUG] [quark-zeta/]: Registering to minecraft:item - quark:chiseled_granite_bricks
[02May2025 18:43:55.077] [main/DEBUG] [quark-zeta/]: Registering to minecraft:item - quark:granite_pillar
[02May2025 18:43:55.077] [main/DEBUG] [quark-zeta/]: Registering to minecraft:item - quark:granite_bricks_wall
[02May2025 18:43:55.077] [main/DEBUG] [quark-zeta/]: Registering to minecraft:item - quark:granite_bricks_slab
[02May2025 18:43:55.077] [main/DEBUG] [quark-zeta/]: Registering to minecraft:item - quark:granite_bricks_stairs
[02May2025 18:43:55.077] [main/DEBUG] [quark-zeta/]: Registering to minecraft:item - quark:diorite_bricks
[02May2025 18:43:55.077] [main/DEBUG] [quark-zeta/]: Registering to minecraft:item - quark:chiseled_diorite_bricks
[02May2025 18:43:55.077] [main/DEBUG] [quark-zeta/]: Registering to minecraft:item - quark:diorite_pillar
[02May2025 18:43:55.077] [main/DEBUG] [quark-zeta/]: Registering to minecraft:item - quark:diorite_bricks_wall
[02May2025 18:43:55.077] [main/DEBUG] [quark-zeta/]: Registering to minecraft:item - quark:diorite_bricks_slab
[02May2025 18:43:55.077] [main/DEBUG] [quark-zeta/]: Registering to minecraft:item - quark:diorite_bricks_stairs
[02May2025 18:43:55.077] [main/DEBUG] [quark-zeta/]: Registering to minecraft:item - quark:andesite_bricks
[02May2025 18:43:55.077] [main/DEBUG] [quark-zeta/]: Registering to minecraft:item - quark:chiseled_andesite_bricks
[02May2025 18:43:55.077] [main/DEBUG] [quark-zeta/]: Registering to minecraft:item - quark:andesite_pillar
[02May2025 18:43:55.077] [main/DEBUG] [quark-zeta/]: Registering to minecraft:item - quark:andesite_bricks_wall
[02May2025 18:43:55.077] [main/DEBUG] [quark-zeta/]: Registering to minecraft:item - quark:andesite_bricks_slab
[02May2025 18:43:55.077] [main/DEBUG] [quark-zeta/]: Registering to minecraft:item - quark:andesite_bricks_stairs
[02May2025 18:43:55.077] [main/DEBUG] [quark-zeta/]: Registering to minecraft:item - quark:calcite_bricks
[02May2025 18:43:55.077] [main/DEBUG] [quark-zeta/]: Registering to minecraft:item - quark:chiseled_calcite_bricks
[02May2025 18:43:55.077] [main/DEBUG] [quark-zeta/]: Registering to minecraft:item - quark:calcite_pillar
[02May2025 18:43:55.077] [main/DEBUG] [quark-zeta/]: Registering to minecraft:item - quark:calcite_bricks_wall
[02May2025 18:43:55.077] [main/DEBUG] [quark-zeta/]: Registering to minecraft:item - quark:calcite_bricks_slab
[02May2025 18:43:55.078] [main/DEBUG] [quark-zeta/]: Registering to minecraft:item - quark:calcite_bricks_stairs
[02May2025 18:43:55.078] [main/DEBUG] [quark-zeta/]: Registering to minecraft:item - quark:dripstone_bricks
[02May2025 18:43:55.078] [main/DEBUG] [quark-zeta/]: Registering to minecraft:item - quark:chiseled_dripstone_bricks
[02May2025 18:43:55.078] [main/DEBUG] [quark-zeta/]: Registering to minecraft:item - quark:dripstone_pillar
[02May2025 18:43:55.078] [main/DEBUG] [quark-zeta/]: Registering to minecraft:item - quark:dripstone_bricks_wall
[02May2025 18:43:55.078] [main/DEBUG] [quark-zeta/]: Registering to minecraft:item - quark:dripstone_bricks_slab
[02May2025 18:43:55.078] [main/DEBUG] [quark-zeta/]: Registering to minecraft:item - quark:dripstone_bricks_stairs
[02May2025 18:43:55.078] [main/DEBUG] [quark-zeta/]: Registering to minecraft:item - quark:tuff_bricks
[02May2025 18:43:55.078] [main/DEBUG] [quark-zeta/]: Registering to minecraft:item - quark:chiseled_tuff_bricks
[02May2025 18:43:55.078] [main/DEBUG] [quark-zeta/]: Registering to minecraft:item - quark:tuff_pillar
[02May2025 18:43:55.078] [main/DEBUG] [quark-zeta/]: Registering to minecraft:item - quark:tuff_bricks_wall
[02May2025 18:43:55.078] [main/DEBUG] [quark-zeta/]: Registering to minecraft:item - quark:tuff_bricks_slab
[02May2025 18:43:55.078] [main/DEBUG] [quark-zeta/]: Registering to minecraft:item - quark:tuff_bricks_stairs
[02May2025 18:43:55.078] [main/DEBUG] [quark-zeta/]: Registering to minecraft:item - quark:limestone_bricks
[02May2025 18:43:55.078] [main/DEBUG] [quark-zeta/]: Registering to minecraft:item - quark:chiseled_limestone_bricks
[02May2025 18:43:55.078] [main/DEBUG] [quark-zeta/]: Registering to minecraft:item - quark:limestone_pillar
[02May2025 18:43:55.079] [main/DEBUG] [quark-zeta/]: Registering to minecraft:item - quark:limestone_bricks_wall
[02May2025 18:43:55.079] [main/DEBUG] [quark-zeta/]: Registering to minecraft:item - quark:limestone_bricks_slab
[02May2025 18:43:55.079] [main/DEBUG] [quark-zeta/]: Registering to minecraft:item - quark:limestone_bricks_stairs
[02May2025 18:43:55.079] [main/DEBUG] [quark-zeta/]: Registering to minecraft:item - quark:jasper_bricks
[02May2025 18:43:55.079] [main/DEBUG] [quark-zeta/]: Registering to minecraft:item - quark:chiseled_jasper_bricks
[02May2025 18:43:55.079] [main/DEBUG] [quark-zeta/]: Registering to minecraft:item - quark:jasper_pillar
[02May2025 18:43:55.079] [main/DEBUG] [quark-zeta/]: Registering to minecraft:item - quark:jasper_bricks_wall
[02May2025 18:43:55.080] [main/DEBUG] [quark-zeta/]: Registering to minecraft:item - quark:jasper_bricks_slab
[02May2025 18:43:55.080] [main/DEBUG] [quark-zeta/]: Registering to minecraft:item - quark:jasper_bricks_stairs
[02May2025 18:43:55.081] [main/DEBUG] [quark-zeta/]: Registering to minecraft:item - quark:shale_bricks
[02May2025 18:43:55.081] [main/DEBUG] [quark-zeta/]: Registering to minecraft:item - quark:chiseled_shale_bricks
[02May2025 18:43:55.081] [main/DEBUG] [quark-zeta/]: Registering to minecraft:item - quark:shale_pillar
[02May2025 18:43:55.081] [main/DEBUG] [quark-zeta/]: Registering to minecraft:item - quark:shale_bricks_wall
[02May2025 18:43:55.081] [main/DEBUG] [quark-zeta/]: Registering to minecraft:item - quark:shale_bricks_slab
[02May2025 18:43:55.082] [main/DEBUG] [quark-zeta/]: Registering to minecraft:item - quark:shale_bricks_stairs
[02May2025 18:43:55.082] [main/DEBUG] [quark-zeta/]: Registering to minecraft:item - quark:myalite_bricks
[02May2025 18:43:55.082] [main/DEBUG] [quark-zeta/]: Registering to minecraft:item - quark:chiseled_myalite_bricks
[02May2025 18:43:55.082] [main/DEBUG] [quark-zeta/]: Registering to minecraft:item - quark:myalite_pillar
[02May2025 18:43:55.082] [main/DEBUG] [quark-zeta/]: Registering to minecraft:item - quark:myalite_bricks_wall
[02May2025 18:43:55.082] [main/DEBUG] [quark-zeta/]: Registering to minecraft:item - quark:myalite_bricks_slab
[02May2025 18:43:55.082] [main/DEBUG] [quark-zeta/]: Registering to minecraft:item - quark:myalite_bricks_stairs
[02May2025 18:43:55.082] [main/DEBUG] [quark-zeta/]: Registering to minecraft:item - quark:blue_blossom_hedge
[02May2025 18:43:55.084] [main/DEBUG] [quark-zeta/]: Registering to minecraft:item - quark:lavender_blossom_hedge
[02May2025 18:43:55.084] [main/DEBUG] [quark-zeta/]: Registering to minecraft:item - quark:orange_blossom_hedge
[02May2025 18:43:55.085] [main/DEBUG] [quark-zeta/]: Registering to minecraft:item - quark:yellow_blossom_hedge
[02May2025 18:43:55.085] [main/DEBUG] [quark-zeta/]: Registering to minecraft:item - quark:red_blossom_hedge
[02May2025 18:43:55.085] [main/DEBUG] [quark-zeta/]: Registering to minecraft:item - quark:ancient_hedge
[02May2025 18:43:55.085] [main/DEBUG] [quark-zeta/]: Registering to minecraft:item - quark:blue_blossom_leaf_carpet
[02May2025 18:43:55.085] [main/DEBUG] [quark-zeta/]: Registering to minecraft:item - quark:lavender_blossom_leaf_carpet
[02May2025 18:43:55.085] [main/DEBUG] [quark-zeta/]: Registering to minecraft:item - quark:orange_blossom_leaf_carpet
[02May2025 18:43:55.085] [main/DEBUG] [quark-zeta/]: Registering to minecraft:item - quark:yellow_blossom_leaf_carpet
[02May2025 18:43:55.086] [main/DEBUG] [quark-zeta/]: Registering to minecraft:item - quark:red_blossom_leaf_carpet
[02May2025 18:43:55.086] [main/DEBUG] [quark-zeta/]: Registering to minecraft:item - quark:ancient_leaf_carpet
[02May2025 18:43:55.086] [main/DEBUG] [quark-zeta/]: Registering to minecraft:item - quark:acacia_vertical_slab
[02May2025 18:43:55.086] [main/DEBUG] [quark-zeta/]: Registering to minecraft:item - quark:andesite_vertical_slab
[02May2025 18:43:55.087] [main/DEBUG] [quark-zeta/]: Registering to minecraft:item - quark:birch_vertical_slab
[02May2025 18:43:55.087] [main/DEBUG] [quark-zeta/]: Registering to minecraft:item - quark:brick_vertical_slab
[02May2025 18:43:55.087] [main/DEBUG] [quark-zeta/]: Registering to minecraft:item - quark:cobblestone_vertical_slab
[02May2025 18:43:55.087] [main/DEBUG] [quark-zeta/]: Registering to minecraft:item - quark:cut_red_sandstone_vertical_slab
[02May2025 18:43:55.087] [main/DEBUG] [quark-zeta/]: Registering to minecraft:item - quark:cut_sandstone_vertical_slab
[02May2025 18:43:55.087] [main/DEBUG] [quark-zeta/]: Registering to minecraft:item - quark:dark_oak_vertical_slab
[02May2025 18:43:55.087] [main/DEBUG] [quark-zeta/]: Registering to minecraft:item - quark:dark_prismarine_vertical_slab
[02May2025 18:43:55.087] [main/DEBUG] [quark-zeta/]: Registering to minecraft:item - quark:diorite_vertical_slab
[02May2025 18:43:55.087] [main/DEBUG] [quark-zeta/]: Registering to minecraft:item - quark:end_stone_brick_vertical_slab
[02May2025 18:43:55.087] [main/DEBUG] [quark-zeta/]: Registering to minecraft:item - quark:granite_vertical_slab
[02May2025 18:43:55.087] [main/DEBUG] [quark-zeta/]: Registering to minecraft:item - quark:jungle_vertical_slab
[02May2025 18:43:55.087] [main/DEBUG] [quark-zeta/]: Registering to minecraft:item - quark:mossy_cobblestone_vertical_slab
[02May2025 18:43:55.087] [main/DEBUG] [quark-zeta/]: Registering to minecraft:item - quark:mossy_stone_brick_vertical_slab
[02May2025 18:43:55.087] [main/DEBUG] [quark-zeta/]: Registering to minecraft:item - quark:nether_brick_vertical_slab
[02May2025 18:43:55.088] [main/DEBUG] [quark-zeta/]: Registering to minecraft:item - quark:oak_vertical_slab
[02May2025 18:43:55.088] [main/DEBUG] [quark-zeta/]: Registering to minecraft:item - quark:polished_andesite_vertical_slab
[02May2025 18:43:55.088] [main/DEBUG] [quark-zeta/]: Registering to minecraft:item - quark:polished_diorite_vertical_slab
[02May2025 18:43:55.088] [main/DEBUG] [quark-zeta/]: Registering to minecraft:item - quark:polished_granite_vertical_slab
[02May2025 18:43:55.088] [main/DEBUG] [quark-zeta/]: Registering to minecraft:item - quark:prismarine_vertical_slab
[02May2025 18:43:55.088] [main/DEBUG] [quark-zeta/]: Registering to minecraft:item - quark:prismarine_brick_vertical_slab
[02May2025 18:43:55.088] [main/DEBUG] [quark-zeta/]: Registering to minecraft:item - quark:purpur_vertical_slab
[02May2025 18:43:55.088] [main/DEBUG] [quark-zeta/]: Registering to minecraft:item - quark:quartz_vertical_slab
[02May2025 18:43:55.088] [main/DEBUG] [quark-zeta/]: Registering to minecraft:item - quark:red_nether_brick_vertical_slab
[02May2025 18:43:55.088] [main/DEBUG] [quark-zeta/]: Registering to minecraft:item - quark:red_sandstone_vertical_slab
[02May2025 18:43:55.088] [main/DEBUG] [quark-zeta/]: Registering to minecraft:item - quark:sandstone_vertical_slab
[02May2025 18:43:55.088] [main/DEBUG] [quark-zeta/]: Registering to minecraft:item - quark:smooth_quartz_vertical_slab
[02May2025 18:43:55.088] [main/DEBUG] [quark-zeta/]: Registering to minecraft:item - quark:smooth_red_sandstone_vertical_slab
[02May2025 18:43:55.088] [main/DEBUG] [quark-zeta/]: Registering to minecraft:item - quark:smooth_sandstone_vertical_slab
[02May2025 18:43:55.088] [main/DEBUG] [quark-zeta/]: Registering to minecraft:item - quark:smooth_stone_vertical_slab
[02May2025 18:43:55.088] [main/DEBUG] [quark-zeta/]: Registering to minecraft:item - quark:spruce_vertical_slab
[02May2025 18:43:55.088] [main/DEBUG] [quark-zeta/]: Registering to minecraft:item - quark:stone_vertical_slab
[02May2025 18:43:55.088] [main/DEBUG] [quark-zeta/]: Registering to minecraft:item - quark:stone_brick_vertical_slab
[02May2025 18:43:55.088] [main/DEBUG] [quark-zeta/]: Registering to minecraft:item - quark:blackstone_vertical_slab
[02May2025 18:43:55.088] [main/DEBUG] [quark-zeta/]: Registering to minecraft:item - quark:polished_blackstone_vertical_slab
[02May2025 18:43:55.088] [main/DEBUG] [quark-zeta/]: Registering to minecraft:item - quark:polished_blackstone_brick_vertical_slab
[02May2025 18:43:55.088] [main/DEBUG] [quark-zeta/]: Registering to minecraft:item - quark:crimson_vertical_slab
[02May2025 18:43:55.088] [main/DEBUG] [quark-zeta/]: Registering to minecraft:item - quark:warped_vertical_slab
[02May2025 18:43:55.088] [main/DEBUG] [quark-zeta/]: Registering to minecraft:item - quark:cobbled_deepslate_vertical_slab
[02May2025 18:43:55.088] [main/DEBUG] [quark-zeta/]: Registering to minecraft:item - quark:polished_deepslate_vertical_slab
[02May2025 18:43:55.088] [main/DEBUG] [quark-zeta/]: Registering to minecraft:item - quark:deepslate_brick_vertical_slab
[02May2025 18:43:55.088] [main/DEBUG] [quark-zeta/]: Registering to minecraft:item - quark:deepslate_tile_vertical_slab
[02May2025 18:43:55.088] [main/DEBUG] [quark-zeta/]: Registering to minecraft:item - quark:mangrove_vertical_slab
[02May2025 18:43:55.089] [main/DEBUG] [quark-zeta/]: Registering to minecraft:item - quark:mud_brick_vertical_slab
[02May2025 18:43:55.089] [main/DEBUG] [quark-zeta/]: Registering to minecraft:item - quark:cherry_vertical_slab
[02May2025 18:43:55.089] [main/DEBUG] [quark-zeta/]: Registering to minecraft:item - quark:bamboo_vertical_slab
[02May2025 18:43:55.089] [main/DEBUG] [quark-zeta/]: Registering to minecraft:item - quark:bamboo_mosaic_vertical_slab
[02May2025 18:43:55.089] [main/DEBUG] [quark-zeta/]: Registering to minecraft:item - quark:cut_copper_vertical_slab
[02May2025 18:43:55.089] [main/DEBUG] [quark-zeta/]: Registering to minecraft:item - quark:waxed_cut_copper_vertical_slab
[02May2025 18:43:55.089] [main/DEBUG] [quark-zeta/]: Registering to minecraft:item - quark:exposed_cut_copper_vertical_slab
[02May2025 18:43:55.089] [main/DEBUG] [quark-zeta/]: Registering to minecraft:item - quark:waxed_exposed_cut_copper_vertical_slab
[02May2025 18:43:55.089] [main/DEBUG] [quark-zeta/]: Registering to minecraft:item - quark:weathered_cut_copper_vertical_slab
[02May2025 18:43:55.089] [main/DEBUG] [quark-zeta/]: Registering to minecraft:item - quark:waxed_weathered_cut_copper_vertical_slab
[02May2025 18:43:55.089] [main/DEBUG] [quark-zeta/]: Registering to minecraft:item - quark:oxidized_cut_copper_vertical_slab
[02May2025 18:43:55.089] [main/DEBUG] [quark-zeta/]: Registering to minecraft:item - quark:waxed_oxidized_cut_copper_vertical_slab
[02May2025 18:43:55.089] [main/DEBUG] [quark-zeta/]: Registering to minecraft:item - quark:ancient_planks_vertical_slab
[02May2025 18:43:55.089] [main/DEBUG] [quark-zeta/]: Registering to minecraft:item - quark:azalea_planks_vertical_slab
[02May2025 18:43:55.089] [main/DEBUG] [quark-zeta/]: Registering to minecraft:item - quark:blossom_planks_vertical_slab
[02May2025 18:43:55.090] [main/DEBUG] [quark-zeta/]: Registering to minecraft:item - quark:duskbound_block_vertical_slab
[02May2025 18:43:55.090] [main/DEBUG] [quark-zeta/]: Registering to minecraft:item - quark:iron_plate_vertical_slab
[02May2025 18:43:55.090] [main/DEBUG] [quark-zeta/]: Registering to minecraft:item - quark:rusty_iron_plate_vertical_slab
[02May2025 18:43:55.090] [main/DEBUG] [quark-zeta/]: Registering to minecraft:item - quark:midori_block_vertical_slab
[02May2025 18:43:55.091] [main/DEBUG] [quark-zeta/]: Registering to minecraft:item - quark:blue_nether_bricks_vertical_slab
[02May2025 18:43:55.091] [main/DEBUG] [quark-zeta/]: Registering to minecraft:item - quark:sandstone_bricks_vertical_slab
[02May2025 18:43:55.091] [main/DEBUG] [quark-zeta/]: Registering to minecraft:item - quark:red_sandstone_bricks_vertical_slab
[02May2025 18:43:55.091] [main/DEBUG] [quark-zeta/]: Registering to minecraft:item - quark:soul_sandstone_bricks_vertical_slab
[02May2025 18:43:55.091] [main/DEBUG] [quark-zeta/]: Registering to minecraft:item - quark:cobblestone_bricks_vertical_slab
[02May2025 18:43:55.092] [main/DEBUG] [quark-zeta/]: Registering to minecraft:item - quark:mossy_cobblestone_bricks_vertical_slab
[02May2025 18:43:55.092] [main/DEBUG] [quark-zeta/]: Registering to minecraft:item - quark:blackstone_bricks_vertical_slab
[02May2025 18:43:55.092] [main/DEBUG] [quark-zeta/]: Registering to minecraft:item - quark:dirt_bricks_vertical_slab
[02May2025 18:43:55.092] [main/DEBUG] [quark-zeta/]: Registering to minecraft:item - quark:netherrack_bricks_vertical_slab
[02May2025 18:43:55.093] [main/DEBUG] [quark-zeta/]: Registering to minecraft:item - quark:limestone_vertical_slab
[02May2025 18:43:55.093] [main/DEBUG] [quark-zeta/]: Registering to minecraft:item - quark:polished_limestone_vertical_slab
[02May2025 18:43:55.093] [main/DEBUG] [quark-zeta/]: Registering to minecraft:item - quark:jasper_vertical_slab
[02May2025 18:43:55.093] [main/DEBUG] [quark-zeta/]: Registering to minecraft:item - quark:polished_jasper_vertical_slab
[02May2025 18:43:55.093] [main/DEBUG] [quark-zeta/]: Registering to minecraft:item - quark:shale_vertical_slab
[02May2025 18:43:55.093] [main/DEBUG] [quark-zeta/]: Registering to minecraft:item - quark:polished_shale_vertical_slab
[02May2025 18:43:55.093] [main/DEBUG] [quark-zeta/]: Registering to minecraft:item - quark:myalite_vertical_slab
[02May2025 18:43:55.093] [main/DEBUG] [quark-zeta/]: Registering to minecraft:item - quark:polished_myalite_vertical_slab
[02May2025 18:43:55.093] [main/DEBUG] [quark-zeta/]: Registering to minecraft:item - quark:permafrost_vertical_slab
[02May2025 18:43:55.093] [main/DEBUG] [quark-zeta/]: Registering to minecraft:item - quark:permafrost_bricks_vertical_slab
[02May2025 18:43:55.093] [main/DEBUG] [quark-zeta/]: Registering to minecraft:item - quark:raw_iron_bricks_vertical_slab
[02May2025 18:43:55.093] [main/DEBUG] [quark-zeta/]: Registering to minecraft:item - quark:raw_gold_bricks_vertical_slab
[02May2025 18:43:55.094] [main/DEBUG] [quark-zeta/]: Registering to minecraft:item - quark:raw_copper_bricks_vertical_slab
[02May2025 18:43:55.094] [main/DEBUG] [quark-zeta/]: Registering to minecraft:item - quark:shingles_vertical_slab
[02May2025 18:43:55.094] [main/DEBUG] [quark-zeta/]: Registering to minecraft:item - quark:white_shingles_vertical_slab
[02May2025 18:43:55.094] [main/DEBUG] [quark-zeta/]: Registering to minecraft:item - quark:orange_shingles_vertical_slab
[02May2025 18:43:55.094] [main/DEBUG] [quark-zeta/]: Registering to minecraft:item - quark:magenta_shingles_vertical_slab
[02May2025 18:43:55.094] [main/DEBUG] [quark-zeta/]: Registering to minecraft:item - quark:light_blue_shingles_vertical_slab
[02May2025 18:43:55.094] [main/DEBUG] [quark-zeta/]: Registering to minecraft:item - quark:yellow_shingles_vertical_slab
[02May2025 18:43:55.094] [main/DEBUG] [quark-zeta/]: Registering to minecraft:item - quark:lime_shingles_vertical_slab
[02May2025 18:43:55.094] [main/DEBUG] [quark-zeta/]: Registering to minecraft:item - quark:pink_shingles_vertical_slab
[02May2025 18:43:55.094] [main/DEBUG] [quark-zeta/]: Registering to minecraft:item - quark:gray_shingles_vertical_slab
[02May2025 18:43:55.094] [main/DEBUG] [quark-zeta/]: Registering to minecraft:item - quark:light_gray_shingles_vertical_slab
[02May2025 18:43:55.094] [main/DEBUG] [quark-zeta/]: Registering to minecraft:item - quark:cyan_shingles_vertical_slab
[02May2025 18:43:55.094] [main/DEBUG] [quark-zeta/]: Registering to minecraft:item - quark:purple_shingles_vertical_slab
[02May2025 18:43:55.094] [main/DEBUG] [quark-zeta/]: Registering to minecraft:item - quark:blue_shingles_vertical_slab
[02May2025 18:43:55.094] [main/DEBUG] [quark-zeta/]: Registering to minecraft:item - quark:brown_shingles_vertical_slab
[02May2025 18:43:55.095] [main/DEBUG] [quark-zeta/]: Registering to minecraft:item - quark:green_shingles_vertical_slab
[02May2025 18:43:55.095] [main/DEBUG] [quark-zeta/]: Registering to minecraft:item - quark:red_shingles_vertical_slab
[02May2025 18:43:55.095] [main/DEBUG] [quark-zeta/]: Registering to minecraft:item - quark:black_shingles_vertical_slab
[02May2025 18:43:55.096] [main/DEBUG] [quark-zeta/]: Registering to minecraft:item - quark:soul_sandstone_vertical_slab
[02May2025 18:43:55.096] [main/DEBUG] [quark-zeta/]: Registering to minecraft:item - quark:cut_soul_sandstone_vertical_slab
[02May2025 18:43:55.096] [main/DEBUG] [quark-zeta/]: Registering to minecraft:item - quark:smooth_soul_sandstone_vertical_slab
[02May2025 18:43:55.096] [main/DEBUG] [quark-zeta/]: Registering to minecraft:item - quark:thatch_vertical_slab
[02May2025 18:43:55.096] [main/DEBUG] [quark-zeta/]: Registering to minecraft:item - quark:calcite_vertical_slab
[02May2025 18:43:55.096] [main/DEBUG] [quark-zeta/]: Registering to minecraft:item - quark:polished_calcite_vertical_slab
[02May2025 18:43:55.096] [main/DEBUG] [quark-zeta/]: Registering to minecraft:item - quark:dripstone_block_vertical_slab
[02May2025 18:43:55.096] [main/DEBUG] [quark-zeta/]: Registering to minecraft:item - quark:polished_dripstone_vertical_slab
[02May2025 18:43:55.096] [main/DEBUG] [quark-zeta/]: Registering to minecraft:item - quark:tuff_vertical_slab
[02May2025 18:43:55.096] [main/DEBUG] [quark-zeta/]: Registering to minecraft:item - quark:polished_tuff_vertical_slab
[02May2025 18:43:55.096] [main/DEBUG] [quark-zeta/]: Registering to minecraft:item - quark:granite_bricks_vertical_slab
[02May2025 18:43:55.096] [main/DEBUG] [quark-zeta/]: Registering to minecraft:item - quark:diorite_bricks_vertical_slab
[02May2025 18:43:55.096] [main/DEBUG] [quark-zeta/]: Registering to minecraft:item - quark:andesite_bricks_vertical_slab
[02May2025 18:43:55.096] [main/DEBUG] [quark-zeta/]: Registering to minecraft:item - quark:calcite_bricks_vertical_slab
[02May2025 18:43:55.096] [main/DEBUG] [quark-zeta/]: Registering to minecraft:item - quark:dripstone_bricks_vertical_slab
[02May2025 18:43:55.096] [main/DEBUG] [quark-zeta/]: Registering to minecraft:item - quark:tuff_bricks_vertical_slab
[02May2025 18:43:55.096] [main/DEBUG] [quark-zeta/]: Registering to minecraft:item - quark:limestone_bricks_vertical_slab
[02May2025 18:43:55.096] [main/DEBUG] [quark-zeta/]: Registering to minecraft:item - quark:jasper_bricks_vertical_slab
[02May2025 18:43:55.096] [main/DEBUG] [quark-zeta/]: Registering to minecraft:item - quark:shale_bricks_vertical_slab
[02May2025 18:43:55.096] [main/DEBUG] [quark-zeta/]: Registering to minecraft:item - quark:myalite_bricks_vertical_slab
[02May2025 18:43:55.102] [main/DEBUG] [mixin/]: Mixing self.SelfDispenserMinecraftMixin from supplementaries.mixins.json into net.mehvahdjukaar.supplementaries.common.entities.dispenser_minecart.DispenserMinecartEntity
[02May2025 18:43:55.103] [main/DEBUG] [mixin/]: Renaming synthetic method lambda$reviveCaps$1()Lnet/minecraftforge/items/wrapper/InvWrapper; to mdcf8a4d$lambda$reviveCaps$1$0 in supplementaries.mixins.json:self.SelfDispenserMinecraftMixin
[02May2025 18:43:55.103] [main/DEBUG] [mixin/]: Renaming synthetic method lambda$new$0()Lnet/minecraftforge/items/wrapper/InvWrapper; to mdcf8a4d$lambda$new$0$1 in supplementaries.mixins.json:self.SelfDispenserMinecraftMixin
[02May2025 18:43:56.161] [main/DEBUG] [dev.architectury.core.item.ArchitecturySpawnEggItem/]: Registering spawn egg mimic_spawn_egg for artifacts:mimic
[02May2025 18:43:56.203] [main/DEBUG] [quark-zeta/]: Registering to minecraft:entity_type - quark:quark_boat
[02May2025 18:43:56.203] [main/DEBUG] [quark-zeta/]: Registering to minecraft:entity_type - quark:quark_chest_boat
[02May2025 18:43:56.203] [main/DEBUG] [quark-zeta/]: Registering to minecraft:entity_type - quark:crab
[02May2025 18:43:56.203] [main/DEBUG] [quark-zeta/]: Registering to minecraft:entity_type - quark:dyed_item_frame
[02May2025 18:43:56.203] [main/DEBUG] [quark-zeta/]: Registering to minecraft:entity_type - quark:forgotten
[02May2025 18:43:56.204] [main/DEBUG] [quark-zeta/]: Registering to minecraft:entity_type - quark:foxhound
[02May2025 18:43:56.204] [main/DEBUG] [quark-zeta/]: Registering to minecraft:entity_type - quark:glass_frame
[02May2025 18:43:56.204] [main/DEBUG] [quark-zeta/]: Registering to minecraft:entity_type - quark:gravisand
[02May2025 18:43:56.204] [main/DEBUG] [quark-zeta/]: Registering to minecraft:entity_type - quark:parrot_egg
[02May2025 18:43:56.204] [main/DEBUG] [quark-zeta/]: Registering to minecraft:entity_type - quark:pickarang
[02May2025 18:43:56.205] [main/DEBUG] [quark-zeta/]: Registering to minecraft:entity_type - quark:flamerang
[02May2025 18:43:56.205] [main/DEBUG] [quark-zeta/]: Registering to minecraft:entity_type - quark:shiba
[02May2025 18:43:56.205] [main/DEBUG] [quark-zeta/]: Registering to minecraft:entity_type - quark:skull_pike
[02May2025 18:43:56.205] [main/DEBUG] [quark-zeta/]: Registering to minecraft:entity_type - quark:stoneling
[02May2025 18:43:56.205] [main/DEBUG] [quark-zeta/]: Registering to minecraft:entity_type - quark:stool
[02May2025 18:43:56.205] [main/DEBUG] [quark-zeta/]: Registering to minecraft:entity_type - quark:torch_arrow
[02May2025 18:43:56.205] [main/DEBUG] [quark-zeta/]: Registering to minecraft:entity_type - quark:toretoise
[02May2025 18:43:56.205] [main/DEBUG] [quark-zeta/]: Registering to minecraft:entity_type - quark:totem
[02May2025 18:43:56.205] [main/DEBUG] [quark-zeta/]: Registering to minecraft:entity_type - quark:wraith
[02May2025 18:43:56.205] [main/DEBUG] [quark-zeta/]: Registering to minecraft:entity_type - quark:soul_bead
[02May2025 18:43:56.268] [main/DEBUG] [mixin/]: Mixing common.entities.GlacianRamMixin from adastra.mixins.json into earth.terrarium.adastra.common.entities.mob.GlacianRam
[02May2025 18:43:56.292] [main/DEBUG] [quark-zeta/]: Registering to minecraft:potion - quark:resilience
[02May2025 18:43:56.292] [main/DEBUG] [quark-zeta/]: Registering to minecraft:potion - quark:long_resilience
[02May2025 18:43:56.292] [main/DEBUG] [quark-zeta/]: Registering to minecraft:potion - quark:strong_resilience
[02May2025 18:43:56.299] [main/DEBUG] [mixin/]: Mixing PotionUtilsMixin from quark.mixins.json into net.minecraft.world.item.alchemy.PotionUtils
[02May2025 18:43:56.414] [main/DEBUG] [quark-zeta/]: Registering to minecraft:block_entity_type - quark:cloud
[02May2025 18:43:56.414] [main/DEBUG] [quark-zeta/]: Registering to minecraft:block_entity_type - quark:chute
[02May2025 18:43:56.414] [main/DEBUG] [quark-zeta/]: Registering to minecraft:block_entity_type - quark:crafter
[02May2025 18:43:56.414] [main/DEBUG] [quark-zeta/]: Registering to minecraft:block_entity_type - quark:crate
[02May2025 18:43:56.414] [main/DEBUG] [quark-zeta/]: Registering to minecraft:block_entity_type - quark:ender_watcher
[02May2025 18:43:56.414] [main/DEBUG] [quark-zeta/]: Registering to minecraft:block_entity_type - quark:feeding_trough
[02May2025 18:43:56.414] [main/DEBUG] [quark-zeta/]: Registering to minecraft:block_entity_type - quark:magnet
[02May2025 18:43:56.415] [main/DEBUG] [quark-zeta/]: Registering to minecraft:block_entity_type - quark:magnetized_block
[02May2025 18:43:56.415] [main/DEBUG] [quark-zeta/]: Registering to minecraft:block_entity_type - quark:matrix_enchanting
[02May2025 18:43:56.415] [main/DEBUG] [quark-zeta/]: Registering to minecraft:block_entity_type - quark:monster_box
[02May2025 18:43:56.415] [main/DEBUG] [quark-zeta/]: Registering to minecraft:block_entity_type - quark:pipe
[02May2025 18:43:56.415] [main/DEBUG] [quark-zeta/]: Registering to minecraft:block_entity_type - quark:tiny_potato
[02May2025 18:43:56.415] [main/DEBUG] [quark-zeta/]: Registering to minecraft:block_entity_type - quark:variant_furnace
[02May2025 18:43:56.415] [main/DEBUG] [quark-zeta/]: Registering to minecraft:block_entity_type - quark:variant_chest
[02May2025 18:43:56.415] [main/DEBUG] [quark-zeta/]: Registering to minecraft:block_entity_type - quark:variant_trapped_chest
[02May2025 18:43:56.550] [main/DEBUG] [quark-zeta/]: Registering to minecraft:menu - quark:backpack
[02May2025 18:43:56.550] [main/DEBUG] [quark-zeta/]: Registering to minecraft:menu - quark:crafter
[02May2025 18:43:56.550] [main/DEBUG] [quark-zeta/]: Registering to minecraft:menu - quark:crate
[02May2025 18:43:56.550] [main/DEBUG] [quark-zeta/]: Registering to minecraft:menu - quark:held_shulker_box
[02May2025 18:43:56.550] [main/DEBUG] [quark-zeta/]: Registering to minecraft:menu - quark:feeding_trough
[02May2025 18:43:56.550] [main/DEBUG] [quark-zeta/]: Registering to minecraft:menu - quark:matrix_enchanting
[02May2025 18:43:56.588] [main/DEBUG] [placebo/]: Registered 0 recipe types.
[02May2025 18:43:56.640] [main/DEBUG] [zeta/]: Registering to minecraft:recipe_serializer - zeta:dye_item
[02May2025 18:43:56.640] [main/DEBUG] [quark-zeta/]: Registering to minecraft:recipe_serializer - quark:dye_item
[02May2025 18:43:56.640] [main/DEBUG] [quark-zeta/]: Registering to minecraft:recipe_serializer - quark:exclusion
[02May2025 18:43:56.640] [main/DEBUG] [quark-zeta/]: Registering to minecraft:recipe_serializer - quark:smithing_rune
[02May2025 18:43:56.641] [main/DEBUG] [quark-zeta/]: Registering to minecraft:recipe_serializer - quark:elytra_duplication
[02May2025 18:43:56.642] [main/DEBUG] [quark-zeta/]: Registering to minecraft:recipe_serializer - quark:slab_to_block
[02May2025 18:43:56.642] [main/DEBUG] [quark-zeta/]: Registering to minecraft:recipe_serializer - quark:mixed_exclusion
[02May2025 18:43:56.646] [main/DEBUG] [mixin/]: Mixing accessor.ShapelessRecipeAccessor from tombstone.mixins.json into net.minecraft.world.item.crafting.ShapelessRecipe
[02May2025 18:43:56.678] [main/DEBUG] [quark-zeta/]: Registering to minecraft:villager_type - quark:beach
[02May2025 18:43:56.679] [main/DEBUG] [quark-zeta/]: Registering to minecraft:villager_type - quark:ocean
[02May2025 18:43:56.686] [main/DEBUG] [quark-zeta/]: Registering to minecraft:point_of_interest_type - quark:feeding_trough
[02May2025 18:43:56.856] [main/DEBUG] [zeta/]: Registering to minecraft:worldgen/feature - zeta:deferred_feature_raw_generation
[02May2025 18:43:56.857] [main/DEBUG] [zeta/]: Registering to minecraft:worldgen/feature - zeta:deferred_feature_lakes
[02May2025 18:43:56.857] [main/DEBUG] [zeta/]: Registering to minecraft:worldgen/feature - zeta:deferred_feature_local_modifications
[02May2025 18:43:56.857] [main/DEBUG] [zeta/]: Registering to minecraft:worldgen/feature - zeta:deferred_feature_underground_structures
[02May2025 18:43:56.857] [main/DEBUG] [zeta/]: Registering to minecraft:worldgen/feature - zeta:deferred_feature_surface_structures
[02May2025 18:43:56.857] [main/DEBUG] [zeta/]: Registering to minecraft:worldgen/feature - zeta:deferred_feature_strongholds
[02May2025 18:43:56.857] [main/DEBUG] [zeta/]: Registering to minecraft:worldgen/feature - zeta:deferred_feature_underground_ores
[02May2025 18:43:56.857] [main/DEBUG] [zeta/]: Registering to minecraft:worldgen/feature - zeta:deferred_feature_underground_decoration
[02May2025 18:43:56.857] [main/DEBUG] [zeta/]: Registering to minecraft:worldgen/feature - zeta:deferred_feature_fluid_springs
[02May2025 18:43:56.857] [main/DEBUG] [zeta/]: Registering to minecraft:worldgen/feature - zeta:deferred_feature_vegetal_decoration
[02May2025 18:43:56.857] [main/DEBUG] [zeta/]: Registering to minecraft:worldgen/feature - zeta:deferred_feature_top_layer_modification
[02May2025 18:43:56.857] [main/DEBUG] [quark-zeta/]: Registering to minecraft:worldgen/feature - quark:glow_shrooms
[02May2025 18:43:56.857] [main/DEBUG] [quark-zeta/]: Registering to minecraft:worldgen/feature - quark:glow_shrooms_extras
[02May2025 18:43:56.894] [main/DEBUG] [quark-zeta/]: Registering to minecraft:worldgen/foliage_placer_type - quark:offset_fancy_foliage_placer
[02May2025 18:43:56.896] [main/DEBUG] [quark-zeta/]: Registering to minecraft:worldgen/trunk_placer_type - quark:multi_foliage_straight_trunk_placer
[02May2025 18:43:56.898] [main/DEBUG] [quark-zeta/]: Registering to minecraft:worldgen/tree_decorator_type - quark:ancient_tree_topper_decorator
[02May2025 18:43:57.048] [main/DEBUG] [mixin/]: Mixing ForgeHooksMixin from tombstone.mixins.json into net.minecraftforge.common.ForgeHooks
[02May2025 18:43:57.361] [main/DEBUG] [net.minecraftforge.fml.config.ConfigTracker/CONFIG]: Loading configs type COMMON
[02May2025 18:43:57.367] [main/DEBUG] [net.minecraftforge.fml.config.ConfigFileTypeHandler/CONFIG]: Built TOML config for /workspaces/proyectosjr/servidor_minecraft/config/betterdungeons-forge-1_20.toml
[02May2025 18:43:57.370] [main/DEBUG] [net.minecraftforge.fml.config.ConfigFileTypeHandler/CONFIG]: Loaded TOML config file /workspaces/proyectosjr/servidor_minecraft/config/betterdungeons-forge-1_20.toml
[02May2025 18:43:57.406] [main/DEBUG] [net.minecraftforge.fml.config.ConfigFileTypeHandler/CONFIG]: Watching TOML config file /workspaces/proyectosjr/servidor_minecraft/config/betterdungeons-forge-1_20.toml for changes
[02May2025 18:43:57.411] [Thread-2/DEBUG] [net.minecraftforge.fml.config.ConfigFileTypeHandler/CONFIG]: Config file betterdungeons-forge-1_20.toml changed, sending notifies
[02May2025 18:43:57.418] [Thread-2/DEBUG] [net.minecraftforge.fml.config.ConfigFileTypeHandler/CONFIG]: Config file betterdungeons-forge-1_20.toml changed, sending notifies
[02May2025 18:43:57.416] [main/DEBUG] [net.minecraftforge.fml.config.ConfigFileTypeHandler/CONFIG]: Built TOML config for /workspaces/proyectosjr/servidor_minecraft/config/trashslot-common.toml
[02May2025 18:43:57.423] [main/DEBUG] [net.minecraftforge.fml.config.ConfigFileTypeHandler/CONFIG]: Loaded TOML config file /workspaces/proyectosjr/servidor_minecraft/config/trashslot-common.toml
[02May2025 18:43:57.424] [main/DEBUG] [net.minecraftforge.fml.config.ConfigFileTypeHandler/CONFIG]: Watching TOML config file /workspaces/proyectosjr/servidor_minecraft/config/trashslot-common.toml for changes
[02May2025 18:43:57.425] [Thread-2/DEBUG] [net.minecraftforge.fml.config.ConfigFileTypeHandler/CONFIG]: Config file trashslot-common.toml changed, sending notifies
[02May2025 18:43:57.428] [main/DEBUG] [net.minecraftforge.fml.config.ConfigFileTypeHandler/CONFIG]: Built TOML config for /workspaces/proyectosjr/servidor_minecraft/config/mowziesmobs-common.toml
[02May2025 18:43:57.429] [Thread-2/DEBUG] [net.minecraftforge.fml.config.ConfigFileTypeHandler/CONFIG]: Config file trashslot-common.toml changed, sending notifies
[02May2025 18:43:57.443] [main/DEBUG] [net.minecraftforge.fml.config.ConfigFileTypeHandler/CONFIG]: Loaded TOML config file /workspaces/proyectosjr/servidor_minecraft/config/mowziesmobs-common.toml
[02May2025 18:43:57.444] [main/DEBUG] [net.minecraftforge.fml.config.ConfigFileTypeHandler/CONFIG]: Watching TOML config file /workspaces/proyectosjr/servidor_minecraft/config/mowziesmobs-common.toml for changes
[02May2025 18:43:57.456] [Thread-2/DEBUG] [net.minecraftforge.fml.config.ConfigFileTypeHandler/CONFIG]: Config file mowziesmobs-common.toml changed, sending notifies
[02May2025 18:43:57.458] [main/DEBUG] [net.minecraftforge.fml.config.ConfigFileTypeHandler/CONFIG]: Built TOML config for /workspaces/proyectosjr/servidor_minecraft/config/sophisticatedcore-common.toml
[02May2025 18:43:57.463] [main/DEBUG] [net.minecraftforge.fml.config.ConfigFileTypeHandler/CONFIG]: Loaded TOML config file /workspaces/proyectosjr/servidor_minecraft/config/sophisticatedcore-common.toml
[02May2025 18:43:57.463] [main/DEBUG] [net.minecraftforge.fml.config.ConfigFileTypeHandler/CONFIG]: Watching TOML config file /workspaces/proyectosjr/servidor_minecraft/config/sophisticatedcore-common.toml for changes
[02May2025 18:43:57.467] [main/DEBUG] [net.minecraftforge.fml.config.ConfigFileTypeHandler/CONFIG]: Built TOML config for /workspaces/proyectosjr/servidor_minecraft/config/waystones-common.toml
[02May2025 18:43:57.468] [main/DEBUG] [net.minecraftforge.fml.config.ConfigFileTypeHandler/CONFIG]: Loaded TOML config file /workspaces/proyectosjr/servidor_minecraft/config/waystones-common.toml
[02May2025 18:43:57.471] [main/DEBUG] [net.minecraftforge.fml.config.ConfigFileTypeHandler/CONFIG]: Watching TOML config file /workspaces/proyectosjr/servidor_minecraft/config/waystones-common.toml for changes
[02May2025 18:43:57.472] [Thread-2/DEBUG] [net.minecraftforge.fml.config.ConfigFileTypeHandler/CONFIG]: Config file mowziesmobs-common.toml changed, sending notifies
[02May2025 18:43:57.481] [Thread-2/DEBUG] [net.minecraftforge.fml.config.ConfigFileTypeHandler/CONFIG]: Config file waystones-common.toml changed, sending notifies
[02May2025 18:43:57.485] [main/DEBUG] [net.minecraftforge.fml.config.ConfigFileTypeHandler/CONFIG]: Built TOML config for /workspaces/proyectosjr/servidor_minecraft/config/cookingforblockheads-common.toml
[02May2025 18:43:57.486] [main/DEBUG] [net.minecraftforge.fml.config.ConfigFileTypeHandler/CONFIG]: Loaded TOML config file /workspaces/proyectosjr/servidor_minecraft/config/cookingforblockheads-common.toml
[02May2025 18:43:57.487] [main/DEBUG] [net.minecraftforge.fml.config.ConfigFileTypeHandler/CONFIG]: Watching TOML config file /workspaces/proyectosjr/servidor_minecraft/config/cookingforblockheads-common.toml for changes
[02May2025 18:43:57.488] [main/DEBUG] [net.minecraftforge.fml.config.ConfigFileTypeHandler/CONFIG]: Built TOML config for /workspaces/proyectosjr/servidor_minecraft/config/citadel-common.toml
[02May2025 18:43:57.489] [main/DEBUG] [net.minecraftforge.fml.config.ConfigFileTypeHandler/CONFIG]: Loaded TOML config file /workspaces/proyectosjr/servidor_minecraft/config/citadel-common.toml
[02May2025 18:43:57.489] [main/DEBUG] [net.minecraftforge.fml.config.ConfigFileTypeHandler/CONFIG]: Watching TOML config file /workspaces/proyectosjr/servidor_minecraft/config/citadel-common.toml for changes
[02May2025 18:43:57.490] [main/DEBUG] [net.minecraftforge.fml.config.ConfigFileTypeHandler/CONFIG]: Built TOML config for /workspaces/proyectosjr/servidor_minecraft/config/alexsmobs.toml
[02May2025 18:43:57.495] [Thread-2/DEBUG] [net.minecraftforge.fml.config.ConfigFileTypeHandler/CONFIG]: Config file waystones-common.toml changed, sending notifies
[02May2025 18:43:57.502] [main/DEBUG] [net.minecraftforge.fml.config.ConfigFileTypeHandler/CONFIG]: Loaded TOML config file /workspaces/proyectosjr/servidor_minecraft/config/alexsmobs.toml
[02May2025 18:43:57.502] [main/DEBUG] [net.minecraftforge.fml.config.ConfigFileTypeHandler/CONFIG]: Watching TOML config file /workspaces/proyectosjr/servidor_minecraft/config/alexsmobs.toml for changes
[02May2025 18:43:57.695] [Thread-2/DEBUG] [net.minecraftforge.fml.config.ConfigFileTypeHandler/CONFIG]: Config file alexsmobs.toml changed, sending notifies
[02May2025 18:43:57.711] [main/DEBUG] [net.minecraftforge.fml.config.ConfigFileTypeHandler/CONFIG]: Built TOML config for /workspaces/proyectosjr/servidor_minecraft/config/sophisticatedbackpacks-common.toml
[02May2025 18:43:57.711] [main/DEBUG] [net.minecraftforge.fml.config.ConfigFileTypeHandler/CONFIG]: Loaded TOML config file /workspaces/proyectosjr/servidor_minecraft/config/sophisticatedbackpacks-common.toml
[02May2025 18:43:57.711] [main/DEBUG] [net.minecraftforge.fml.config.ConfigFileTypeHandler/CONFIG]: Watching TOML config file /workspaces/proyectosjr/servidor_minecraft/config/sophisticatedbackpacks-common.toml for changes
[02May2025 18:43:57.864] [main/DEBUG] [net.minecraftforge.fml.config.ConfigFileTypeHandler/CONFIG]: Built TOML config for /workspaces/proyectosjr/servidor_minecraft/config/balm-common.toml
[02May2025 18:43:57.864] [Thread-2/DEBUG] [net.minecraftforge.fml.config.ConfigFileTypeHandler/CONFIG]: Config file sophisticatedbackpacks-common.toml changed, sending notifies
[02May2025 18:43:57.864] [Thread-2/DEBUG] [net.minecraftforge.fml.config.ConfigFileTypeHandler/CONFIG]: Config file sophisticatedbackpacks-common.toml changed, sending notifies
[02May2025 18:43:57.911] [main/DEBUG] [net.minecraftforge.fml.config.ConfigFileTypeHandler/CONFIG]: Loaded TOML config file /workspaces/proyectosjr/servidor_minecraft/config/balm-common.toml
[02May2025 18:43:57.911] [main/DEBUG] [net.minecraftforge.fml.config.ConfigFileTypeHandler/CONFIG]: Watching TOML config file /workspaces/proyectosjr/servidor_minecraft/config/balm-common.toml for changes
[02May2025 18:43:57.912] [Thread-2/DEBUG] [net.minecraftforge.fml.config.ConfigFileTypeHandler/CONFIG]: Config file balm-common.toml changed, sending notifies
[02May2025 18:43:57.913] [Thread-2/DEBUG] [net.minecraftforge.fml.config.ConfigFileTypeHandler/CONFIG]: Config file balm-common.toml changed, sending notifies
[02May2025 18:43:57.915] [main/DEBUG] [net.minecraftforge.fml.config.ConfigFileTypeHandler/CONFIG]: Built TOML config for /workspaces/proyectosjr/servidor_minecraft/config/carryon-common.toml
[02May2025 18:43:57.916] [main/DEBUG] [net.minecraftforge.fml.config.ConfigFileTypeHandler/CONFIG]: Loaded TOML config file /workspaces/proyectosjr/servidor_minecraft/config/carryon-common.toml
[02May2025 18:43:57.916] [main/DEBUG] [net.minecraftforge.fml.config.ConfigFileTypeHandler/CONFIG]: Watching TOML config file /workspaces/proyectosjr/servidor_minecraft/config/carryon-common.toml for changes
[02May2025 18:43:58.088] [main/DEBUG] [net.minecraftforge.fml.config.ConfigFileTypeHandler/CONFIG]: Built TOML config for /workspaces/proyectosjr/servidor_minecraft/config/farmersdelight-common.toml
[02May2025 18:43:58.088] [Thread-2/DEBUG] [net.minecraftforge.fml.config.ConfigFileTypeHandler/CONFIG]: Config file carryon-common.toml changed, sending notifies
[02May2025 18:43:58.089] [main/DEBUG] [net.minecraftforge.fml.config.ConfigFileTypeHandler/CONFIG]: Loaded TOML config file /workspaces/proyectosjr/servidor_minecraft/config/farmersdelight-common.toml
[02May2025 18:43:58.092] [main/DEBUG] [net.minecraftforge.fml.config.ConfigFileTypeHandler/CONFIG]: Watching TOML config file /workspaces/proyectosjr/servidor_minecraft/config/farmersdelight-common.toml for changes
[02May2025 18:43:58.095] [main/DEBUG] [net.minecraftforge.fml.config.ConfigFileTypeHandler/CONFIG]: Built TOML config for /workspaces/proyectosjr/servidor_minecraft/config/torchmaster.toml
[02May2025 18:43:58.096] [main/DEBUG] [net.minecraftforge.fml.config.ConfigFileTypeHandler/CONFIG]: Loaded TOML config file /workspaces/proyectosjr/servidor_minecraft/config/torchmaster.toml
[02May2025 18:43:58.097] [main/DEBUG] [net.minecraftforge.fml.config.ConfigFileTypeHandler/CONFIG]: Watching TOML config file /workspaces/proyectosjr/servidor_minecraft/config/torchmaster.toml for changes
[02May2025 18:43:58.099] [main/DEBUG] [net.minecraftforge.fml.config.ConfigFileTypeHandler/CONFIG]: Built TOML config for /workspaces/proyectosjr/servidor_minecraft/config/moonlight-common.toml
[02May2025 18:43:58.100] [main/DEBUG] [net.minecraftforge.fml.config.ConfigFileTypeHandler/CONFIG]: Loaded TOML config file /workspaces/proyectosjr/servidor_minecraft/config/moonlight-common.toml
[02May2025 18:43:58.100] [main/DEBUG] [net.minecraftforge.fml.config.ConfigFileTypeHandler/CONFIG]: Watching TOML config file /workspaces/proyectosjr/servidor_minecraft/config/moonlight-common.toml for changes
[02May2025 18:43:58.102] [main/DEBUG] [net.minecraftforge.fml.config.ConfigFileTypeHandler/CONFIG]: Built TOML config for /workspaces/proyectosjr/servidor_minecraft/config/curios-common.toml
[02May2025 18:43:58.103] [main/DEBUG] [net.minecraftforge.fml.config.ConfigFileTypeHandler/CONFIG]: Loaded TOML config file /workspaces/proyectosjr/servidor_minecraft/config/curios-common.toml
[02May2025 18:43:58.103] [main/DEBUG] [net.minecraftforge.fml.config.ConfigFileTypeHandler/CONFIG]: Watching TOML config file /workspaces/proyectosjr/servidor_minecraft/config/curios-common.toml for changes
[02May2025 18:43:58.104] [main/DEBUG] [net.minecraftforge.fml.config.ConfigFileTypeHandler/CONFIG]: Built TOML config for /workspaces/proyectosjr/servidor_minecraft/config/zeta-common.toml
[02May2025 18:43:58.104] [main/DEBUG] [net.minecraftforge.fml.config.ConfigFileTypeHandler/CONFIG]: Loaded TOML config file /workspaces/proyectosjr/servidor_minecraft/config/zeta-common.toml
[02May2025 18:43:58.107] [main/DEBUG] [net.minecraftforge.fml.config.ConfigFileTypeHandler/CONFIG]: Watching TOML config file /workspaces/proyectosjr/servidor_minecraft/config/zeta-common.toml for changes
[02May2025 18:43:58.108] [main/DEBUG] [net.minecraftforge.fml.config.ConfigFileTypeHandler/CONFIG]: Built TOML config for /workspaces/proyectosjr/servidor_minecraft/config/supplementaries-common.toml
[02May2025 18:43:58.117] [main/DEBUG] [net.minecraftforge.fml.config.ConfigFileTypeHandler/CONFIG]: Loaded TOML config file /workspaces/proyectosjr/servidor_minecraft/config/supplementaries-common.toml
[02May2025 18:43:58.118] [main/DEBUG] [net.minecraftforge.fml.config.ConfigFileTypeHandler/CONFIG]: Watching TOML config file /workspaces/proyectosjr/servidor_minecraft/config/supplementaries-common.toml for changes
[02May2025 18:43:58.124] [main/DEBUG] [net.minecraftforge.fml.config.ConfigFileTypeHandler/CONFIG]: Built TOML config for /workspaces/proyectosjr/servidor_minecraft/config/quark-common.toml
[02May2025 18:43:58.138] [main/DEBUG] [net.minecraftforge.fml.config.ConfigFileTypeHandler/CONFIG]: Loaded TOML config file /workspaces/proyectosjr/servidor_minecraft/config/quark-common.toml
[02May2025 18:43:58.138] [main/DEBUG] [net.minecraftforge.fml.config.ConfigFileTypeHandler/CONFIG]: Watching TOML config file /workspaces/proyectosjr/servidor_minecraft/config/quark-common.toml for changes
[02May2025 18:43:58.175] [main/DEBUG] [net.minecraftforge.fml.config.ConfigFileTypeHandler/CONFIG]: Built TOML config for /workspaces/proyectosjr/servidor_minecraft/config/betterstrongholds-forge-1_20.toml
[02May2025 18:43:58.180] [main/DEBUG] [net.minecraftforge.fml.config.ConfigFileTypeHandler/CONFIG]: Loaded TOML config file /workspaces/proyectosjr/servidor_minecraft/config/betterstrongholds-forge-1_20.toml
[02May2025 18:43:58.181] [main/DEBUG] [net.minecraftforge.fml.config.ConfigFileTypeHandler/CONFIG]: Watching TOML config file /workspaces/proyectosjr/servidor_minecraft/config/betterstrongholds-forge-1_20.toml for changes
[02May2025 18:43:58.185] [main/DEBUG] [net.minecraftforge.fml.config.ConfigFileTypeHandler/CONFIG]: Built TOML config for /workspaces/proyectosjr/servidor_minecraft/config/tombstone-common.toml
[02May2025 18:43:58.196] [main/DEBUG] [net.minecraftforge.fml.config.ConfigFileTypeHandler/CONFIG]: Loaded TOML config file /workspaces/proyectosjr/servidor_minecraft/config/tombstone-common.toml
[02May2025 18:43:58.196] [main/DEBUG] [net.minecraftforge.fml.config.ConfigFileTypeHandler/CONFIG]: Watching TOML config file /workspaces/proyectosjr/servidor_minecraft/config/tombstone-common.toml for changes
[02May2025 18:43:58.200] [main/DEBUG] [net.minecraftforge.fml.config.ConfigFileTypeHandler/CONFIG]: Built TOML config for /workspaces/proyectosjr/servidor_minecraft/config/aiimprovements-common.toml
[02May2025 18:43:58.205] [main/DEBUG] [net.minecraftforge.fml.config.ConfigFileTypeHandler/CONFIG]: Loaded TOML config file /workspaces/proyectosjr/servidor_minecraft/config/aiimprovements-common.toml
[02May2025 18:43:58.207] [main/DEBUG] [net.minecraftforge.fml.config.ConfigFileTypeHandler/CONFIG]: Watching TOML config file /workspaces/proyectosjr/servidor_minecraft/config/aiimprovements-common.toml for changes
[02May2025 18:43:58.208] [main/DEBUG] [net.minecraftforge.fml.config.ConfigFileTypeHandler/CONFIG]: Built TOML config for /workspaces/proyectosjr/servidor_minecraft/config/bettermineshafts-forge-1_20.toml
[02May2025 18:43:58.208] [main/DEBUG] [net.minecraftforge.fml.config.ConfigFileTypeHandler/CONFIG]: Loaded TOML config file /workspaces/proyectosjr/servidor_minecraft/config/bettermineshafts-forge-1_20.toml
[02May2025 18:43:58.209] [main/DEBUG] [net.minecraftforge.fml.config.ConfigFileTypeHandler/CONFIG]: Watching TOML config file /workspaces/proyectosjr/servidor_minecraft/config/bettermineshafts-forge-1_20.toml for changes
[02May2025 18:43:58.269] [Thread-2/DEBUG] [net.minecraftforge.fml.config.ConfigFileTypeHandler/CONFIG]: Config file carryon-common.toml changed, sending notifies
[02May2025 18:43:58.494] [Thread-2/DEBUG] [net.minecraftforge.fml.config.ConfigFileTypeHandler/CONFIG]: Config file moonlight-common.toml changed, sending notifies
[02May2025 18:43:58.495] [Thread-2/DEBUG] [net.minecraftforge.fml.config.ConfigFileTypeHandler/CONFIG]: Config file betterstrongholds-forge-1_20.toml changed, sending notifies
[02May2025 18:43:58.506] [Thread-2/DEBUG] [net.minecraftforge.fml.config.ConfigFileTypeHandler/CONFIG]: Config file aiimprovements-common.toml changed, sending notifies
[02May2025 18:43:58.812] [Forge Version Check/INFO] [net.minecraftforge.fml.VersionChecker/]: [forge] Starting version check at https://files.minecraftforge.net/net/minecraftforge/forge/promotions_slim.json
[02May2025 18:43:59.077] [Forge Version Check/DEBUG] [net.minecraftforge.fml.VersionChecker/]: [forge] Received version check data:
{
  "homepage": "https://files.minecraftforge.net/net/minecraftforge/forge/",
  "promos": {
    "1.1-latest": "1.3.4.29",
    "1.2.3-latest": "1.4.1.64",
    "1.2.4-latest": "2.0.0.68",
    "1.2.5-latest": "3.4.9.171",
    "1.3.2-latest": "4.3.5.318",
    "1.4.0-latest": "5.0.0.326",
    "1.4.1-latest": "6.0.0.329",
    "1.4.2-latest": "6.0.1.355",
    "1.4.3-latest": "6.2.1.358",
    "1.4.4-latest": "6.3.0.378",
    "1.4.5-latest": "6.4.2.448",
    "1.4.6-latest": "6.5.0.489",
    "1.4.7-latest": "6.6.2.534",
    "1.5-latest": "7.7.0.598",
    "1.5.1-latest": "7.7.2.682",
    "1.5.2-latest": "7.8.1.738",
    "1.5.2-recommended": "7.8.1.738",
    "1.6.1-latest": "8.9.0.775",
    "1.6.2-latest": "9.10.1.871",
    "1.6.2-recommended": "9.10.1.871",
    "1.6.3-latest": "9.11.0.878",
    "1.6.4-latest": "9.11.1.1345",
    "1.6.4-recommended": "9.11.1.1345",
    "1.7.2-latest": "10.12.2.1161",
    "1.7.2-recommended": "10.12.2.1161",
    "1.7.10_pre4-latest": "10.12.2.1149",
    "1.7.10-latest": "10.13.4.1614",
    "1.7.10-recommended": "10.13.4.1614",
    "1.8-latest": "11.14.4.1577",
    "1.8-recommended": "11.14.4.1563",
    "1.8.8-latest": "11.15.0.1655",
    "1.8.9-latest": "11.15.1.2318",
    "1.8.9-recommended": "11.15.1.2318",
    "1.9-latest": "12.16.1.1938",
    "1.9-recommended": "12.16.1.1887",
    "1.9.4-latest": "12.17.0.2317",
    "1.9.4-recommended": "12.17.0.2317",
    "1.10-latest": "12.18.0.2000",
    "1.10.2-latest": "12.18.3.2511",
    "1.10.2-recommended": "12.18.3.2511",
    "1.11-latest": "13.19.1.2199",
    "1.11-recommended": "13.19.1.2189",
    "1.11.2-latest": "13.20.1.2588",
    "1.11.2-recommended": "13.20.1.2588",
    "1.12-latest": "14.21.1.2443",
    "1.12-recommended": "14.21.1.2387",
    "1.12.1-latest": "14.22.1.2485",
    "1.12.1-recommended": "14.22.1.2478",
    "1.12.2-latest": "14.23.5.2860",
    "1.12.2-recommended": "14.23.5.2859",
    "1.13.2-latest": "25.0.223",
    "1.14.2-latest": "26.0.63",
    "1.14.3-latest": "27.0.60",
    "1.14.4-latest": "28.2.26",
    "1.14.4-recommended": "28.2.26",
    "1.15-latest": "29.0.4",
    "1.15.1-latest": "30.0.51",
    "1.15.2-latest": "31.2.57",
    "1.15.2-recommended": "31.2.57",
    "1.16.1-latest": "32.0.108",
    "1.16.2-latest": "33.0.61",
    "1.16.3-latest": "34.1.42",
    "1.16.3-recommended": "34.1.0",
    "1.16.4-latest": "35.1.37",
    "1.16.4-recommended": "35.1.4",
    "1.16.5-latest": "36.2.42",
    "1.16.5-recommended": "36.2.34",
    "1.17.1-latest": "37.1.1",
    "1.17.1-recommended": "37.1.1",
    "1.18-latest": "38.0.17",
    "1.18.1-latest": "39.1.2",
    "1.18.1-recommended": "39.1.0",
    "1.18.2-recommended": "40.3.0",
    "1.18.2-latest": "40.3.10",
    "1.19-latest": "41.1.0",
    "1.19-recommended": "41.1.0",
    "1.19.1-latest": "42.0.9",
    "1.19.2-recommended": "43.5.0",
    "1.19.2-latest": "43.5.0",
    "1.19.3-latest": "44.1.23",
    "1.19.3-recommended": "44.1.0",
    "1.19.4-recommended": "45.4.0",
    "1.19.4-latest": "45.4.0",
    "1.20-latest": "46.0.14",
    "1.20.1-recommended": "47.4.0",
    "1.20.1-latest": "47.4.0",
    "1.20.2-latest": "48.1.0",
    "1.20.2-recommended": "48.1.0",
    "1.20.3-latest": "49.0.2",
    "1.20.4-latest": "49.2.0",
    "1.20.4-recommended": "49.2.0",
    "1.20.6-latest": "50.2.0",
    "1.20.6-recommended": "50.2.0",
    "1.21-latest": "51.0.33",
    "1.21.1-latest": "52.1.1",
    "1.21.1-recommended": "52.1.0",
    "1.21.3-latest": "53.1.1",
    "1.21.3-recommended": "53.1.0",
    "1.21.4-latest": "54.1.3",
    "1.21.4-recommended": "54.1.0",
    "1.21.5-latest": "55.0.9"
  }
}
[02May2025 18:43:59.078] [Forge Version Check/INFO] [net.minecraftforge.fml.VersionChecker/]: [forge] Found status: OUTDATED Current: 47.3.7 Target: 47.4.0
[02May2025 18:43:59.087] [Forge Version Check/INFO] [net.minecraftforge.fml.VersionChecker/]: [moonlight] Starting version check at https://raw.githubusercontent.com/MehVahdJukaar/Moonlight/multi-loader/forge/update.json
[02May2025 18:43:59.149] [modloading-worker-0/DEBUG] [mixin/]: Mixing MixinSlotAttribute from curios.mixins.json into top.theillusivec4.curios.api.SlotAttribute
[02May2025 18:43:59.154] [modloading-worker-0/DEBUG] [mixin/]: Mixing MixinCuriosApi from curios.mixins.json into top.theillusivec4.curios.api.CuriosApi
[02May2025 18:43:59.205] [Forge Version Check/DEBUG] [net.minecraftforge.fml.VersionChecker/]: [moonlight] Received version check data:
{
  "homepage": "https://www.curseforge.com/minecraft/mc-mods/selene",
  "promos": {
    "1.19.2-latest": "1.19.2-2.3.7",
    "1.19.2-recommended": "1.19.2-2.3.7"
  }
}
[02May2025 18:43:59.205] [Forge Version Check/INFO] [net.minecraftforge.fml.VersionChecker/]: [moonlight] Found status: BETA Current: 1.20-2.13.83 Target: null
[02May2025 18:43:59.208] [Forge Version Check/INFO] [net.minecraftforge.fml.VersionChecker/]: [supplementaries] Starting version check at https://raw.githubusercontent.com/MehVahdJukaar/Supplementaries/1.20/forge/update.json
[02May2025 18:43:59.236] [Forge Version Check/DEBUG] [net.minecraftforge.fml.VersionChecker/]: [supplementaries] Received version check data:
{
  "homepage": "https://www.curseforge.com/minecraft/mc-mods/supplementaries",
  "promos": {
    "1.20-latest": "1.20-2.6.1",
    "1.20-recommended": "1.20-2.6.1"
  }
}
[02May2025 18:43:59.238] [Forge Version Check/INFO] [net.minecraftforge.fml.VersionChecker/]: [supplementaries] Found status: BETA Current: 1.20-3.1.30 Target: null
[02May2025 18:43:59.238] [Forge Version Check/INFO] [net.minecraftforge.fml.VersionChecker/]: [inventoryhud] Starting version check at https://raw.githubusercontent.com/DmitryLovin/pluginUpdate/master/invupdate.json
[02May2025 18:43:59.274] [Forge Version Check/DEBUG] [net.minecraftforge.fml.VersionChecker/]: [inventoryhud] Received version check data:
{
  "homepage": "https://www.curseforge.com/minecraft/mc-mods/inventory-hud-forge",
  "1.21.5": {
    "3.4.27": "1.21.5 release"
  },
  "1.21.4": {
    "3.4.27": "1.21.4 release"
  },
  "1.21.3": {
    "3.4.27": "1.21.3 release"
  },
  "1.21.1": {
    "3.4.26": "1.21.1 release"
  },
  "1.21": {
    "3.4.21": "1.21 release",
    "3.4.22": "added Turkish language\nadded Portuguese language\nsome render fixes",
    "3.4.23": "added Hungarian language\nadded Ukrainian language\nsmall config GUI fix",
    "3.4.24": "fixed button width bug\nadded Czech language\nadded Korean language",
    "3.4.26": "added Chinese Traditional (Taiwan) language"
  },
  "1.20.6": {
    "3.4.21": "1.20.6 release",
    "3.4.22": "added Turkish language\nadded Portuguese language\nsome render fixes",
    "3.4.23": "added Hungarian language\nadded Ukrainian language\nsmall config GUI fix",
    "3.4.24": "fixed button width bug\nadded Czech language\nadded Korean language",
    "3.4.26": "added Chinese Traditional (Taiwan) language"
  },
  "1.20.4": {
    "3.4.19": "1.20.3 release",
    "3.4.20": "fixed issue #130 By sporefreak when mod keybinds trigger everywhere",
    "3.4.22": "added Turkish language\nadded Portuguese language\nsome render fixes",
    "3.4.23": "added Hungarian language\nadded Ukrainian language\nsmall config GUI fix",
    "3.4.24": "fixed button width bug\nadded Czech language\nadded Korean language",
    "3.4.26": "added Chinese Traditional (Taiwan) language"
  },
  "1.20.3": {
    "3.4.19": "1.20.3 release"
  },
  "1.20.2": {
    "3.4.19": "1.20.2 release"
  },
  "1.20.1": {
    "3.4.13": "1.20 release",
    "3.4.14": "new option to hide HUDs with debug gui opened\nnew option to hide arrows count when now weapon in your hands\nnew option to show effect levels higher than 9",
    "3.4.15": "Italian translation",
    "3.4.17": "French and Japanese translations",
    "3.4.18": "German translation",
    "3.4.22": "added Turkish language\nadded Portuguese language\nsome render fixes",
    "3.4.23": "added Hungarian language\nadded Ukrainian language\nsmall config GUI fix",
    "3.4.24": "fixed button width bug\nadded Czech language\nadded Korean language",
    "3.4.26": "added Chinese Traditional (Taiwan) language"
  },
  "1.20": {
    "3.4.13": "1.20 release",
    "3.4.14": "new option to hide HUDs with debug gui opened\nnew option to hide arrows count when now weapon in your hands\nnew option to show effect levels higher than 9",
    "3.4.15": "Italian translation",
    "3.4.17": "French and Japanese translations",
    "3.4.18": "German translation",
    "3.4.22": "added Turkish language\nadded Portuguese language\nsome render fixes",
    "3.4.23": "added Hungarian language\nadded Ukrainian language\nsmall config GUI fix",
    "3.4.24": "fixed button width bug\nadded Czech language\nadded Korean language",
    "3.4.26": "added Chinese Traditional (Taiwan) language"
  },
  "1.19.4": {
    "3.4.8": "new 'keep notify' setting, you can toggle it off to be notified only once per version\nnew 'show hidden effects' setting, you can hide icons for hidden effect, like in vanilla version\nnew effects blacklist system, potion hud will ignore effects from this list",
    "3.4.9": "critical error hot fix",
    "3.4.10": "curios/trinkets fixes",
    "3.4.11": "Numeric text field fix",
    "3.4.12": "some fixes and new ammo calculation",
    "3.4.14": "new option to hide HUDs with debug gui opened\nnew option to hide arrows count when now weapon in your hands\nnew option to show effect levels higher than 9",
    "3.4.15": "Italian translation",
    "3.4.17": "French and Japanese translations",
    "3.4.18": "German translation",
    "3.4.22": "added Turkish language\nadded Portuguese language\nsome render fixes",
    "3.4.23": "added Hungarian language\nadded Ukrainian language\nsmall config GUI fix",
    "3.4.24": "fixed button width bug\nadded Czech language\nadded Korean language",
    "3.4.26": "added Chinese Traditional (Taiwan) language"
  },
  "1.19.3": {
    "3.4.6": "new forge registris",
    "3.4.7": "cross version for 1.19.2 and 1.19.3"
  },
  "1.19.2": {
    "3.4.6": "new forge registris",
    "3.4.7": "cross version for 1.19.2 and 1.19.3",
    "3.4.23": "added Hungarian language\nadded Ukrainian language\nsmall config GUI fix",
    "3.4.24": "fixed button width bug\nadded Czech language\nadded Korean language",
    "3.4.26": "added Chinese Traditional (Taiwan) language"
  },
  "1.19.1": {
    "3.4.6": "new forge registris"
  },
  "1.19": {
    "3.4.2": "fabric 1.19",
    "3.4.4": "1.19",
    "3.4.5": "curios support",
    "3.4.6": "new forge registris"
  },
  "1.18.2": {
    "3.4.2": "1.18.1",
    "3.4.3": "1.18.1",
    "3.4.4": "(forge) fixed server init",
    "3.4.8": "new 'keep notify' setting, you can toggle it off to be notified only once per version\nnew 'show hidden effects' setting, you can hide icons for hidden effect, like in vanilla version\nnew effects blacklist system, potion hud will ignore effects from this list",
    "3.4.9": "critical error hot fix",
    "3.4.10": "curios/trinkets fixes",
    "3.4.12": "some fixes and new ammo calculation",
    "3.4.14": "new option to hide HUDs with debug gui opened\nnew option to hide arrows count when now weapon in your hands\nnew option to show effect levels higher than 9",
    "3.4.15": "Italian translation",
    "3.4.16": "fixed save function for numeric text field. related to issue #118 By  guyguy18123",
    "3.4.17": "French and Japanese translations",
    "3.4.18": "German translation",
    "3.4.22": "added Turkish language\nadded Portuguese language\nsome render fixes",
    "3.4.23": "added Hungarian language\nadded Ukrainian language\nsmall config GUI fix",
    "3.4.24": "fixed button width bug\nadded Czech language\nadded Korean language",
    "3.4.26": "added Chinese Traditional (Taiwan) language"
  },
  "1.18.1": {
    "3.4.2": "1.18.1",
    "3.4.3": "1.18.1",
    "3.4.4": "(forge) fixed server init"
  },
  "1.18": {
    "3.4.1": "1.18 release",
    "3.4.2": "curios fixes (forge only)\nfixed issue #58 By Baenjamin (fabric only)",
    "3.4.3": "fixed issue (#60 By  codingandtea) with curios implementation",
    "3.4.4": "(forge) fixed server init"
  },
  "1.17.1": {
    "3.3.2": "nothing here",
    "3.3.3": "forge",
    "3.3.4": "vanilla potion icons are now disabled when potion hud is enabled",
    "3.4.0": "added trinkets support\nadded chinese language\nadded spanish language\nadded notification system for future updates",
    "3.4.1": "added bar duration setting"
  },
  "1.17": {
    "3.3.1": "released for 1.17\nadded update notification system",
    "3.3.2": "fixed issue #38 By  gamingoninsulin",
    "3.3.3": "forge release",
    "3.3.4": "vanilla potion icons are now disabled when potion hud is enabled",
    "3.4.0": "added trinkets support\nadded chinese language\nadded spanish language\nadded notification system for future updates",
    "3.4.1": "added bar duration setting"
  },
  "1.16.1": {
    "3.0": "new mini mode for Potion HUD\nArmor HUD now shows count of arrows in full plus inv mode\nnew Ingame config menu, where you can change position of the HUDs and toggle them on/off",
    "3.0.1": " small compatibility fixes.",
    "3.1.0": "new vertical mode for InventoryHUD\nnew mini mode for InventoryHUD\nPotionHUD now has gap option\nfixed bug when potions was rendering above debug screen\npotion rendering system was reworked, now all potions from any mod should render",
    "3.1.1": "now one version for 1.16.1, 1.16.2 and 1.16.3\nnew colors for armor hud\nfixed issue #8 By just_some_user\nfixed issue #7 By just_some_user\nchanged default key binding for options, now 'O'\nkey binding for options is now open full config screen instead of changing position",
    "3.1.2": "added new option in armor hud config (durability bars)",
    "3.1.3": "fixed issue with loading config\nfixed some texts issues",
    "3.1.4": "fixed issue with potion level icon",
    "3.2.1": "fixed issue #24 By  cartenavigom",
    "3.2.2": "fixed issue #27 By Gberqz"
  },
  "1.16.2": {
    "3.1.0": "new vertical mode for InventoryHUD\nnew mini mode for InventoryHUD\nPotionHUD now has gap option\nfixed bug when potions was rendering above debug screen\npotion rendering system was reworked, now all potions from any mod should render",
    "3.1.1": "now one version for 1.16.1, 1.16.2 and 1.16.3\nnew colors for armor hud\nfixed issue #8 By just_some_user\nfixed issue #7 By just_some_user\nchanged default key binding for options, now 'O'\nkey binding for options is now open full config screen instead of changing position",
    "3.1.2": "added new option in armor hud config (durability bars)",
    "3.1.3": "fixed issue with loading config\nfixed some texts issues",
    "3.1.4": "fixed issue with potion level icon",
    "3.2.0": "new Inventory HUD background (with configurable alpha)\nDisebleable ArmorHUD numbers\nevery item in ArmorHUD now moveble\nnew config screen\nfixed issue when quiver and inventory icons rendered wrong with left-handed players.\nfixed issue when lang files didn't work.",
    "3.2.1": "fixed issue #24 By  cartenavigom",
    "3.2.2": "fixed issue #27 By Gberqz",
    "3.3.0": "added animation for recently picked up items\nadded possibility to hide InventoryHUD background if inventory is empty\nchanged size of InventoryHUD background\nadded new option for ArmorHUD show overall item count for main/off hand\nArmorHUD is now scalable\nadded new horizontal mode for PotionHUD\nadded keybind for toggle on/off Potion and Armor HUDs",
    "3.4.0": "added trinkets support\nadded chinese language\nadded spanish language\nadded notification system for future updates",
    "3.4.1": "added bar duration setting"
  },
  "1.16.3": {
    "3.1.0": "new vertical mode for InventoryHUD\nnew mini mode for InventoryHUD\nPotionHUD now has gap option\nfixed bug when potions was rendering above debug screen\npotion rendering system was reworked, now all potions from any mod should render",
    "3.1.1": "now one version for 1.16.1, 1.16.2 and 1.16.3\nnew colors for armor hud\nfixed issue #8 By just_some_user\nfixed issue #7 By just_some_user\nchanged default key binding for options, now 'O'\nkey binding for options is now open full config screen instead of changing position",
    "3.1.2": "added new option in armor hud config (durability bars)",
    "3.1.3": "fixed issue with loading config\nfixed some texts issues",
    "3.1.4": "fixed issue with potion level icon",
    "3.2.0": "new Inventory HUD background (with configurable alpha)\nDisebleable ArmorHUD numbers\nevery item in ArmorHUD now moveble\nnew config screen\nfixed issue when quiver and inventory icons rendered wrong with left-handed players.\nfixed issue when lang files didn't work.",
    "3.2.1": "fixed issue #24 By  cartenavigom",
    "3.2.2": "fixed issue #27 By Gberqz",
    "3.3.0": "added animation for recently picked up items\nadded possibility to hide InventoryHUD background if inventory is empty\nchanged size of InventoryHUD background\nadded new option for ArmorHUD show overall item count for main/off hand\nArmorHUD is now scalable\nadded new horizontal mode for PotionHUD\nadded keybind for toggle on/off Potion and Armor HUDs",
    "3.4.0": "added trinkets support\nadded chinese language\nadded spanish language\nadded notification system for future updates",
    "3.4.1": "added bar duration setting"
  },
  "1.16.4": {
    "3.1.3": "fixed issue with loading config\nfixed some texts issues",
    "3.1.4": "fixed issue with potion level icon",
    "3.2.0": "new Inventory HUD background (with configurable alpha)\nDisebleable ArmorHUD numbers\nevery item in ArmorHUD now moveble\nnew config screen\nfixed issue when quiver and inventory icons rendered wrong with left-handed players.\nfixed issue when lang files didn't work.",
    "3.2.1": "fixed issue #24 By  cartenavigom",
    "3.2.2": "fixed issue #27 By Gberqz",
    "3.3.0": "added animation for recently picked up items\nadded possibility to hide InventoryHUD background if inventory is empty\nchanged size of InventoryHUD background\nadded new option for ArmorHUD show overall item count for main/off hand\nArmorHUD is now scalable\nadded new horizontal mode for PotionHUD\nadded keybind for toggle on/off Potion and Armor HUDs",
    "3.4.0": "added trinkets support\nadded chinese language\nadded spanish language\nadded notification system for future updates",
    "3.4.1": "added bar duration setting"
  },
  "1.16.5": {
    "3.1.3": "fixed issue with loading config\nfixed some texts issues",
    "3.1.4": "fixed issue with potion level icon",
    "3.2.0": "new Inventory HUD background (with configurable alpha)\nDisebleable ArmorHUD numbers\nevery item in ArmorHUD now moveble\nnew config screen\nfixed issue when quiver and inventory icons rendered wrong with left-handed players.\nfixed issue when lang files didn't work.",
    "3.2.1": "fixed issue #24 By  cartenavigom",
    "3.2.2": "fixed issue #27 By Gberqz",
    "3.3.0": "added animation for recently picked up items\nadded possibility to hide InventoryHUD background if inventory is empty\nchanged size of InventoryHUD background\nadded new option for ArmorHUD show overall item count for main/off hand\nArmorHUD is now scalable\nadded new horizontal mode for PotionHUD\nadded keybind for toggle on/off Potion and Armor HUDs",
    "3.4.0": "added trinkets support\nadded chinese language\nadded spanish language\nadded notification system for future updates",
    "3.4.1": "added bar duration setting"
  },
  "1.15.2": {
    "1.3": "Some lang fixes",
    "2.0": "New features: armor damage hud & potions hud",
    "2.1": "Custom effects from most of mods now works correctly",
    "2.2": "Now you can change PotionHUD orientation from LEFT to RIGHT\nNow you can change ArmorStatusHUD orientation from MIDDLE to LEFT or RIGHT, also you can change position\nNew ConfigGUI",
    "2.2.1": "Armor orientation fixes and Potion Y pos fixes",
    "2.3": "Now u can hide armor if durability is above what u set in config..",
    "2.4": "new types of Orientation and you can change Orientation of any HUD",
    "2.5": "Now PotionHUD shows levels of the effects\nNow you can change alpha of PotionHUD background. Suggested by pyrezombie\nFixed Issue #3 by SelfyxT",
    "2.6": "ArmorStatus HUD now contains main and off hand items, and also counter of inventory empty slots, you can switch type and durability view via config",
    "2.6.1": "Fixed Issue #4 by sandalle",
    "3.0": "new mini mode for Potion HUD\nArmor HUD now shows count of arrows in full plus inv mode\nnew Ingame config menu, where you can change position of the HUDs and toggle them on/off",
    "3.0.1": " small compatibility fixes.",
    "3.1.0": "new vertical mode for InventoryHUD\nnew mini mode for InventoryHUD\nPotionHUD now has gap option\nfixed bug when potions was rendering above debug screen\npotion rendering system was reworked, now all potions from any mod should render",
    "3.1.1": "new colors for armor hud\nfixed issue #8 By just_some_user\nfixed issue #7 By just_some_user\nchanged default key binding for options, now 'O'\nkey binding for options is now open full config screen instead of changing position",
    "3.1.2": "added new option in armor hud config (durability bars)",
    "3.1.3": "fixed issue with loading config\nfixed some texts issues",
    "3.1.4": "fixed issue with potion level icon",
    "3.2.0": "new Inventory HUD background (with configurable alpha)\nDisebleable ArmorHUD numbers\nevery item in ArmorHUD now moveble\nnew config screen\nfixed issue when quiver and inventory icons rendered wrong with left-handed players\nfixed issue when lang files didn't work",
    "3.2.1": "fixed issue #24 By  cartenavigom",
    "3.3.0": "added animation for recently picked up items\nadded possibility to hide InventoryHUD background if inventory is empty\nchanged size of InventoryHUD background\nadded new option for ArmorHUD show overall item count for main/off hand\nArmorHUD is now scalable\nadded new horizontal mode for PotionHUD\nadded keybind for toggle on/off Potion and Armor HUDs",
    "3.4.0": "added trinkets support\nadded chinese language\nadded spanish language\nadded notification system for future updates",
    "3.4.1": "added bar duration setting"
  },
  "1.15.1": {
    "1.3": "Some lang fixes",
    "2.0": "New features: armor damage hud & potions hud",
    "2.1": "Custom effects from most of mods now works correctly",
    "2.2": "Now you can change PotionHUD orientation from LEFT to RIGHT\nNow you can change ArmorStatusHUD orientation from MIDDLE to LEFT or RIGHT, also you can change position\nNew ConfigGUI",
    "2.2.1": "Armor orientation fixes and Potion Y pos fixes",
    "2.3": "Now u can hide armor if durability is above what u set in config.",
    "2.4": "new types of Orientation and you can change Orientation of any HUD",
    "2.5": "Now PotionHUD shows levels of the effects\nNow you can change alpha of PotionHUD background. Suggested by pyrezombie\nFixed Issue #3 by SelfyxT",
    "2.6": "ArmorStatus HUD now contains main and off hand items, and also counter of inventory empty slots, you can switch type and durability view via config",
    "2.6.1": "Fixed Issue #4 by sandalle",
    "3.0": "new mini mode for Potion HUD\nArmor HUD now shows count of arrows in full plus inv mode\nnew Ingame config menu, where you can change position of the HUDs and toggle them on/off",
    "3.4.0": "added trinkets support\nadded chinese language\nadded spanish language\nadded notification system for future updates",
    "3.4.1": "added bar duration setting"
  },
  "1.14.4": {
    "1.4": "Some lang fixes",
    "2.0": "New features: armor damage hud & potions hud",
    "2.1": "Now has same features as 1.15 mod",
    "2.2": "Now PotionHUD shows levels of the effects\nNow you can change alpha of PotionHUD background. Suggested by pyrezombie\nFixed Issue #3 by SelfyxT",
    "2.3": "ArmorStatus HUD now contains main and off hand items, and also counter of inventory empty slots, you can switch type and durability view via config",
    "2.3.1": "Fixed Issue #4 by sandalle",
    "3.0": "new mini mode for Potion HUD\nArmor HUD now shows count of arrows in full plus inv mode\nnew Ingame config menu, where you can change position of the HUDs and toggle them on/off",
    "3.0.1": " small compatibility fixes.",
    "3.1.0": "new vertical mode for InventoryHUD\nnew mini mode for InventoryHUD\nPotionHUD now has gap option\nfixed bug when potions was rendering above debug screen\npotion rendering system was reworked, now all potions from any mod should render",
    "3.1.1": "new colors for armor hud\nfixed issue #8 By just_some_user\nfixed issue #7 By just_some_user\nchanged default key binding for options, now 'O'\nkey binding for options is now open full config screen instead of changing position",
    "3.2.1": "fixed issue #24 By  cartenavigom",
    "3.3.0": "added animation for recently picked up items\nadded possibility to hide InventoryHUD background if inventory is empty\nchanged size of InventoryHUD background\nadded new option for ArmorHUD show overall item count for main/off hand\nArmorHUD is now scalable\nadded new horizontal mode for PotionHUD\nadded keybind for toggle on/off Potion and Armor HUDs"
  },
  "1.12.2": {
    "1.0": "First release on 1.12.2",
    "1.1": "Potion icons fixes",
    "1.2": "Now PotionHUD shows levels of the effects\nNow you can change alpha of PotionHUD background. Suggested by pyrezombie\nPotionHUD support even more mods now\nFixed Issue #3 by SelfyxT",
    "1.2.1": "added more mods for PotionHUD",
    "1.3": "ArmorStatus HUD now contains main and off hand items, and also counter of inventory empty slots, you can switch type and durability view via config",
    "1.3.1": "Fixed Issue #4 by sandalle",
    "1.3.2": "Crash fixes!!!",
    "3.0.1": "new mini mode for Potion HUD\nArmor HUD now shows count of arrows in full plus inv mode\nnew Ingame config menu, where you can change position of the HUDs and toggle them on/off\nmod config screen now the same as in 1.14.4+ versions",
    "3.1.0": "new vertical mode for InventoryHUD\nnew mini mode for InventoryHUD\nPotionHUD now has gap option",
    "3.1.1": "fixed bug when bag and quiver had wrong color, thx Ackmard for report!",
    "3.1.2": "fixed issue when mod was spamming logs",
    "3.1.3": "Reworked potion icon rendering\nfixed issue #8 By just_some_user\nfixed issue #7 By just_some_user\nchanged default key binding for options, now 'O'\nkey binding for options is now open full config screen instead of changing position",
    "3.1.4": "new colors for armorhud",
    "3.1.5": "corail tombstones potion effects now has icons\nadded new option in armor hud config (durability bars)",
    "3.1.6": "fixed issue #11 By  just_some_user\nfixed issue #12 By  NoAim_Chomsky",
    "3.1.7": "added two more mods to potionhud integration",
    "3.1.9": "fixed issue with potion level icon",
    "3.2.0": "new Inventory HUD background (with configurable alpha)\nDisebleable ArmorHUD numbers\nevery item in ArmorHUD now moveble\nnew config screen\nfixed issue when quiver and inventory icons rendered wrong with left-handed players\nfixed issue when lang files didn't work",
    "3.2.1": "fixed issue #24 By  cartenavigom",
    "3.3.0": "added animation for recently picked up items\nadded possibility to hide InventoryHUD background if inventory is empty\nchanged size of InventoryHUD background\nadded new option for ArmorHUD show overall item count for main/off hand\nArmorHUD is now scalable\nadded new horizontal mode for PotionHUD\nadded keybind for toggle on/off Potion and Armor HUDs\nadded one more mod for PotionHUD integration",
    "3.3.1": "fixed issue #33 By  TCreopargh",
    "3.4.0": "added trinkets support\nadded chinese language\nadded spanish language\nadded notification system for future updates",
    "3.4.1": "added bar duration setting\nmore mods support potion hud",
    "3.4.4": "fixed version check\nadded more mods for potion hud"
  },
  "1.8.9": {
    "3.1.0": "RELEASE!",
    "3.1.1": "fixed issue with potion level icon",
    "3.2.0": "new Inventory HUD background (with configurable alpha)\nDisebleable ArmorHUD numbers\nevery item in ArmorHUD now moveble\nnew config screen\nfixed issue when quiver and inventory icons rendered wrong with left-handed players\nfixed issue when lang files didn't work",
    "3.2.1": "fixed issue #24 By  cartenavigom"
  },
  "promos": {
    "1.21.5-latest": "3.4.27",
    "1.21.5-recommended": "3.4.27",
    "1.21.5-fabric": "3.4.27",
    "1.21.4-latest": "3.4.27",
    "1.21.4-recommended": "3.4.27",
    "1.21.4-fabric": "3.4.27",
    "1.21.3-latest": "3.4.27",
    "1.21.3-recommended": "3.4.27",
    "1.21.3-fabric": "3.4.27",
    "1.21.1-latest": "3.4.26",
    "1.21.1-recommended": "3.4.26",
    "1.21.1-fabric": "3.4.26",
    "1.21-latest": "3.4.26",
    "1.21-recommended": "3.4.26",
    "1.21-fabric": "3.4.26",
    "1.20.6-latest": "3.4.26",
    "1.20.6-recommended": "3.4.26",
    "1.20.6-fabric": "3.4.26",
    "1.20.4-latest": "3.4.26",
    "1.20.4-recommended": "3.4.26",
    "1.20.4-fabric": "3.4.26",
    "1.20.3-latest": "3.4.19",
    "1.20.3-recommended": "3.4.19",
    "1.20.3-fabric": "3.4.19",
    "1.20.2-latest": "3.4.19",
    "1.20.2-recommended": "3.4.19",
    "1.20.2-fabric": "3.4.19",
    "1.20.1-latest": "3.4.26",
    "1.20.1-recommended": "3.4.26",
    "1.20.1-fabric": "3.4.26",
    "1.20-latest": "3.4.26",
    "1.20-recommended": "3.4.26",
    "1.20-fabric": "3.4.26",
    "1.19.4-latest": "3.4.26",
    "1.19.4-recommended": "3.4.26",
    "1.19.4-fabric": "3.4.26",
    "1.19.3-latest": "3.4.7",
    "1.19.3-recommended": "3.4.7",
    "1.19.3-fabric": "3.4.7",
    "1.19.2-latest": "3.4.26",
    "1.19.2-recommended": "3.4.26",
    "1.19.2-fabric": "3.4.26",
    "1.19.1-latest": "3.4.6",
    "1.19.1-recommended": "3.4.6",
    "1.19.1-fabric": "3.4.2",
    "1.19-latest": "3.4.6",
    "1.19-recommended": "3.4.6",
    "1.19-fabric": "3.4.2",
    "1.18.2-latest": "3.4.26",
    "1.18.2-recommended": "3.4.26",
    "1.18.2-fabric": "3.4.26",
    "1.18.1-latest": "3.4.4",
    "1.18.1-recommended": "3.4.4",
    "1.18.1-fabric": "3.4.2",
    "1.18-latest": "3.4.4",
    "1.18-recommended": "3.4.4",
    "1.18-fabric": "3.4.2",
    "1.17.1-latest": "3.4.1",
    "1.17.1-recommended": "3.4.1",
    "1.17.1-fabric": "3.4.1",
    "1.17-latest": "3.4.1",
    "1.17-recommended": "3.4.1",
    "1.17-fabric": "3.4.1",
    "1.16.5-fabric": "3.4.1",
    "1.16.4-fabric": "3.4.1",
    "1.16.3-fabric": "3.4.1",
    "1.16.2-fabric": "3.4.1",
    "1.16.5-latest": "3.4.1",
    "1.16.5-recommended": "3.4.1",
    "1.16.4-latest": "3.4.1",
    "1.16.4-recommended": "3.4.1",
    "1.16.3-latest": "3.4.1",
    "1.16.3-recommended": "3.4.1",
    "1.16.2-latest": "3.4.1",
    "1.16.2-recommended": "3.4.1",
    "1.16.1-latest": "3.3.0",
    "1.16.1-recommended": "3.3.0",
    "1.15.2-fabric": "3.410",
    "1.15.1-fabric": "3.4.1",
    "1.15.2-latest": "3.4.1",
    "1.15.2-recommended": "3.4.1",
    "1.15.1-latest": "3.0",
    "1.15.1-recommended": "3.0",
    "1.14.4-latest": "3.3.0",
    "1.14.4-recommended": "3.3.0",
    "1.12.2-latest": "3.4.4",
    "1.12.2-recommended": "3.4.4",
    "1.8.9-latest": "3.2.1",
    "1.8.9-recommended": "3.2.1"
  }
}
[02May2025 18:43:59.286] [Forge Version Check/INFO] [net.minecraftforge.fml.VersionChecker/]: [inventoryhud] Found status: UP_TO_DATE Current: 3.4.26 Target: null
[02May2025 18:43:59.287] [Forge Version Check/INFO] [net.minecraftforge.fml.VersionChecker/]: [tombstone] Starting version check at https://raw.githubusercontent.com/Corail31/tombstone_lite/master/update.json
[02May2025 18:43:59.332] [Forge Version Check/DEBUG] [net.minecraftforge.fml.VersionChecker/]: [tombstone] Received version check data:
{
	"homepage": "https://www.curseforge.com/minecraft/mc-mods/corail-tombstone",
	"promos": {
		"1.21.5-latest": "9.4.0",
		"1.21.5-recommended": "9.4.0",
		"1.21.4-latest": "9.3.7",
		"1.21.4-recommended": "9.3.7",
		"1.21.3-latest": "9.2.4",
		"1.21.3-recommended": "9.2.4",
		"1.21.1-latest": "9.1.10",
		"1.21.1-recommended": "9.1.10",
		"1.20.4-latest": "8.6.4",
		"1.20.4-recommended": "8.6.4",
		"1.20.2-latest": "8.6.3",
		"1.20.2-recommended": "8.6.3",
		"1.20.1-latest": "8.9.4",
		"1.20.1-recommended": "8.9.4",
		"1.19.4-latest": "8.4.2",
		"1.19.4-recommended": "8.4.2",
		"1.19.3-latest": "8.3.2",
		"1.19.3-recommended": "8.3.2",
		"1.19.2-latest": "8.3.7",
		"1.19.2-recommended": "8.3.7",
		"1.19.1-latest": "8.1.0",
		"1.19.1-recommended": "8.1.0",
		"1.18.2-latest": "7.7.6",
		"1.18.2-recommended": "7.7.6",
		"1.18.1-latest": "7.4.1",
		"1.18.1-recommended": "7.4.1",
		"1.17.1-latest": "7.3.0",
		"1.17.1-recommended": "7.3.0",
		"1.16.5-latest": "6.9.6",
		"1.16.5-recommended": "6.9.6",
		"1.15.2-latest": "4.6.0",
		"1.15.2-recommended": "4.6.0",
		"1.14.4-latest": "4.3.6",
		"1.14.4-recommended": "4.3.6",
		"1.13.2-latest": "3.5.2",
		"1.13.2-recommended": "3.5.2",
		"1.12.2-latest": "4.7.5",
		"1.12.2-recommended": "4.7.5",
		"1.11.2-latest": "2.9.0.1",
		"1.11.2-recommended": "2.9.0.1",
		"1.10.2-latest": "2.9.4",
		"1.10.2-recommended": "2.9.4",
		"1.9.4-latest": "1.4.1",
		"1.9.4-recommended": "1.4.1",
		"1.8.9-latest": "1.4.1",
		"1.8.9-recommended": "1.4.1"
	},
	"1.21.5": {
		"9.4.0": "initial port"
	},
	"1.21.4": {
		"9.3.7": "final version"
	},
	"1.21.3": {
		"9.2.4": "final version"
	},
	"1.21.1": {
		"9.1.10": "final version"
	},
	"1.20.4": {
		"8.6.4": "final version"
	},
	"1.20.2": {
		"8.6.3": "final version"
	},
	"1.20.1": {
		"8.9.4": "configs for special events",
		"8.9.3": "improvements",
		"8.9.2": "abandoned graves",
		"8.9.1": "improvements",
		"8.9.0": "improves enchantments",
		"8.8.6": "updates Christmas event"
	},
	"1.19.4": {
		"8.4.2": "final version"
	},
	"1.19.2": {
		"8.3.7": "final version"
	},
	"1.18.2": {
		"7.7.6": "final version"
	},
	"1.16.5": {
		"6.9.6": "final version"
	},
	"1.12.2": {
		"4.7.5": "final version"
	}
}
[02May2025 18:43:59.335] [Forge Version Check/INFO] [net.minecraftforge.fml.VersionChecker/]: [tombstone] Found status: UP_TO_DATE Current: 8.9.4 Target: null
[02May2025 18:43:59.338] [Forge Version Check/INFO] [net.minecraftforge.fml.VersionChecker/]: [nebs] Starting version check at https://infernalstudios.org/api/mods/nekosenchantedbooks/forge
[02May2025 18:43:59.759] [Forge Version Check/DEBUG] [net.minecraftforge.fml.VersionChecker/]: [nebs] Received version check data:
{"homepage":"https://infernalstudios.org/nekosenchantedbooks","promos":{"1.16.3-latest":"1.8.0","1.16.3-recommended":"1.8.0","1.16.4-latest":"1.8.0","1.16.4-recommended":"1.8.0","1.16.5-latest":"1.8.0","1.16.5-recommended":"1.8.0","1.17.1-latest":"1.7.0","1.17.1-recommended":"1.7.0","1.18.2-latest":"1.8.0","1.18.2-recommended":"1.8.0","1.18-latest":"1.8.0","1.18-recommended":"1.8.0","1.18.1-latest":"1.8.0","1.18.1-recommended":"1.8.0","1.19-latest":"1.8.0","1.19-recommended":"1.8.0","1.19.1-latest":"1.8.0","1.19.1-recommended":"1.8.0","1.19.2-latest":"1.8.0","1.19.2-recommended":"1.8.0","1.20-latest":"1.8.0","1.20-recommended":"1.8.0","1.20.1-latest":"1.8.0","1.20.1-recommended":"1.8.0","1.20.2-latest":"1.8.0","1.20.2-recommended":"1.8.0","1.20.3-latest":"1.8.0","1.20.3-recommended":"1.8.0","1.20.4-latest":"1.8.0","1.20.4-recommended":"1.8.0"},"1.16.3":{"1.0.0":"Initial Release","1.1.0":"Support for Jellyfishing and Apotheosis has been added!","1.2.0":"Support for VanillaTweaks, BetterDefaultBiomes, Wonderful Enchantments, Step and Leap has been added! 84 new sprites!\nIncompatibility with Wonderful Enchantments has been fixed!","1.3.0":"Support for Alex's Mobs, Advent of Ascension 3, Wonderful Enchantments, Shulker Enchantments, Allurement, Momentum, Elenai Dodge 2, Greed N' Bleed added!\nShout-out to Nebula240 (& Witherlord00) for helping with some of new sprites and code while I was burnt out!\nMarked the mod as client-side only so servers using it are no longer marked as incompatible (hopefully.)","1.4.0":"Support for Create, Corpse Complex, and BetterEnd added by chickenmcjesus!","1.5.0":"Support for Locks, Big Brain, Mining Master & Seeker Compass!\nAdded Allurement's missing Launch book","1.6.0":"Added compatibility with: \n- Ma Enchants\n- Brooms\n- Fins and Tails\n- Supplementaries","1.7.0":"Added compat for:\n- Domestication Innovation\n- Kobolds\n- Mythic Botany\n- Consecration\nThank you to MiteBeMana for commissioning the Domestication Innovation sprites! You're the reason this update is here! :D","1.8.0":"Added support for:\n- Minecraft 1.19/The Wild Backport\n- Ars Noveau\n- Copper Overhaul\n- Majruszs Enchantments\n- Domestication Innovation\n- Grappling Hook Mod\n- Inventorio \n- Aileron\n- Combat Roll\n- Shulker Enchantments\n- Block Swapper \n- Ars Nouveau \n- Auto Smelt \n- Spells and Shields \n- Origins"},"1.16.4":{"1.0.0":"Initial Release","1.1.0":"Support for Jellyfishing and Apotheosis has been added!","1.2.0":"Support for VanillaTweaks, BetterDefaultBiomes, Wonderful Enchantments, Step and Leap has been added! 84 new sprites!\nIncompatibility with Wonderful Enchantments has been fixed!","1.3.0":"Support for Alex's Mobs, Advent of Ascension 3, Wonderful Enchantments, Shulker Enchantments, Allurement, Momentum, Elenai Dodge 2, Greed N' Bleed added!\nShout-out to Nebula240 (& Witherlord00) for helping with some of new sprites and code while I was burnt out!\nMarked the mod as client-side only so servers using it are no longer marked as incompatible (hopefully.)","1.4.0":"Support for Create, Corpse Complex, and BetterEnd added by chickenmcjesus!","1.5.0":"Support for Locks, Big Brain, Mining Master & Seeker Compass!\nAdded Allurement's missing Launch book","1.6.0":"Added compatibility with: \n- Ma Enchants\n- Brooms\n- Fins and Tails\n- Supplementaries","1.7.0":"Added compat for:\n- Domestication Innovation\n- Kobolds\n- Mythic Botany\n- Consecration\nThank you to MiteBeMana for commissioning the Domestication Innovation sprites! You're the reason this update is here! :D","1.8.0":"Added support for:\n- Minecraft 1.19/The Wild Backport\n- Ars Noveau\n- Copper Overhaul\n- Majruszs Enchantments\n- Domestication Innovation\n- Grappling Hook Mod\n- Inventorio \n- Aileron\n- Combat Roll\n- Shulker Enchantments\n- Block Swapper \n- Ars Nouveau \n- Auto Smelt \n- Spells and Shields \n- Origins"},"1.16.5":{"1.0.0":"Initial Release","1.1.0":"Support for Jellyfishing and Apotheosis has been added!","1.2.0":"Support for VanillaTweaks, BetterDefaultBiomes, Wonderful Enchantments, Step and Leap has been added! 84 new sprites!\nIncompatibility with Wonderful Enchantments has been fixed!","1.3.0":"Support for Alex's Mobs, Advent of Ascension 3, Wonderful Enchantments, Shulker Enchantments, Allurement, Momentum, Elenai Dodge 2, Greed N' Bleed added!\nShout-out to Nebula240 (& Witherlord00) for helping with some of new sprites and code while I was burnt out!\nMarked the mod as client-side only so servers using it are no longer marked as incompatible (hopefully.)","1.4.0":"Support for Create, Corpse Complex, and BetterEnd added by chickenmcjesus!","1.5.0":"Support for Locks, Big Brain, Mining Master & Seeker Compass!\nAdded Allurement's missing Launch book","1.6.0":"Added compatibility with: \n- Ma Enchants\n- Brooms\n- Fins and Tails\n- Supplementaries","1.7.0":"Added compat for:\n- Domestication Innovation\n- Kobolds\n- Mythic Botany\n- Consecration\nThank you to MiteBeMana for commissioning the Domestication Innovation sprites! You're the reason this update is here! :D","1.8.0":"Added support for:\n- Minecraft 1.19/The Wild Backport\n- Ars Noveau\n- Copper Overhaul\n- Majruszs Enchantments\n- Domestication Innovation\n- Grappling Hook Mod\n- Inventorio \n- Aileron\n- Combat Roll\n- Shulker Enchantments\n- Block Swapper \n- Ars Nouveau \n- Auto Smelt \n- Spells and Shields \n- Origins"},"1.17.1":{"1.6.0":"Added compatibility with: \n- Ma Enchants\n- Brooms\n- Fins and Tails\n- Supplementaries","1.7.0":"Added compat for:\n- Domestication Innovation\n- Kobolds\n- Mythic Botany\n- Consecration\nThank you to MiteBeMana for commissioning the Domestication Innovation sprites! You're the reason this update is here! :D"},"1.18.2":{"1.6.0":"Port to 1.18","1.6.1":"Marked the mod as compatible for 1.18+ (previously only 1.18.2+)","1.7.0":"Added compat for:\n- Domestication Innovation\n- Kobolds\n- Mythic Botany\n- Consecration\nThank you to MiteBeMana for commissioning the Domestication Innovation sprites! You're the reason this update is here! :D","1.8.0":"Added support for:\n- Minecraft 1.19/The Wild Backport\n- Ars Noveau\n- Copper Overhaul\n- Majruszs Enchantments\n- Domestication Innovation\n- Grappling Hook Mod\n- Inventorio \n- Aileron\n- Combat Roll\n- Shulker Enchantments\n- Block Swapper \n- Ars Nouveau \n- Auto Smelt \n- Spells and Shields \n- Origins"},"1.18":{"1.6.1":"Marked the mod as compatible for 1.18+ (previously only 1.18.2+)","1.7.0":"Added compat for:\n- Domestication Innovation\n- Kobolds\n- Mythic Botany\n- Consecration\nThank you to MiteBeMana for commissioning the Domestication Innovation sprites! You're the reason this update is here! :D","1.8.0":"Added support for:\n- Minecraft 1.19/The Wild Backport\n- Ars Noveau\n- Copper Overhaul\n- Majruszs Enchantments\n- Domestication Innovation\n- Grappling Hook Mod\n- Inventorio \n- Aileron\n- Combat Roll\n- Shulker Enchantments\n- Block Swapper \n- Ars Nouveau \n- Auto Smelt \n- Spells and Shields \n- Origins"},"1.18.1":{"1.6.1":"Marked the mod as compatible for 1.18+ (previously only 1.18.2+)","1.7.0":"Added compat for:\n- Domestication Innovation\n- Kobolds\n- Mythic Botany\n- Consecration\nThank you to MiteBeMana for commissioning the Domestication Innovation sprites! You're the reason this update is here! :D","1.8.0":"Added support for:\n- Minecraft 1.19/The Wild Backport\n- Ars Noveau\n- Copper Overhaul\n- Majruszs Enchantments\n- Domestication Innovation\n- Grappling Hook Mod\n- Inventorio \n- Aileron\n- Combat Roll\n- Shulker Enchantments\n- Block Swapper \n- Ars Nouveau \n- Auto Smelt \n- Spells and Shields \n- Origins"},"1.19":{"1.7.0":"Added compat for:\n- Domestication Innovation\n- Kobolds\n- Mythic Botany\n- Consecration\nThank you to MiteBeMana for commissioning the Domestication Innovation sprites! You're the reason this update is here! :D","1.7.1":"- Updated to work with the mod-breaking Forge changes","1.8.0":"Added support for:\n- Minecraft 1.19/The Wild Backport\n- Ars Noveau\n- Copper Overhaul\n- Majruszs Enchantments\n- Domestication Innovation\n- Grappling Hook Mod\n- Inventorio \n- Aileron\n- Combat Roll\n- Shulker Enchantments\n- Block Swapper \n- Ars Nouveau \n- Auto Smelt \n- Spells and Shields \n- Origins"},"1.19.1":{"1.7.1":"- Updated to work with the mod-breaking Forge changes","1.8.0":"Added support for:\n- Minecraft 1.19/The Wild Backport\n- Ars Noveau\n- Copper Overhaul\n- Majruszs Enchantments\n- Domestication Innovation\n- Grappling Hook Mod\n- Inventorio \n- Aileron\n- Combat Roll\n- Shulker Enchantments\n- Block Swapper \n- Ars Nouveau \n- Auto Smelt \n- Spells and Shields \n- Origins"},"1.19.2":{"1.7.1":"- Updated to work with the mod-breaking Forge changes","1.8.0":"Added support for:\n- Minecraft 1.19/The Wild Backport\n- Ars Noveau\n- Copper Overhaul\n- Majruszs Enchantments\n- Domestication Innovation\n- Grappling Hook Mod\n- Inventorio \n- Aileron\n- Combat Roll\n- Shulker Enchantments\n- Block Swapper \n- Ars Nouveau \n- Auto Smelt \n- Spells and Shields \n- Origins"},"1.20":{"1.8.0":"Added support for:\n- Minecraft 1.19/The Wild Backport\n- Ars Noveau\n- Copper Overhaul\n- Majruszs Enchantments\n- Domestication Innovation\n- Grappling Hook Mod\n- Inventorio \n- Aileron\n- Combat Roll\n- Shulker Enchantments\n- Block Swapper \n- Ars Nouveau \n- Auto Smelt \n- Spells and Shields \n- Origins"},"1.20.1":{"1.8.0":"Added support for:\n- Minecraft 1.19/The Wild Backport\n- Ars Noveau\n- Copper Overhaul\n- Majruszs Enchantments\n- Domestication Innovation\n- Grappling Hook Mod\n- Inventorio \n- Aileron\n- Combat Roll\n- Shulker Enchantments\n- Block Swapper \n- Ars Nouveau \n- Auto Smelt \n- Spells and Shields \n- Origins"},"1.20.2":{"1.8.0":"Added support for:\n- Minecraft 1.19/The Wild Backport\n- Ars Noveau\n- Copper Overhaul\n- Majruszs Enchantments\n- Domestication Innovation\n- Grappling Hook Mod\n- Inventorio \n- Aileron\n- Combat Roll\n- Shulker Enchantments\n- Block Swapper \n- Ars Nouveau \n- Auto Smelt \n- Spells and Shields \n- Origins"},"1.20.3":{"1.8.0":"Added support for:\n- Minecraft 1.19/The Wild Backport\n- Ars Noveau\n- Copper Overhaul\n- Majruszs Enchantments\n- Domestication Innovation\n- Grappling Hook Mod\n- Inventorio \n- Aileron\n- Combat Roll\n- Shulker Enchantments\n- Block Swapper \n- Ars Nouveau \n- Auto Smelt \n- Spells and Shields \n- Origins"},"1.20.4":{"1.8.0":"Added support for:\n- Minecraft 1.19/The Wild Backport\n- Ars Noveau\n- Copper Overhaul\n- Majruszs Enchantments\n- Domestication Innovation\n- Grappling Hook Mod\n- Inventorio \n- Aileron\n- Combat Roll\n- Shulker Enchantments\n- Block Swapper \n- Ars Nouveau \n- Auto Smelt \n- Spells and Shields \n- Origins"}}
[02May2025 18:43:59.760] [Forge Version Check/INFO] [net.minecraftforge.fml.VersionChecker/]: [nebs] Found status: AHEAD Current: 2.0.3 Target: null
[02May2025 18:43:59.760] [Forge Version Check/INFO] [net.minecraftforge.fml.VersionChecker/]: [ad_astra] Starting version check at https://api.modrinth.com/updates/3ufwT9JF/forge_updates.json
[02May2025 18:43:59.994] [Forge Version Check/DEBUG] [net.minecraftforge.fml.VersionChecker/]: [ad_astra] Received version check data:
{"homepage":"https://modrinth.com/mod/3ufwT9JF","promos":{"1.20.1-recommended":"1.15.20","1.19.4-latest":"1.14.1","1.20-latest":"1.15.1","1.20-recommended":"1.15.1","1.19.3-recommended":"1.13.6","1.19.4-recommended":"1.14.1","1.19.2-recommended":"1.12.7","1.20.1-latest":"1.15.20","1.19.3-latest":"1.13.6","1.19.2-latest":"1.12.7"}}
[02May2025 18:43:59.995] [Forge Version Check/INFO] [net.minecraftforge.fml.VersionChecker/]: [ad_astra] Found status: UP_TO_DATE Current: 1.15.20 Target: null
[02May2025 18:44:01.282] [main/DEBUG] [net.minecraftforge.fml.DeferredWorkQueue/LOADING]: Dispatching synchronous work for work queue COMMON_SETUP: 39 jobs
[02May2025 18:44:01.575] [main/INFO] [Moonlight/]: Initialized color sets in 205ms
[02May2025 18:44:01.585] [main/INFO] [terrablender/]: Registered region minecraft:overworld to index 0 for type OVERWORLD
[02May2025 18:44:01.586] [main/INFO] [terrablender/]: Registered region minecraft:nether to index 0 for type NETHER
[02May2025 18:44:01.586] [main/INFO] [terrablender/]: Registered region biomesoplenty:overworld_primary to index 1 for type OVERWORLD
[02May2025 18:44:01.587] [main/INFO] [terrablender/]: Registered region biomesoplenty:overworld_secondary to index 2 for type OVERWORLD
[02May2025 18:44:01.587] [main/INFO] [terrablender/]: Registered region biomesoplenty:overworld_rare to index 3 for type OVERWORLD
[02May2025 18:44:01.587] [main/INFO] [terrablender/]: Registered region biomesoplenty:nether_common to index 1 for type NETHER
[02May2025 18:44:01.588] [main/INFO] [terrablender/]: Registered region biomesoplenty:nether_rare to index 2 for type NETHER
[02May2025 18:44:01.613] [main/INFO] [zeta/]: Common setup: Performing initial refresh of zeta's config on thread 'main'
[02May2025 18:44:01.614] [main/INFO] [zeta/]: 'zeta' is enabling Zeta's piston structure resolver.
[02May2025 18:44:01.617] [main/INFO] [zeta/]: Waiting for server start before accepting filewatcher changes to zeta's config
[02May2025 18:44:01.618] [main/INFO] [terrablender/]: Registered region quark:biome_provider to index 4 for type OVERWORLD
[02May2025 18:44:01.621] [main/INFO] [quark-zeta/]: Common setup: Performing initial refresh of quark's config on thread 'main'
[02May2025 18:44:01.673] [main/INFO] [quark-zeta/]: Waiting for server start before accepting filewatcher changes to quark's config
[02May2025 18:44:01.826] [main/INFO] [Supplementaries/]: Finished mod setup in: [0, 6, 0, 9, 1, 6, 77, 11, 2] ms
[02May2025 18:44:01.829] [main/DEBUG] [net.minecraftforge.fml.DeferredWorkQueue/LOADING]: Synchronous work queue completed in 544.0 ms
[02May2025 18:44:01.939] [modloading-worker-0/INFO] [net.xalcon.torchmaster.Torchmaster/]: Applying mega torch entity block list overrides...
[02May2025 18:44:01.942] [modloading-worker-0/INFO] [net.xalcon.torchmaster.Torchmaster/]: Applying dread lamp entity block list overrides...
[02May2025 18:44:02.065] [modloading-worker-0/INFO] [Jade/]: Start loading plugin at net.blay09.mods.waystones.compat.JadeIntegration
[02May2025 18:44:02.105] [modloading-worker-0/INFO] [Jade/]: Start loading plugin at net.blay09.mods.cookingforblockheads.compat.ForgeJadeCookingForBlockheadsPlugin
[02May2025 18:44:02.108] [modloading-worker-0/INFO] [Jade/]: Start loading plugin at net.blay09.mods.balm.forge.compat.hudinfo.ForgeJadeModCompat
[02May2025 18:44:02.108] [modloading-worker-0/INFO] [Jade/]: Start loading plugin at snownee.jade.addon.vanilla.VanillaPlugin
[02May2025 18:44:02.151] [modloading-worker-0/INFO] [Jade/]: Start loading plugin at snownee.jade.addon.universal.UniversalPlugin
[02May2025 18:44:02.165] [modloading-worker-0/INFO] [Jade/]: Start loading plugin at snownee.jade.addon.core.CorePlugin
[02May2025 18:44:02.171] [modloading-worker-0/INFO] [Jade/]: Start loading plugin at net.mehvahdjukaar.supplementaries.integration.JadeCompat
[02May2025 18:44:02.174] [modloading-worker-0/INFO] [Jade/]: Start loading plugin at ovh.corail.tombstone.compatibility.IntegrationJade
[02May2025 18:44:02.196] [main/DEBUG] [net.minecraftforge.fml.DeferredWorkQueue/LOADING]: Dispatching synchronous work for work queue COMPLETE: 4 jobs
[02May2025 18:44:02.196] [main/DEBUG] [net.minecraftforge.fml.DeferredWorkQueue/LOADING]: Synchronous work queue completed in 198.6 μs
[02May2025 18:44:19.303] [main/INFO] [com.mojang.authlib.yggdrasil.YggdrasilAuthenticationService/]: Environment: authHost='https://authserver.mojang.com', accountsHost='https://api.mojang.com', sessionHost='https://sessionserver.mojang.com', servicesHost='https://api.minecraftservices.com', name='PROD'
[02May2025 18:44:28.519] [main/DEBUG] [mixin/]: Mixing VanillaPackResourcesAccessor from creativecore.mixins.json into net.minecraft.server.packs.VanillaPackResources
[02May2025 18:44:28.522] [main/WARN] [net.minecraft.server.packs.VanillaPackResourcesBuilder/]: Assets URL 'union:/workspaces/proyectosjr/servidor_minecraft/libraries/net/minecraft/server/1.20.1-20230612.114412/server-1.20.1-20230612.114412-srg.jar%23213!/assets/.mcassetsroot' uses unexpected schema
[02May2025 18:44:28.523] [main/WARN] [net.minecraft.server.packs.VanillaPackResourcesBuilder/]: Assets URL 'union:/workspaces/proyectosjr/servidor_minecraft/libraries/net/minecraft/server/1.20.1-20230612.114412/server-1.20.1-20230612.114412-srg.jar%23213!/data/.mcassetsroot' uses unexpected schema
[02May2025 18:44:28.569] [main/DEBUG] [mixin/]: Mixing PackConfigMixin from ldlib-common.mixins.json into net.minecraft.server.WorldLoader$PackConfig
[02May2025 18:44:28.601] [main/DEBUG] [mixin/]: Mixing WorldLoaderMixin from ldlib-common.mixins.json into net.minecraft.server.WorldLoader
[02May2025 18:44:28.658] [main/DEBUG] [mixin/]: Mixing PathPackResourcesAccessor from creativecore.mixins.json into net.minecraft.server.packs.PathPackResources
[02May2025 18:44:28.667] [main/DEBUG] [net.minecraftforge.server.ServerLifecycleHooks/CORE]: Generating PackInfo named mod:betterdungeons for mod file /workspaces/proyectosjr/servidor_minecraft/mods/YungsBetterDungeons-1.20-Forge-4.0.4.jar
[02May2025 18:44:28.669] [main/DEBUG] [net.minecraftforge.server.ServerLifecycleHooks/CORE]: Generating PackInfo named mod:mowziesmobs for mod file /workspaces/proyectosjr/servidor_minecraft/mods/mowziesmobs-1.7.2.jar
[02May2025 18:44:28.670] [main/DEBUG] [net.minecraftforge.server.ServerLifecycleHooks/CORE]: Generating PackInfo named mod:kuma_api for mod file 
[02May2025 18:44:28.671] [main/DEBUG] [net.minecraftforge.server.ServerLifecycleHooks/CORE]: Generating PackInfo named mod:trashslot for mod file /workspaces/proyectosjr/servidor_minecraft/mods/trashslot-forge-1.20-15.1.2.jar
[02May2025 18:44:28.674] [main/DEBUG] [net.minecraftforge.server.ServerLifecycleHooks/CORE]: Generating PackInfo named mod:geckolib for mod file /workspaces/proyectosjr/servidor_minecraft/mods/geckolib-forge-1.20.1-4.7.1.2.jar
[02May2025 18:44:28.675] [main/DEBUG] [net.minecraftforge.server.ServerLifecycleHooks/CORE]: Generating PackInfo named mod:botarium for mod file /workspaces/proyectosjr/servidor_minecraft/mods/botarium-forge-1.20.1-2.3.4.jar
[02May2025 18:44:28.677] [main/DEBUG] [net.minecraftforge.server.ServerLifecycleHooks/CORE]: Generating PackInfo named mod:jei for mod file /workspaces/proyectosjr/servidor_minecraft/mods/jei-1.20.1-forge-15.20.0.106.jar
[02May2025 18:44:28.678] [main/DEBUG] [net.minecraftforge.server.ServerLifecycleHooks/CORE]: Generating PackInfo named mod:libraryferret for mod file /workspaces/proyectosjr/servidor_minecraft/mods/libraryferret-forge-1.20.1-4.0.0.jar
[02May2025 18:44:28.678] [main/DEBUG] [net.minecraftforge.server.ServerLifecycleHooks/CORE]: Generating PackInfo named mod:sophisticatedcore for mod file /workspaces/proyectosjr/servidor_minecraft/mods/sophisticatedcore-1.20.1-1.2.51.966.jar
[02May2025 18:44:28.680] [main/DEBUG] [net.minecraftforge.server.ServerLifecycleHooks/CORE]: Generating PackInfo named mod:rubidium for mod file /workspaces/proyectosjr/servidor_minecraft/mods/rubidium-mc1.20.1-0.7.1a (1).jar
[02May2025 18:44:28.681] [main/DEBUG] [net.minecraftforge.server.ServerLifecycleHooks/CORE]: Generating PackInfo named mod:waystones for mod file /workspaces/proyectosjr/servidor_minecraft/mods/waystones-forge-1.20.1-14.1.11.jar
[02May2025 18:44:28.682] [main/DEBUG] [net.minecraftforge.server.ServerLifecycleHooks/CORE]: Generating PackInfo named mod:cookingforblockheads for mod file /workspaces/proyectosjr/servidor_minecraft/mods/cookingforblockheads-forge-1.20.1-16.0.13.jar
[02May2025 18:44:28.683] [main/DEBUG] [net.minecraftforge.server.ServerLifecycleHooks/CORE]: Generating PackInfo named mod:placebo for mod file /workspaces/proyectosjr/servidor_minecraft/mods/Placebo-1.20.1-8.6.3.jar
[02May2025 18:44:28.683] [main/DEBUG] [net.minecraftforge.server.ServerLifecycleHooks/CORE]: Generating PackInfo named mod:comforts for mod file /workspaces/proyectosjr/servidor_minecraft/mods/comforts-forge-6.4.0+1.20.1.jar
[02May2025 18:44:28.685] [main/DEBUG] [net.minecraftforge.server.ServerLifecycleHooks/CORE]: Generating PackInfo named mod:citadel for mod file /workspaces/proyectosjr/servidor_minecraft/mods/citadel-2.6.1-1.20.1.jar
[02May2025 18:44:28.685] [main/DEBUG] [net.minecraftforge.server.ServerLifecycleHooks/CORE]: Generating PackInfo named mod:alexsmobs for mod file /workspaces/proyectosjr/servidor_minecraft/mods/alexsmobs-1.22.9.jar
[02May2025 18:44:28.686] [main/DEBUG] [net.minecraftforge.server.ServerLifecycleHooks/CORE]: Generating PackInfo named mod:artifacts for mod file /workspaces/proyectosjr/servidor_minecraft/mods/artifacts-forge-9.5.16.jar
[02May2025 18:44:28.688] [main/DEBUG] [net.minecraftforge.server.ServerLifecycleHooks/CORE]: Generating PackInfo named mod:yungsapi for mod file /workspaces/proyectosjr/servidor_minecraft/mods/YungsApi-1.20-Forge-4.0.6.jar
[02May2025 18:44:28.688] [main/DEBUG] [net.minecraftforge.server.ServerLifecycleHooks/CORE]: Generating PackInfo named mod:mixinextras for mod file 
[02May2025 18:44:28.688] [main/DEBUG] [net.minecraftforge.server.ServerLifecycleHooks/CORE]: Generating PackInfo named mod:horrrs_pvz for mod file /workspaces/proyectosjr/servidor_minecraft/mods/horrrs_pvz-1.81-forge-1.20.1.jar
[02May2025 18:44:28.690] [main/DEBUG] [net.minecraftforge.server.ServerLifecycleHooks/CORE]: Generating PackInfo named mod:glitchcore for mod file /workspaces/proyectosjr/servidor_minecraft/mods/GlitchCore-forge-1.20.1-0.0.1.1.jar
[02May2025 18:44:28.690] [main/DEBUG] [net.minecraftforge.server.ServerLifecycleHooks/CORE]: Generating PackInfo named mod:sophisticatedbackpacks for mod file /workspaces/proyectosjr/servidor_minecraft/mods/sophisticatedbackpacks-1.20.1-3.23.14.1233.jar
[02May2025 18:44:28.692] [main/DEBUG] [net.minecraftforge.server.ServerLifecycleHooks/CORE]: Generating PackInfo named mod:relics for mod file /workspaces/proyectosjr/servidor_minecraft/mods/relics-1.20.1-0.8.0.9.jar
[02May2025 18:44:28.692] [main/DEBUG] [net.minecraftforge.server.ServerLifecycleHooks/CORE]: Generating PackInfo named mod:ldlib for mod file 
[02May2025 18:44:28.693] [main/DEBUG] [net.minecraftforge.server.ServerLifecycleHooks/CORE]: Generating PackInfo named mod:balm for mod file /workspaces/proyectosjr/servidor_minecraft/mods/balm-forge-1.20.1-7.3.27-all.jar
[02May2025 18:44:28.693] [main/DEBUG] [net.minecraftforge.server.ServerLifecycleHooks/CORE]: Generating PackInfo named mod:carryon for mod file /workspaces/proyectosjr/servidor_minecraft/mods/carryon-forge-1.20.1-2.1.2.7.jar
[02May2025 18:44:28.695] [main/DEBUG] [net.minecraftforge.server.ServerLifecycleHooks/CORE]: Generating PackInfo named mod:cloth_config for mod file /workspaces/proyectosjr/servidor_minecraft/mods/cloth-config-11.1.136-forge.jar
[02May2025 18:44:28.695] [main/DEBUG] [net.minecraftforge.server.ServerLifecycleHooks/CORE]: Generating PackInfo named mod:forge for mod file /workspaces/proyectosjr/servidor_minecraft/libraries/net/minecraftforge/forge/1.20.1-47.3.7/forge-1.20.1-47.3.7-universal.jar
[02May2025 18:44:28.695] [main/DEBUG] [net.minecraftforge.server.ServerLifecycleHooks/CORE]: Generating PackInfo named mod:ironchest for mod file /workspaces/proyectosjr/servidor_minecraft/mods/ironchest-1.20.1-14.4.4.jar
[02May2025 18:44:28.697] [main/DEBUG] [net.minecraftforge.server.ServerLifecycleHooks/CORE]: Generating PackInfo named mod:slugterra for mod file /workspaces/proyectosjr/servidor_minecraft/mods/legends_of_slugterra-1.1.1-1.20.1.jar
[02May2025 18:44:28.699] [main/DEBUG] [net.minecraftforge.server.ServerLifecycleHooks/CORE]: Generating PackInfo named mod:farmersdelight for mod file /workspaces/proyectosjr/servidor_minecraft/mods/FarmersDelight-1.20.1-1.2.7.jar
[02May2025 18:44:28.699] [main/DEBUG] [net.minecraftforge.server.ServerLifecycleHooks/CORE]: Generating PackInfo named mod:torchmaster for mod file /workspaces/proyectosjr/servidor_minecraft/mods/torchmaster-20.1.9.jar
[02May2025 18:44:28.700] [main/DEBUG] [net.minecraftforge.server.ServerLifecycleHooks/CORE]: Generating PackInfo named mod:terrablender for mod file /workspaces/proyectosjr/servidor_minecraft/mods/TerraBlender-forge-1.20.1-3.0.1.10.jar
[02May2025 18:44:28.700] [main/DEBUG] [net.minecraftforge.server.ServerLifecycleHooks/CORE]: Generating PackInfo named mod:moonlight for mod file /workspaces/proyectosjr/servidor_minecraft/mods/moonlight-1.20-2.13.83-forge.jar
[02May2025 18:44:28.701] [main/DEBUG] [net.minecraftforge.server.ServerLifecycleHooks/CORE]: Generating PackInfo named mod:biomesoplenty for mod file /workspaces/proyectosjr/servidor_minecraft/mods/BiomesOPlenty-forge-1.20.1-19.0.0.96.jar
[02May2025 18:44:28.701] [main/DEBUG] [net.minecraftforge.server.ServerLifecycleHooks/CORE]: Generating PackInfo named mod:mixinsquared for mod file 
[02May2025 18:44:28.702] [main/DEBUG] [net.minecraftforge.server.ServerLifecycleHooks/CORE]: Generating PackInfo named mod:jade for mod file /workspaces/proyectosjr/servidor_minecraft/mods/Jade-1.20.1-Forge-11.13.1.jar
[02May2025 18:44:28.702] [main/DEBUG] [net.minecraftforge.server.ServerLifecycleHooks/CORE]: Generating PackInfo named mod:creativecore for mod file /workspaces/proyectosjr/servidor_minecraft/mods/CreativeCore_FORGE_v2.12.32_mc1.20.1.jar
[02May2025 18:44:28.703] [main/DEBUG] [net.minecraftforge.server.ServerLifecycleHooks/CORE]: Generating PackInfo named mod:spectrelib for mod file 
[02May2025 18:44:28.704] [main/DEBUG] [net.minecraftforge.server.ServerLifecycleHooks/CORE]: Generating PackInfo named mod:simplefarming for mod file /workspaces/proyectosjr/servidor_minecraft/mods/simplefarming-1.20.1-2.2.6.jar
[02May2025 18:44:28.704] [main/DEBUG] [net.minecraftforge.server.ServerLifecycleHooks/CORE]: Generating PackInfo named mod:resourcefulconfig for mod file /workspaces/proyectosjr/servidor_minecraft/mods/resourcefulconfig-forge-1.20.1-2.1.3.jar
[02May2025 18:44:28.705] [main/DEBUG] [net.minecraftforge.server.ServerLifecycleHooks/CORE]: Generating PackInfo named mod:kotlinforforge for mod file 
[02May2025 18:44:28.706] [main/DEBUG] [net.minecraftforge.server.ServerLifecycleHooks/CORE]: Generating PackInfo named mod:curios for mod file /workspaces/proyectosjr/servidor_minecraft/mods/curios-forge-5.14.1+1.20.1.jar
[02May2025 18:44:28.708] [main/DEBUG] [net.minecraftforge.server.ServerLifecycleHooks/CORE]: Generating PackInfo named mod:zeta for mod file /workspaces/proyectosjr/servidor_minecraft/mods/Zeta-1.0-30.jar
[02May2025 18:44:28.710] [main/DEBUG] [net.minecraftforge.server.ServerLifecycleHooks/CORE]: Generating PackInfo named mod:quark for mod file /workspaces/proyectosjr/servidor_minecraft/mods/Quark-4.0-462.jar
[02May2025 18:44:28.711] [main/DEBUG] [net.minecraftforge.server.ServerLifecycleHooks/CORE]: Generating PackInfo named mod:supplementaries for mod file /workspaces/proyectosjr/servidor_minecraft/mods/supplementaries-1.20-3.1.30.jar
[02May2025 18:44:28.712] [main/DEBUG] [net.minecraftforge.server.ServerLifecycleHooks/CORE]: Generating PackInfo named mod:bettervillage for mod file /workspaces/proyectosjr/servidor_minecraft/mods/bettervillage-forge-1.20.1-3.3.0-all.jar
[02May2025 18:44:28.712] [main/DEBUG] [net.minecraftforge.server.ServerLifecycleHooks/CORE]: Generating PackInfo named mod:inventoryhud for mod file /workspaces/proyectosjr/servidor_minecraft/mods/inventoryhud.forge.1.20.1-3.4.26.jar
[02May2025 18:44:28.713] [main/DEBUG] [net.minecraftforge.server.ServerLifecycleHooks/CORE]: Generating PackInfo named mod:betterstrongholds for mod file /workspaces/proyectosjr/servidor_minecraft/mods/YungsBetterStrongholds-1.20-Forge-4.0.3.jar
[02May2025 18:44:28.713] [main/DEBUG] [net.minecraftforge.server.ServerLifecycleHooks/CORE]: Generating PackInfo named mod:tombstone for mod file /workspaces/proyectosjr/servidor_minecraft/mods/tombstone-1.20.1-8.9.4.jar
[02May2025 18:44:28.714] [main/DEBUG] [net.minecraftforge.server.ServerLifecycleHooks/CORE]: Generating PackInfo named mod:resourcefullib for mod file /workspaces/proyectosjr/servidor_minecraft/mods/resourcefullib-forge-1.20.1-2.1.29.jar
[02May2025 18:44:28.714] [main/DEBUG] [net.minecraftforge.server.ServerLifecycleHooks/CORE]: Generating PackInfo named mod:upgradedcore for mod file /workspaces/proyectosjr/servidor_minecraft/mods/upgradedcore-1.20.1-5.0.0.2-release.jar
[02May2025 18:44:28.715] [main/DEBUG] [net.minecraftforge.server.ServerLifecycleHooks/CORE]: Generating PackInfo named mod:architectury for mod file /workspaces/proyectosjr/servidor_minecraft/mods/architectury-9.2.14-forge (1).jar
[02May2025 18:44:28.715] [main/DEBUG] [net.minecraftforge.server.ServerLifecycleHooks/CORE]: Generating PackInfo named mod:octolib for mod file /workspaces/proyectosjr/servidor_minecraft/mods/OctoLib-FORGE-0.5.0.1+1.20.1.jar
[02May2025 18:44:28.716] [main/DEBUG] [net.minecraftforge.server.ServerLifecycleHooks/CORE]: Generating PackInfo named mod:appleskin for mod file /workspaces/proyectosjr/servidor_minecraft/mods/appleskin-forge-mc1.20.1-2.5.1.jar
[02May2025 18:44:28.716] [main/DEBUG] [net.minecraftforge.server.ServerLifecycleHooks/CORE]: Generating PackInfo named mod:aiimprovements for mod file /workspaces/proyectosjr/servidor_minecraft/mods/AI-Improvements-1.20-0.5.2.jar
[02May2025 18:44:28.716] [main/DEBUG] [net.minecraftforge.server.ServerLifecycleHooks/CORE]: Generating PackInfo named mod:photon for mod file /workspaces/proyectosjr/servidor_minecraft/mods/photon-forge-1.20.1-1.1.7.jar
[02May2025 18:44:28.717] [main/DEBUG] [net.minecraftforge.server.ServerLifecycleHooks/CORE]: Generating PackInfo named mod:expandability for mod file 
[02May2025 18:44:28.717] [main/DEBUG] [net.minecraftforge.server.ServerLifecycleHooks/CORE]: Generating PackInfo named mod:bettermineshafts for mod file /workspaces/proyectosjr/servidor_minecraft/mods/YungsBetterMineshafts-1.20-Forge-4.0.4.jar
[02May2025 18:44:28.717] [main/DEBUG] [net.minecraftforge.server.ServerLifecycleHooks/CORE]: Generating PackInfo named mod:realmrpg_quests for mod file /workspaces/proyectosjr/servidor_minecraft/mods/realmrpg_quests-0.1.1-forge-1.20.1.jar
[02May2025 18:44:28.718] [main/DEBUG] [net.minecraftforge.server.ServerLifecycleHooks/CORE]: Generating PackInfo named mod:playerrevive for mod file /workspaces/proyectosjr/servidor_minecraft/mods/PlayerRevive_FORGE_v2.0.31_mc1.20.1.jar
[02May2025 18:44:28.718] [main/DEBUG] [net.minecraftforge.server.ServerLifecycleHooks/CORE]: Generating PackInfo named mod:nebs for mod file /workspaces/proyectosjr/servidor_minecraft/mods/NekosEnchantedBooks-1.19.3-2.0.3.jar
[02May2025 18:44:28.719] [main/DEBUG] [net.minecraftforge.server.ServerLifecycleHooks/CORE]: Generating PackInfo named mod:ad_astra for mod file /workspaces/proyectosjr/servidor_minecraft/mods/ad_astra-forge-1.20.1-1.15.20.jar
[02May2025 18:44:28.725] [main/DEBUG] [mixin/]: Mixing MultiPackResourceManagerMixin from moonlight-common.mixins.json into net.minecraft.server.packs.resources.MultiPackResourceManager
[02May2025 18:44:28.834] [main/DEBUG] [mixin/]: Mixing MixinNbtPredicate from curios.mixins.json into net.minecraft.advancements.critereon.NbtPredicate
[02May2025 18:44:28.885] [main/INFO] [Supplementaries/]: Generated runtime SERVER_DATA for pack Supplementaries Generated Pack (supplementaries) in: 94 ms
[02May2025 18:44:30.165] [main/INFO] [bettervillage/]: StructureSet modified for minecraft:village : Now using custom village configuration (can be disabled in the better villages config: boolean.villages.enabled_custom_config).
[02May2025 18:44:31.132] [main/DEBUG] [mixin/]: Mixing MixinPrimaryLevelData from terrablender.mixins.json into net.minecraft.world.level.storage.PrimaryLevelData
[02May2025 18:44:31.167] [main/DEBUG] [mixin/]: Mixing LootTablesMixin from placebo.mixins.json into net.minecraft.world.level.storage.loot.LootDataManager
[02May2025 18:44:31.167] [main/DEBUG] [mixin/]: Renaming synthetic method lambda$apply$0(Lnet/minecraft/world/level/storage/loot/LootDataId;Lnet/minecraft/world/level/storage/loot/LootTable;)V to mdcf8a4d$lambda$apply$0$0 in placebo.mixins.json:LootTablesMixin
[02May2025 18:44:31.172] [main/DEBUG] [mixin/]: Mixing MixinLootDataManager from architectury.mixins.json into net.minecraft.world.level.storage.loot.LootDataManager
[02May2025 18:44:31.391] [main/DEBUG] [mixin/]: Mixing LocateSmallNetherDungeonCommandMixin from betterdungeons.mixins.json into net.minecraft.server.commands.LocateCommand
[02May2025 18:44:31.394] [main/DEBUG] [mixin/]: Mixing LocateStrongholdCommandMixin from betterstrongholds.mixins.json into net.minecraft.server.commands.LocateCommand
[02May2025 18:44:31.395] [main/DEBUG] [mixin/]: Mixing LocateVanillaMineshaftCommandMixin from bettermineshafts.mixins.json into net.minecraft.server.commands.LocateCommand
[02May2025 18:44:31.447] [main/DEBUG] [net.minecraftforge.coremod.transformer.CoreModBaseTransformer/COREMOD]: Transforming net/minecraft/server/commands/SummonCommand
[02May2025 18:44:31.804] [main/DEBUG] [mixin/]: Mixing debug.TagLoaderMixin from mixins.artifacts.common.json into net.minecraft.tags.TagLoader
[02May2025 18:44:31.821] [main/DEBUG] [mixin/]: Mixing ServerAdvancementManagerMixin from quark.mixins.json into net.minecraft.server.ServerAdvancementManager
[02May2025 18:44:31.830] [main/INFO] [com.github.alexthe666.alexsmobs.AlexsMobs/]: Adding datapack listener capsid_recipes
[02May2025 18:44:32.079] [Worker-Main-1/WARN] [artifacts.Artifacts/]: Tag entries for curios:tags/items/magic_book.json cleared by tombstone-1.20.1-8.9.4.jar
[02May2025 18:44:32.180] [Worker-Main-1/ERROR] [net.minecraft.tags.TagLoader/]: Couldn't load tag supplementaries:tipped_spikes_blacklist as it is missing following references: minecraft:oozing (from supplementaries-1.20-3.1.30.jar), 
	minecraft:infested (from supplementaries-1.20-3.1.30.jar)
[02May2025 18:44:32.805] [Worker-Main-1/DEBUG] [net.minecraftforge.coremod.transformer.CoreModBaseTransformer/COREMOD]: Transforming net/minecraft/world/entity/raid/Raid
[02May2025 18:44:33.356] [Worker-Main-1/ERROR] [net.minecraftforge.common.ForgeHooks/]: Couldn't parse element loot_tables:slugterra:blocks/heat_geyser_on
com.google.gson.JsonSyntaxException: Expected name to be an item, was unknown string 'slugterra:heat_geyser_on'
	at net.minecraft.util.GsonHelper.m_13866_(GsonHelper.java:145) ~[server-1.20.1-20230612.114412-srg.jar%23213!/:?]
	at java.util.Optional.orElseThrow(Optional.java:403) ~[?:?]
	at net.minecraft.util.GsonHelper.m_13874_(GsonHelper.java:145) ~[server-1.20.1-20230612.114412-srg.jar%23213!/:?]
	at net.minecraft.util.GsonHelper.m_13909_(GsonHelper.java:153) ~[server-1.20.1-20230612.114412-srg.jar%23213!/:?]
	at net.minecraft.world.level.storage.loot.entries.LootItem$Serializer.m_7267_(LootItem.java:55) ~[server-1.20.1-20230612.114412-srg.jar%23213!/:?]
	at net.minecraft.world.level.storage.loot.entries.LootItem$Serializer.m_7267_(LootItem.java:40) ~[server-1.20.1-20230612.114412-srg.jar%23213!/:?]
	at net.minecraft.world.level.storage.loot.entries.LootPoolSingletonContainer$Serializer.m_5921_(LootPoolSingletonContainer.java:151) ~[server-1.20.1-20230612.114412-srg.jar%23213!/:?]
	at net.minecraft.world.level.storage.loot.entries.LootPoolSingletonContainer$Serializer.m_5921_(LootPoolSingletonContainer.java:129) ~[server-1.20.1-20230612.114412-srg.jar%23213!/:?]
	at net.minecraft.world.level.storage.loot.entries.LootPoolEntryContainer$Serializer.m_7561_(LootPoolEntryContainer.java:86) ~[server-1.20.1-20230612.114412-srg.jar%23213!/:?]
	at net.minecraft.world.level.storage.loot.entries.LootPoolEntryContainer$Serializer.m_7561_(LootPoolEntryContainer.java:74) ~[server-1.20.1-20230612.114412-srg.jar%23213!/:?]
	at net.minecraft.world.level.storage.loot.GsonAdapterFactory$JsonAdapter.deserialize(GsonAdapterFactory.java:102) ~[server-1.20.1-20230612.114412-srg.jar%23213!/:?]
	at com.google.gson.internal.bind.TreeTypeAdapter.read(TreeTypeAdapter.java:76) ~[gson-2.10.jar%2372!/:?]
	at com.google.gson.internal.bind.TypeAdapterRuntimeTypeWrapper.read(TypeAdapterRuntimeTypeWrapper.java:40) ~[gson-2.10.jar%2372!/:?]
	at com.google.gson.internal.bind.ArrayTypeAdapter.read(ArrayTypeAdapter.java:72) ~[gson-2.10.jar%2372!/:?]
	at com.google.gson.Gson.fromJson(Gson.java:1214) ~[gson-2.10.jar%2372!/:?]
	at com.google.gson.Gson.fromJson(Gson.java:1319) ~[gson-2.10.jar%2372!/:?]
	at com.google.gson.Gson.fromJson(Gson.java:1290) ~[gson-2.10.jar%2372!/:?]
	at com.google.gson.internal.bind.TreeTypeAdapter$GsonContextImpl.deserialize(TreeTypeAdapter.java:179) ~[gson-2.10.jar%2372!/:?]
	at net.minecraft.util.GsonHelper.m_13808_(GsonHelper.java:463) ~[server-1.20.1-20230612.114412-srg.jar%23213!/:?]
	at net.minecraft.util.GsonHelper.m_13836_(GsonHelper.java:471) ~[server-1.20.1-20230612.114412-srg.jar%23213!/:?]
	at net.minecraft.world.level.storage.loot.LootPool$Serializer.deserialize(LootPool.java:192) ~[server-1.20.1-20230612.114412-srg.jar%23213!/:?]
	at net.minecraft.world.level.storage.loot.LootPool$Serializer.deserialize(LootPool.java:189) ~[server-1.20.1-20230612.114412-srg.jar%23213!/:?]
	at com.google.gson.internal.bind.TreeTypeAdapter.read(TreeTypeAdapter.java:76) ~[gson-2.10.jar%2372!/:?]
	at com.google.gson.internal.bind.TypeAdapterRuntimeTypeWrapper.read(TypeAdapterRuntimeTypeWrapper.java:40) ~[gson-2.10.jar%2372!/:?]
	at com.google.gson.internal.bind.ArrayTypeAdapter.read(ArrayTypeAdapter.java:72) ~[gson-2.10.jar%2372!/:?]
	at com.google.gson.Gson.fromJson(Gson.java:1214) ~[gson-2.10.jar%2372!/:?]
	at com.google.gson.Gson.fromJson(Gson.java:1319) ~[gson-2.10.jar%2372!/:?]
	at com.google.gson.Gson.fromJson(Gson.java:1290) ~[gson-2.10.jar%2372!/:?]
	at com.google.gson.internal.bind.TreeTypeAdapter$GsonContextImpl.deserialize(TreeTypeAdapter.java:179) ~[gson-2.10.jar%2372!/:?]
	at net.minecraft.util.GsonHelper.m_13808_(GsonHelper.java:463) ~[server-1.20.1-20230612.114412-srg.jar%23213!/:?]
	at net.minecraft.util.GsonHelper.m_13845_(GsonHelper.java:481) ~[server-1.20.1-20230612.114412-srg.jar%23213!/:?]
	at net.minecraft.world.level.storage.loot.LootTable$Serializer.deserialize(LootTable.java:294) ~[server-1.20.1-20230612.114412-srg.jar%23213!/:?]
	at net.minecraft.world.level.storage.loot.LootTable$Serializer.deserialize(LootTable.java:291) ~[server-1.20.1-20230612.114412-srg.jar%23213!/:?]
	at com.google.gson.internal.bind.TreeTypeAdapter.read(TreeTypeAdapter.java:76) ~[gson-2.10.jar%2372!/:?]
	at com.google.gson.Gson.fromJson(Gson.java:1214) ~[gson-2.10.jar%2372!/:?]
	at com.google.gson.Gson.fromJson(Gson.java:1319) ~[gson-2.10.jar%2372!/:?]
	at com.google.gson.Gson.fromJson(Gson.java:1261) ~[gson-2.10.jar%2372!/:?]
	at net.minecraftforge.common.ForgeHooks.loadLootTable(ForgeHooks.java:871) ~[forge-1.20.1-47.3.7-universal.jar%23218!/:?]
	at net.minecraftforge.common.ForgeHooks.lambda$getLootTableDeserializer$3(ForgeHooks.java:848) ~[forge-1.20.1-47.3.7-universal.jar%23218!/:?]
	at net.minecraft.world.level.storage.loot.LootDataType.deserialize(LootDataType.java:45) ~[server-1.20.1-20230612.114412-srg.jar%23213!/:?]
	at net.minecraft.world.level.storage.loot.LootDataManager.lambda$scheduleElementParse$4(LootDataManager.java:56) ~[server-1.20.1-20230612.114412-srg.jar%23213!/:?]
	at java.util.HashMap.forEach(HashMap.java:1421) ~[?:?]
	at net.minecraft.world.level.storage.loot.LootDataManager.m_278660_(LootDataManager.java:55) ~[server-1.20.1-20230612.114412-srg.jar%23213!/:?]
	at java.util.concurrent.CompletableFuture$AsyncRun.run(CompletableFuture.java:1804) ~[?:?]
	at java.util.concurrent.CompletableFuture$AsyncRun.exec(CompletableFuture.java:1796) ~[?:?]
	at java.util.concurrent.ForkJoinTask.doExec(ForkJoinTask.java:373) ~[?:?]
	at java.util.concurrent.ForkJoinPool$WorkQueue.topLevelExec(ForkJoinPool.java:1182) ~[?:?]
	at java.util.concurrent.ForkJoinPool.scan(ForkJoinPool.java:1655) ~[?:?]
	at java.util.concurrent.ForkJoinPool.runWorker(ForkJoinPool.java:1622) ~[?:?]
	at java.util.concurrent.ForkJoinWorkerThread.run(ForkJoinWorkerThread.java:165) ~[?:?]
[02May2025 18:44:33.645] [Worker-Main-1/ERROR] [net.minecraftforge.common.ForgeHooks/]: Couldn't parse element loot_tables:slugterra:blocks/plow_rocky_dirt
com.google.gson.JsonSyntaxException: Expected name to be an item, was unknown string 'slugterra:plow_rocky_dirt'
	at net.minecraft.util.GsonHelper.m_13866_(GsonHelper.java:145) ~[server-1.20.1-20230612.114412-srg.jar%23213!/:?]
	at java.util.Optional.orElseThrow(Optional.java:403) ~[?:?]
	at net.minecraft.util.GsonHelper.m_13874_(GsonHelper.java:145) ~[server-1.20.1-20230612.114412-srg.jar%23213!/:?]
	at net.minecraft.util.GsonHelper.m_13909_(GsonHelper.java:153) ~[server-1.20.1-20230612.114412-srg.jar%23213!/:?]
	at net.minecraft.world.level.storage.loot.entries.LootItem$Serializer.m_7267_(LootItem.java:55) ~[server-1.20.1-20230612.114412-srg.jar%23213!/:?]
	at net.minecraft.world.level.storage.loot.entries.LootItem$Serializer.m_7267_(LootItem.java:40) ~[server-1.20.1-20230612.114412-srg.jar%23213!/:?]
	at net.minecraft.world.level.storage.loot.entries.LootPoolSingletonContainer$Serializer.m_5921_(LootPoolSingletonContainer.java:151) ~[server-1.20.1-20230612.114412-srg.jar%23213!/:?]
	at net.minecraft.world.level.storage.loot.entries.LootPoolSingletonContainer$Serializer.m_5921_(LootPoolSingletonContainer.java:129) ~[server-1.20.1-20230612.114412-srg.jar%23213!/:?]
	at net.minecraft.world.level.storage.loot.entries.LootPoolEntryContainer$Serializer.m_7561_(LootPoolEntryContainer.java:86) ~[server-1.20.1-20230612.114412-srg.jar%23213!/:?]
	at net.minecraft.world.level.storage.loot.entries.LootPoolEntryContainer$Serializer.m_7561_(LootPoolEntryContainer.java:74) ~[server-1.20.1-20230612.114412-srg.jar%23213!/:?]
	at net.minecraft.world.level.storage.loot.GsonAdapterFactory$JsonAdapter.deserialize(GsonAdapterFactory.java:102) ~[server-1.20.1-20230612.114412-srg.jar%23213!/:?]
	at com.google.gson.internal.bind.TreeTypeAdapter.read(TreeTypeAdapter.java:76) ~[gson-2.10.jar%2372!/:?]
	at com.google.gson.internal.bind.TypeAdapterRuntimeTypeWrapper.read(TypeAdapterRuntimeTypeWrapper.java:40) ~[gson-2.10.jar%2372!/:?]
	at com.google.gson.internal.bind.ArrayTypeAdapter.read(ArrayTypeAdapter.java:72) ~[gson-2.10.jar%2372!/:?]
	at com.google.gson.Gson.fromJson(Gson.java:1214) ~[gson-2.10.jar%2372!/:?]
	at com.google.gson.Gson.fromJson(Gson.java:1319) ~[gson-2.10.jar%2372!/:?]
	at com.google.gson.Gson.fromJson(Gson.java:1290) ~[gson-2.10.jar%2372!/:?]
	at com.google.gson.internal.bind.TreeTypeAdapter$GsonContextImpl.deserialize(TreeTypeAdapter.java:179) ~[gson-2.10.jar%2372!/:?]
	at net.minecraft.util.GsonHelper.m_13808_(GsonHelper.java:463) ~[server-1.20.1-20230612.114412-srg.jar%23213!/:?]
	at net.minecraft.util.GsonHelper.m_13836_(GsonHelper.java:471) ~[server-1.20.1-20230612.114412-srg.jar%23213!/:?]
	at net.minecraft.world.level.storage.loot.LootPool$Serializer.deserialize(LootPool.java:192) ~[server-1.20.1-20230612.114412-srg.jar%23213!/:?]
	at net.minecraft.world.level.storage.loot.LootPool$Serializer.deserialize(LootPool.java:189) ~[server-1.20.1-20230612.114412-srg.jar%23213!/:?]
	at com.google.gson.internal.bind.TreeTypeAdapter.read(TreeTypeAdapter.java:76) ~[gson-2.10.jar%2372!/:?]
	at com.google.gson.internal.bind.TypeAdapterRuntimeTypeWrapper.read(TypeAdapterRuntimeTypeWrapper.java:40) ~[gson-2.10.jar%2372!/:?]
	at com.google.gson.internal.bind.ArrayTypeAdapter.read(ArrayTypeAdapter.java:72) ~[gson-2.10.jar%2372!/:?]
	at com.google.gson.Gson.fromJson(Gson.java:1214) ~[gson-2.10.jar%2372!/:?]
	at com.google.gson.Gson.fromJson(Gson.java:1319) ~[gson-2.10.jar%2372!/:?]
	at com.google.gson.Gson.fromJson(Gson.java:1290) ~[gson-2.10.jar%2372!/:?]
	at com.google.gson.internal.bind.TreeTypeAdapter$GsonContextImpl.deserialize(TreeTypeAdapter.java:179) ~[gson-2.10.jar%2372!/:?]
	at net.minecraft.util.GsonHelper.m_13808_(GsonHelper.java:463) ~[server-1.20.1-20230612.114412-srg.jar%23213!/:?]
	at net.minecraft.util.GsonHelper.m_13845_(GsonHelper.java:481) ~[server-1.20.1-20230612.114412-srg.jar%23213!/:?]
	at net.minecraft.world.level.storage.loot.LootTable$Serializer.deserialize(LootTable.java:294) ~[server-1.20.1-20230612.114412-srg.jar%23213!/:?]
	at net.minecraft.world.level.storage.loot.LootTable$Serializer.deserialize(LootTable.java:291) ~[server-1.20.1-20230612.114412-srg.jar%23213!/:?]
	at com.google.gson.internal.bind.TreeTypeAdapter.read(TreeTypeAdapter.java:76) ~[gson-2.10.jar%2372!/:?]
	at com.google.gson.Gson.fromJson(Gson.java:1214) ~[gson-2.10.jar%2372!/:?]
	at com.google.gson.Gson.fromJson(Gson.java:1319) ~[gson-2.10.jar%2372!/:?]
	at com.google.gson.Gson.fromJson(Gson.java:1261) ~[gson-2.10.jar%2372!/:?]
	at net.minecraftforge.common.ForgeHooks.loadLootTable(ForgeHooks.java:871) ~[forge-1.20.1-47.3.7-universal.jar%23218!/:?]
	at net.minecraftforge.common.ForgeHooks.lambda$getLootTableDeserializer$3(ForgeHooks.java:848) ~[forge-1.20.1-47.3.7-universal.jar%23218!/:?]
	at net.minecraft.world.level.storage.loot.LootDataType.deserialize(LootDataType.java:45) ~[server-1.20.1-20230612.114412-srg.jar%23213!/:?]
	at net.minecraft.world.level.storage.loot.LootDataManager.lambda$scheduleElementParse$4(LootDataManager.java:56) ~[server-1.20.1-20230612.114412-srg.jar%23213!/:?]
	at java.util.HashMap.forEach(HashMap.java:1421) ~[?:?]
	at net.minecraft.world.level.storage.loot.LootDataManager.m_278660_(LootDataManager.java:55) ~[server-1.20.1-20230612.114412-srg.jar%23213!/:?]
	at java.util.concurrent.CompletableFuture$AsyncRun.run(CompletableFuture.java:1804) ~[?:?]
	at java.util.concurrent.CompletableFuture$AsyncRun.exec(CompletableFuture.java:1796) ~[?:?]
	at java.util.concurrent.ForkJoinTask.doExec(ForkJoinTask.java:373) ~[?:?]
	at java.util.concurrent.ForkJoinPool$WorkQueue.topLevelExec(ForkJoinPool.java:1182) ~[?:?]
	at java.util.concurrent.ForkJoinPool.scan(ForkJoinPool.java:1655) ~[?:?]
	at java.util.concurrent.ForkJoinPool.runWorker(ForkJoinPool.java:1622) ~[?:?]
	at java.util.concurrent.ForkJoinWorkerThread.run(ForkJoinWorkerThread.java:165) ~[?:?]
[02May2025 18:44:33.761] [Worker-Main-1/DEBUG] [tombstone/]: Updating LootTables
[02May2025 18:44:34.614] [main/WARN] [net.minecraft.world.level.storage.loot.LootDataManager/]: Found loot table element validation problem in {loot_tables:alexsmobs:gameplay/seal_reward}.pools[0].entries[0]->{minecraft:gameplay/fishing/junk}.pools[1].condition[0]: Parameters [<parameter minecraft:origin>] are not provided in this context
[02May2025 18:44:34.685] [main/DEBUG] [mixin/]: Mixing item.wearable.charmofsinking.EnchantmentHelperMixin from mixins.artifacts.common.json into net.minecraft.world.item.enchantment.EnchantmentHelper
[02May2025 18:44:34.686] [main/DEBUG] [mixin/]: Mixing item.wearable.pendant.EnchantmentHelperMixin from mixins.artifacts.common.json into net.minecraft.world.item.enchantment.EnchantmentHelper
[02May2025 18:44:34.687] [main/DEBUG] [mixin/]: Mixing EnchantmentHelperMixin from quark.mixins.json into net.minecraft.world.item.enchantment.EnchantmentHelper
[02May2025 18:44:34.800] [main/INFO] [net.minecraft.world.item.crafting.RecipeManager/]: Skipping loading recipe supplementaries:inspirations/blackboard_clear as it's serializer returned null
[02May2025 18:44:34.979] [main/INFO] [net.minecraft.world.item.crafting.RecipeManager/]: Skipping loading recipe supplementaries:inspirations/flag_dye as it's serializer returned null
[02May2025 18:44:35.178] [main/INFO] [net.minecraft.world.item.crafting.RecipeManager/]: Skipping loading recipe supplementaries:inspirations/flag_clear as it's serializer returned null
[02May2025 18:44:35.257] [main/INFO] [net.minecraft.world.item.crafting.RecipeManager/]: Loaded 18 recipes
[02May2025 18:44:35.612] [main/INFO] [quark/]: [Automatic Recipe Unlock] Removed 2484 recipe advancements
[02May2025 18:44:35.632] [main/INFO] [net.minecraft.advancements.AdvancementList/]: Loaded 589 advancements
[02May2025 18:44:35.646] [main/INFO] [placebo/]: Registered 0 additional recipes.
[02May2025 18:44:35.666] [main/DEBUG] [sophisticatedbackpacks/]: Started loading registry data from sophisticatedbackpacks:compat/woot/block_tools 
[02May2025 18:44:35.666] [main/DEBUG] [sophisticatedbackpacks/]: Started loading registry data from sophisticatedbackpacks:compat/fluxnetworks/block_tools 
[02May2025 18:44:35.666] [main/DEBUG] [sophisticatedbackpacks/]: Started loading registry data from sophisticatedbackpacks:compat/mob_grinding_utils/entity_tools 
[02May2025 18:44:35.666] [main/DEBUG] [sophisticatedbackpacks/]: Started loading registry data from sophisticatedbackpacks:compat/astralsorcery/block_tools 
[02May2025 18:44:35.666] [main/DEBUG] [sophisticatedbackpacks/]: Started loading registry data from sophisticatedbackpacks:compat/immersivepetroleum/block_tools 
[02May2025 18:44:35.666] [main/DEBUG] [sophisticatedbackpacks/]: Started loading registry data from sophisticatedbackpacks:compat/immersiveengineering/block_tools 
[02May2025 18:44:35.666] [main/DEBUG] [sophisticatedbackpacks/]: Started loading registry data from sophisticatedbackpacks:compat/pedestals/block_tools 
[02May2025 18:44:35.666] [main/DEBUG] [sophisticatedbackpacks/]: Started loading registry data from sophisticatedbackpacks:compat/platforms/block_tools 
[02May2025 18:44:35.666] [main/DEBUG] [sophisticatedbackpacks/]: Started loading registry data from sophisticatedbackpacks:compat/rftoolsutility/entity_tools 
[02May2025 18:44:35.666] [main/DEBUG] [sophisticatedbackpacks/]: Started loading registry data from sophisticatedbackpacks:compat/compactmachines/block_tools 
[02May2025 18:44:35.666] [main/DEBUG] [sophisticatedbackpacks/]: Started loading registry data from sophisticatedbackpacks:compat/mcwwindows/block_tools 
[02May2025 18:44:35.666] [main/DEBUG] [sophisticatedbackpacks/]: Started loading registry data from sophisticatedbackpacks:compat/integrateddynamics/block_tools 
[02May2025 18:44:35.666] [main/DEBUG] [sophisticatedbackpacks/]: Started loading registry data from sophisticatedbackpacks:entity_tools 
[02May2025 18:44:35.672] [main/DEBUG] [sophisticatedbackpacks/]: Finished loading registry data for sophisticatedbackpacks:entity_tools
[02May2025 18:44:35.672] [main/DEBUG] [sophisticatedbackpacks/]: Started loading registry data from sophisticatedbackpacks:compat/mekanism/block_tools 
[02May2025 18:44:35.672] [main/DEBUG] [sophisticatedbackpacks/]: Started loading registry data from sophisticatedbackpacks:compat/powah/block_tools 
[02May2025 18:44:35.672] [main/DEBUG] [sophisticatedbackpacks/]: Started loading registry data from sophisticatedbackpacks:compat/apotheosis/entity_tools 
[02May2025 18:44:35.672] [main/DEBUG] [sophisticatedbackpacks/]: Started loading registry data from sophisticatedbackpacks:compat/bloodmagic/block_tools 
[02May2025 18:44:35.672] [main/DEBUG] [sophisticatedbackpacks/]: Started loading registry data from sophisticatedbackpacks:compat/immersiveposts/block_tools 
[02May2025 18:44:35.672] [main/DEBUG] [sophisticatedbackpacks/]: Started loading registry data from sophisticatedbackpacks:compat/rats/entity_tools 
[02May2025 18:44:35.672] [main/DEBUG] [sophisticatedbackpacks/]: Started loading registry data from sophisticatedbackpacks:compat/framedcompactdrawers/block_tools 
[02May2025 18:44:35.672] [main/DEBUG] [sophisticatedbackpacks/]: Started loading registry data from sophisticatedbackpacks:compat/iceandfire/entity_tools 
[02May2025 18:44:35.672] [main/DEBUG] [sophisticatedbackpacks/]: Started loading registry data from sophisticatedbackpacks:compat/storagedrawers/block_tools 
[02May2025 18:44:35.672] [main/DEBUG] [sophisticatedbackpacks/]: Started loading registry data from sophisticatedbackpacks:compat/mcwroofs/block_tools 
[02May2025 18:44:35.672] [main/DEBUG] [sophisticatedbackpacks/]: Started loading registry data from sophisticatedbackpacks:compat/morphtool/block_tools 
[02May2025 18:44:35.672] [main/DEBUG] [sophisticatedbackpacks/]: Started loading registry data from sophisticatedbackpacks:compat/botania/block_tools 
[02May2025 18:44:35.672] [main/DEBUG] [sophisticatedbackpacks/]: Started loading registry data from sophisticatedbackpacks:compat/pneumaticraft/block_tools 
[02May2025 18:44:35.672] [main/DEBUG] [sophisticatedbackpacks/]: Started loading registry data from sophisticatedbackpacks:compat/shrink/entity_tools 
[02May2025 18:44:35.672] [main/DEBUG] [sophisticatedbackpacks/]: Started loading registry data from sophisticatedbackpacks:compat/blockcarpentry/block_tools 
[02May2025 18:44:35.672] [main/DEBUG] [sophisticatedbackpacks/]: Started loading registry data from sophisticatedbackpacks:compat/pipez/block_tools 
[02May2025 18:44:35.672] [main/DEBUG] [sophisticatedbackpacks/]: Started loading registry data from sophisticatedbackpacks:compat/transport/block_tools 
[02May2025 18:44:35.672] [main/DEBUG] [sophisticatedbackpacks/]: Started loading registry data from sophisticatedbackpacks:compat/thermal/block_tools 
[02May2025 18:44:35.672] [main/DEBUG] [sophisticatedbackpacks/]: Started loading registry data from sophisticatedbackpacks:block_tools 
[02May2025 18:44:35.672] [main/DEBUG] [sophisticatedbackpacks/]: Finished loading registry data for sophisticatedbackpacks:block_tools
[02May2025 18:44:35.672] [main/DEBUG] [sophisticatedbackpacks/]: Started loading registry data from sophisticatedbackpacks:compat/create/block_tools 
[02May2025 18:44:35.672] [main/DEBUG] [sophisticatedbackpacks/]: Started loading registry data from sophisticatedbackpacks:compat/farmersdelight/entity_tools 
[02May2025 18:44:35.674] [main/DEBUG] [sophisticatedbackpacks/]: Finished loading registry data for sophisticatedbackpacks:compat/farmersdelight/entity_tools
[02May2025 18:44:35.674] [main/DEBUG] [sophisticatedbackpacks/]: Started loading registry data from sophisticatedbackpacks:compat/refinedstorage/block_tools 
[02May2025 18:44:35.674] [main/DEBUG] [sophisticatedbackpacks/]: Started loading registry data from sophisticatedbackpacks:compat/chiselsandbits/block_tools 
[02May2025 18:44:35.674] [main/DEBUG] [sophisticatedbackpacks/]: Started loading registry data from sophisticatedbackpacks:compat/farmersdelight/block_tools 
[02May2025 18:44:35.675] [main/DEBUG] [sophisticatedbackpacks/]: Finished loading registry data for sophisticatedbackpacks:compat/farmersdelight/block_tools
[02May2025 18:44:35.675] [main/DEBUG] [sophisticatedbackpacks/]: Started loading registry data from sophisticatedbackpacks:compat/resourcefulbees/entity_tools 
[02May2025 18:44:35.675] [main/DEBUG] [sophisticatedbackpacks/]: Started loading registry data from sophisticatedbackpacks:compat/tetra/swords 
[02May2025 18:44:35.675] [main/DEBUG] [sophisticatedbackpacks/]: Started loading registry data from sophisticatedbackpacks:swords 
[02May2025 18:44:35.675] [main/DEBUG] [sophisticatedbackpacks/]: Finished loading registry data for sophisticatedbackpacks:swords
[02May2025 18:44:35.675] [main/DEBUG] [sophisticatedbackpacks/]: Started loading registry data from sophisticatedbackpacks:compat/mythicbotany/block_tools 
[02May2025 18:44:35.675] [main/DEBUG] [sophisticatedbackpacks/]: Started loading registry data from sophisticatedbackpacks:compat/resourcefulbees/block_tools 
[02May2025 18:44:35.675] [main/DEBUG] [sophisticatedbackpacks/]: Started loading registry data from sophisticatedbackpacks:compat/syp/entity_tools 
[02May2025 18:44:35.675] [main/DEBUG] [sophisticatedbackpacks/]: Started loading registry data from sophisticatedbackpacks:compat/eidolon/block_tools 
[02May2025 18:44:35.675] [main/DEBUG] [sophisticatedbackpacks/]: Started loading registry data from sophisticatedbackpacks:compat/rftoolsbase/block_tools 
[02May2025 18:44:35.712] [main/INFO] [top.theillusivec4.curios.Curios/]: Loaded 13 curio slots
[02May2025 18:44:35.721] [main/ERROR] [top.theillusivec4.curios.Curios/]: talisman is not a registered slot type!
[02May2025 18:44:35.723] [main/INFO] [top.theillusivec4.curios.Curios/]: Loaded 11 curio entities
[02May2025 18:44:35.726] [main/INFO] [quark-zeta/]: Modified advancement minecraft:husbandry/wax_on with 2 patches
[02May2025 18:44:35.727] [main/INFO] [quark-zeta/]: Modified advancement minecraft:adventure/kill_a_mob with 3 patches
[02May2025 18:44:35.727] [main/INFO] [quark-zeta/]: Modified advancement minecraft:husbandry/bred_all_animals with 3 patches
[02May2025 18:44:35.728] [main/INFO] [quark-zeta/]: Modified advancement minecraft:adventure/kill_all_mobs with 3 patches
[02May2025 18:44:35.729] [main/INFO] [quark-zeta/]: Modified advancement minecraft:husbandry/balanced_diet with 3 patches
[02May2025 18:44:35.729] [main/INFO] [quark-zeta/]: Modified advancement minecraft:husbandry/plant_seed with 1 patches
[02May2025 18:44:35.730] [main/INFO] [quark-zeta/]: Modified advancement minecraft:nether/all_effects with 2 patches
[02May2025 18:44:35.730] [main/INFO] [quark-zeta/]: Modified advancement minecraft:husbandry/wax_off with 2 patches
[02May2025 18:44:35.731] [main/INFO] [quark-zeta/]: Modified advancement minecraft:adventure/adventuring_time with 1 patches
[02May2025 18:44:35.731] [main/INFO] [quark-zeta/]: Modified advancement minecraft:nether/all_potions with 1 patches
[02May2025 18:44:35.744] [main/INFO] [Supplementaries/]: Loaded 27 flute songs
[02May2025 18:44:35.766] [main/INFO] [placebo/]: Registered 0 gear_sets.
[02May2025 18:44:42.238] [main/DEBUG] [mixin/]: Mixing VillagerTradesMixin from quark.mixins.json into net.minecraft.world.entity.npc.VillagerTrades
[02May2025 18:44:42.248] [main/DEBUG] [mixin/]: Mixing EnchantBookForEmeraldsMixin from quark.mixins.json into net.minecraft.world.entity.npc.VillagerTrades$EnchantBookForEmeralds
[02May2025 18:44:42.250] [main/DEBUG] [mixin/]: Mixing TreasureMapForEmeraldsMixin from supplementaries.mixins.json into net.minecraft.world.entity.npc.VillagerTrades$TreasureMapForEmeralds
[02May2025 18:44:42.256] [main/INFO] [Moonlight/]: Applied 7 data villager trades
[02May2025 18:44:42.326] [main/INFO] [Supplementaries/]: Finished additional setup in 0 ms
[02May2025 18:44:42.412] [main/DEBUG] [net.minecraftforge.common.ForgeHooks/WP]: Gathering id map for writing to world save world
[02May2025 18:44:42.522] [main/DEBUG] [net.minecraftforge.common.ForgeHooks/WP]: ID Map collection complete world
[02May2025 18:44:42.654] [Server thread/INFO] [net.minecraft.server.dedicated.DedicatedServer/]: Starting minecraft server version 1.20.1
[02May2025 18:44:42.656] [Server thread/INFO] [net.minecraft.server.dedicated.DedicatedServer/]: Loading properties
[02May2025 18:44:42.658] [Server thread/INFO] [net.minecraft.server.dedicated.DedicatedServer/]: Default game type: SURVIVAL
[02May2025 18:44:42.659] [Server thread/INFO] [net.minecraft.server.MinecraftServer/]: Generating keypair
[02May2025 18:44:42.888] [Server thread/INFO] [net.minecraft.server.dedicated.DedicatedServer/]: Starting Minecraft server on *:25565
[02May2025 18:44:42.891] [Server thread/DEBUG] [net.minecraftforge.network.DualStackUtils/]: Detected IPv6 address: "0:0:0:0:0:0:0:0"
[02May2025 18:44:42.911] [Server thread/DEBUG] [io.netty.util.internal.NativeLibraryLoader/]: -Dio.netty.native.workdir: /tmp (io.netty.tmpdir)
[02May2025 18:44:42.911] [Server thread/DEBUG] [io.netty.util.internal.NativeLibraryLoader/]: -Dio.netty.native.deleteLibAfterLoading: true
[02May2025 18:44:42.911] [Server thread/DEBUG] [io.netty.util.internal.NativeLibraryLoader/]: -Dio.netty.native.tryPatchShadedId: true
[02May2025 18:44:42.911] [Server thread/DEBUG] [io.netty.util.internal.NativeLibraryLoader/]: -Dio.netty.native.detectNativeLibraryDuplicates: true
[02May2025 18:44:42.981] [Server thread/DEBUG] [io.netty.util.internal.NativeLibraryLoader/]: Successfully loaded the library /tmp/libnetty_transport_native_epoll_x86_6410242029699070916094.so
[02May2025 18:44:42.988] [Server thread/DEBUG] [io.netty.util.NetUtil/]: -Djava.net.preferIPv4Stack: false
[02May2025 18:44:42.988] [Server thread/DEBUG] [io.netty.util.NetUtil/]: -Djava.net.preferIPv6Addresses: true
[02May2025 18:44:42.994] [Server thread/DEBUG] [io.netty.util.NetUtilInitializations/]: Loopback interface: lo (lo, 0:0:0:0:0:0:0:1%lo)
[02May2025 18:44:42.996] [Server thread/DEBUG] [io.netty.util.NetUtil/]: /proc/sys/net/core/somaxconn: 4096
[02May2025 18:44:43.010] [Server thread/INFO] [net.minecraft.server.network.ServerConnectionListener/]: Using epoll channel type
[02May2025 18:44:43.050] [Server thread/DEBUG] [io.netty.channel.MultithreadEventLoopGroup/]: -Dio.netty.eventLoopThreads: 4
[02May2025 18:44:43.085] [Server thread/DEBUG] [io.netty.util.internal.PlatformDependent/]: org.jctools-core.MpscChunkedArrayQueue: available
[02May2025 18:44:43.097] [Server thread/DEBUG] [io.netty.channel.DefaultChannelId/]: -Dio.netty.processId: 4755 (auto-detected)
[02May2025 18:44:43.099] [Server thread/DEBUG] [io.netty.channel.DefaultChannelId/]: -Dio.netty.machineId: 7c:1e:52:ff:fe:bd:26:75 (auto-detected)
[02May2025 18:44:43.131] [Server thread/DEBUG] [io.netty.buffer.PooledByteBufAllocator/]: -Dio.netty.allocator.numHeapArenas: 4
[02May2025 18:44:43.131] [Server thread/DEBUG] [io.netty.buffer.PooledByteBufAllocator/]: -Dio.netty.allocator.numDirectArenas: 4
[02May2025 18:44:43.131] [Server thread/DEBUG] [io.netty.buffer.PooledByteBufAllocator/]: -Dio.netty.allocator.pageSize: 8192
[02May2025 18:44:43.131] [Server thread/DEBUG] [io.netty.buffer.PooledByteBufAllocator/]: -Dio.netty.allocator.maxOrder: 9
[02May2025 18:44:43.131] [Server thread/DEBUG] [io.netty.buffer.PooledByteBufAllocator/]: -Dio.netty.allocator.chunkSize: 4194304
[02May2025 18:44:43.131] [Server thread/DEBUG] [io.netty.buffer.PooledByteBufAllocator/]: -Dio.netty.allocator.smallCacheSize: 256
[02May2025 18:44:43.131] [Server thread/DEBUG] [io.netty.buffer.PooledByteBufAllocator/]: -Dio.netty.allocator.normalCacheSize: 64
[02May2025 18:44:43.132] [Server thread/DEBUG] [io.netty.buffer.PooledByteBufAllocator/]: -Dio.netty.allocator.maxCachedBufferCapacity: 32768
[02May2025 18:44:43.132] [Server thread/DEBUG] [io.netty.buffer.PooledByteBufAllocator/]: -Dio.netty.allocator.cacheTrimInterval: 8192
[02May2025 18:44:43.132] [Server thread/DEBUG] [io.netty.buffer.PooledByteBufAllocator/]: -Dio.netty.allocator.cacheTrimIntervalMillis: 0
[02May2025 18:44:43.132] [Server thread/DEBUG] [io.netty.buffer.PooledByteBufAllocator/]: -Dio.netty.allocator.useCacheForAllThreads: false
[02May2025 18:44:43.132] [Server thread/DEBUG] [io.netty.buffer.PooledByteBufAllocator/]: -Dio.netty.allocator.maxCachedByteBuffersPerChunk: 1023
[02May2025 18:44:43.141] [Server thread/DEBUG] [io.netty.buffer.ByteBufUtil/]: -Dio.netty.allocator.type: pooled
[02May2025 18:44:43.141] [Server thread/DEBUG] [io.netty.buffer.ByteBufUtil/]: -Dio.netty.threadLocalDirectBufferSize: 0
[02May2025 18:44:43.141] [Server thread/DEBUG] [io.netty.buffer.ByteBufUtil/]: -Dio.netty.maxThreadLocalCharBufferSize: 16384
[02May2025 18:44:43.151] [Server thread/WARN] [net.minecraft.server.dedicated.DedicatedServer/]: **** SERVER IS RUNNING IN OFFLINE/INSECURE MODE!
[02May2025 18:44:43.151] [Server thread/WARN] [net.minecraft.server.dedicated.DedicatedServer/]: The server will make no attempt to authenticate usernames. Beware.
[02May2025 18:44:43.152] [Server thread/WARN] [net.minecraft.server.dedicated.DedicatedServer/]: While this makes the game possible to play without internet access, it also opens up the ability for hackers to connect with any username they choose.
[02May2025 18:44:43.153] [Server thread/WARN] [net.minecraft.server.dedicated.DedicatedServer/]: To change this, set "online-mode" to "true" in the server.properties file.
[02May2025 18:44:43.174] [Server thread/DEBUG] [net.minecraftforge.fml.config.ConfigTracker/CONFIG]: Loading configs type SERVER
[02May2025 18:44:43.174] [Server thread/DEBUG] [net.minecraftforge.fml.config.ConfigFileTypeHandler/CONFIG]: Built TOML config for ./world/serverconfig/jei-server.toml
[02May2025 18:44:43.178] [Server thread/DEBUG] [net.minecraftforge.fml.config.ConfigFileTypeHandler/CONFIG]: Loaded TOML config file ./world/serverconfig/jei-server.toml
[02May2025 18:44:43.178] [Server thread/DEBUG] [net.minecraftforge.fml.config.ConfigFileTypeHandler/CONFIG]: Watching TOML config file ./world/serverconfig/jei-server.toml for changes
[02May2025 18:44:43.180] [Server thread/DEBUG] [net.minecraftforge.fml.config.ConfigFileTypeHandler/CONFIG]: Built TOML config for ./world/serverconfig/sophisticatedbackpacks-server.toml
[02May2025 18:44:43.183] [Server thread/DEBUG] [net.minecraftforge.fml.config.ConfigFileTypeHandler/CONFIG]: Loaded TOML config file ./world/serverconfig/sophisticatedbackpacks-server.toml
[02May2025 18:44:43.183] [Server thread/DEBUG] [net.minecraftforge.fml.config.ConfigFileTypeHandler/CONFIG]: Watching TOML config file ./world/serverconfig/sophisticatedbackpacks-server.toml for changes
[02May2025 18:44:43.186] [Thread-2/DEBUG] [net.minecraftforge.fml.config.ConfigFileTypeHandler/CONFIG]: Config file sophisticatedbackpacks-server.toml changed, sending notifies
[02May2025 18:44:43.187] [Server thread/DEBUG] [net.minecraftforge.fml.config.ConfigFileTypeHandler/CONFIG]: Built TOML config for ./world/serverconfig/forge-server.toml
[02May2025 18:44:43.189] [Server thread/DEBUG] [net.minecraftforge.fml.config.ConfigFileTypeHandler/CONFIG]: Loaded TOML config file ./world/serverconfig/forge-server.toml
[02May2025 18:44:43.189] [Server thread/DEBUG] [net.minecraftforge.fml.config.ConfigFileTypeHandler/CONFIG]: Watching TOML config file ./world/serverconfig/forge-server.toml for changes
[02May2025 18:44:43.190] [Server thread/DEBUG] [net.minecraftforge.common.ForgeConfig/FORGEMOD]: Loaded forge config file forge-server.toml
[02May2025 18:44:43.190] [Thread-2/DEBUG] [net.minecraftforge.fml.config.ConfigFileTypeHandler/CONFIG]: Config file forge-server.toml changed, sending notifies
[02May2025 18:44:43.190] [Thread-2/DEBUG] [net.minecraftforge.common.ForgeConfig/FORGEMOD]: Forge config just got changed on the file system!
[02May2025 18:44:43.190] [Thread-2/DEBUG] [net.minecraftforge.fml.config.ConfigFileTypeHandler/CONFIG]: Config file forge-server.toml changed, sending notifies
[02May2025 18:44:43.190] [Thread-2/DEBUG] [net.minecraftforge.common.ForgeConfig/FORGEMOD]: Forge config just got changed on the file system!
[02May2025 18:44:43.191] [Server thread/DEBUG] [net.minecraftforge.fml.config.ConfigFileTypeHandler/CONFIG]: Built TOML config for ./world/serverconfig/curios-server.toml
[02May2025 18:44:43.191] [Server thread/DEBUG] [net.minecraftforge.fml.config.ConfigFileTypeHandler/CONFIG]: Loaded TOML config file ./world/serverconfig/curios-server.toml
[02May2025 18:44:43.191] [Server thread/DEBUG] [net.minecraftforge.fml.config.ConfigFileTypeHandler/CONFIG]: Watching TOML config file ./world/serverconfig/curios-server.toml for changes
[02May2025 18:44:43.192] [Thread-2/DEBUG] [net.minecraftforge.fml.config.ConfigFileTypeHandler/CONFIG]: Config file curios-server.toml changed, sending notifies
[02May2025 18:44:43.192] [Thread-2/DEBUG] [net.minecraftforge.fml.config.ConfigFileTypeHandler/CONFIG]: Config file curios-server.toml changed, sending notifies
[02May2025 18:44:43.192] [Server thread/DEBUG] [net.minecraftforge.fml.config.ConfigFileTypeHandler/CONFIG]: Built TOML config for /workspaces/proyectosjr/servidor_minecraft/config/tombstone-server.toml
[02May2025 18:44:43.193] [Server thread/DEBUG] [net.minecraftforge.fml.config.ConfigFileTypeHandler/CONFIG]: Loaded TOML config file /workspaces/proyectosjr/servidor_minecraft/config/tombstone-server.toml
[02May2025 18:44:43.193] [Server thread/DEBUG] [net.minecraftforge.fml.config.ConfigFileTypeHandler/CONFIG]: Watching TOML config file /workspaces/proyectosjr/servidor_minecraft/config/tombstone-server.toml for changes
[02May2025 18:44:43.197] [Thread-2/DEBUG] [net.minecraftforge.fml.config.ConfigFileTypeHandler/CONFIG]: Config file tombstone-server.toml changed, sending notifies
[02May2025 18:44:43.519] [Server thread/DEBUG] [SpectreLib/CONFIG]: Loading server configs from ./world/serverconfig on server
[02May2025 18:44:43.520] [Server thread/DEBUG] [SpectreLib/CONFIG]: Built TOML config for /workspaces/proyectosjr/servidor_minecraft/config/comforts-server.toml
[02May2025 18:44:43.520] [Server thread/DEBUG] [SpectreLib/CONFIG]: Loaded TOML config file /workspaces/proyectosjr/servidor_minecraft/config/comforts-server.toml
[02May2025 18:44:43.523] [Server thread/INFO] [zeta/]: Server starting, accepting filewatcher changes for zeta's config
[02May2025 18:44:43.524] [Server thread/INFO] [quark-zeta/]: Server starting, accepting filewatcher changes for quark's config
[02May2025 18:44:43.552] [Server thread/INFO] [terrablender/]: Initialized TerraBlender biomes for level stem minecraft:the_nether
[02May2025 18:44:44.680] [Server thread/INFO] [terrablender/]: Initialized TerraBlender biomes for level stem minecraft:overworld
[02May2025 18:44:44.681] [Server thread/INFO] [net.minecraft.server.dedicated.DedicatedServer/]: Preparing level "world"
[02May2025 18:44:44.694] [Server thread/DEBUG] [net.minecraftforge.coremod.transformer.CoreModBaseTransformer/COREMOD]: Transforming net/minecraft/world/level/levelgen/PhantomSpawner
[02May2025 18:44:44.715] [Server thread/DEBUG] [net.minecraftforge.coremod.transformer.CoreModBaseTransformer/COREMOD]: Transforming net/minecraft/world/level/levelgen/PatrolSpawner
[02May2025 18:44:44.739] [Server thread/DEBUG] [net.minecraftforge.coremod.transformer.CoreModBaseTransformer/COREMOD]: Transforming net/minecraft/world/entity/npc/CatSpawner
[02May2025 18:44:44.775] [Server thread/DEBUG] [mixin/]: Mixing RedMerchantSpawnerMixin from supplementaries-common.mixins.json into net.minecraft.world.entity.npc.WanderingTraderSpawner
[02May2025 18:44:44.776] [Server thread/DEBUG] [mixin/]: Renaming synthetic method lambda$spawn$1(Lnet/minecraft/core/BlockPos;)Z to mdcf8a4d$lambda$spawn$1$0 in supplementaries-common.mixins.json:RedMerchantSpawnerMixin
[02May2025 18:44:44.776] [Server thread/DEBUG] [mixin/]: Renaming synthetic method lambda$spawn$0(Lnet/minecraft/core/Holder;)Z to mdcf8a4d$lambda$spawn$0$1 in supplementaries-common.mixins.json:RedMerchantSpawnerMixin
[02May2025 18:44:44.828] [Server thread/DEBUG] [mixin/]: Mixing DamageSourcesMixin from quark.mixins.json into net.minecraft.world.damagesource.DamageSources
[02May2025 18:44:44.828] [Server thread/DEBUG] [mixin/]: Mixing DamageSourcesMixin from tombstone.mixins.json into net.minecraft.world.damagesource.DamageSources
[02May2025 18:44:44.868] [Server thread/DEBUG] [mixin/]: Mixing common.multipart.ServerLevelEntityCallbacksMixin from adastra-common.mixins.json into net.minecraft.server.level.ServerLevel$EntityCallbacks
[02May2025 18:44:44.895] [Server thread/DEBUG] [mixin/]: Mixing common.multipart.ChunkMapMixin from adastra-common.mixins.json into net.minecraft.server.level.ChunkMap
[02May2025 18:44:45.346] [Server thread/DEBUG] [mixin/]: Mixing MixinSleepStatus from comforts.mixins.json into net.minecraft.server.players.SleepStatus
[02May2025 18:44:45.512] [Server thread/DEBUG] [mixin/]: Mixing CombatTrackerAccessor from playerrevive.mixins.json into net.minecraft.world.damagesource.CombatTracker
[02May2025 18:44:45.668] [Server thread/DEBUG] [mixin/]: Mixing HarvestFarmlandMixin from quark.mixins.json into net.minecraft.world.entity.ai.behavior.HarvestFarmland
[02May2025 18:44:45.913] [Server thread/DEBUG] [mixin/]: Mixing PiglinAiMixin from relics.mixins.json into net.minecraft.world.entity.monster.piglin.PiglinAi
[02May2025 18:44:45.913] [Server thread/DEBUG] [mixin/]: relics.mixins.json:PiglinAiMixin: Class version 61 required is higher than the class version supported by the current version of Mixin (JAVA_8 supports class version 52)
[02May2025 18:44:45.918] [Server thread/DEBUG] [mixin/]: Mixing MixinPiglinAi from curios.mixins.json into net.minecraft.world.entity.monster.piglin.PiglinAi
[02May2025 18:44:57.723] [Server thread/INFO] [net.minecraft.server.MinecraftServer/]: Preparing start region for dimension minecraft:overworld
[02May2025 18:44:59.425] [Server thread/DEBUG] [mixin/]: Mixing MixinChunkSerializer from architectury.mixins.json into net.minecraft.world.level.chunk.storage.ChunkSerializer
[02May2025 18:45:00.424] [Server thread/DEBUG] [mixin/]: Mixing StructureStartMixin from zeta.mixins.json into net.minecraft.world.level.levelgen.structure.StructureStart
[02May2025 18:45:00.431] [Server thread/DEBUG] [mixin/]: Mixing accessor.BoundingBoxAccessor from betterdungeons.mixins.json into net.minecraft.world.level.levelgen.structure.BoundingBox
[02May2025 18:45:00.432] [Server thread/DEBUG] [mixin/]: Mixing accessor.BoundingBoxAccessor from yungsapi.mixins.json into net.minecraft.world.level.levelgen.structure.BoundingBox
[02May2025 18:45:00.432] [Server thread/DEBUG] [mixin/]: Mixing BoundingBoxAccessor from bettermineshafts.mixins.json into net.minecraft.world.level.levelgen.structure.BoundingBox
[02May2025 18:45:00.433] [Server thread/DEBUG] [mixin/]: Unexpected: Registered method setMaxX(I)V in net.minecraft.world.level.levelgen.structure.BoundingBox was not merged
[02May2025 18:45:00.433] [Server thread/DEBUG] [mixin/]: Unexpected: Registered method setMaxZ(I)V in net.minecraft.world.level.levelgen.structure.BoundingBox was not merged
[02May2025 18:45:00.433] [Server thread/DEBUG] [mixin/]: Unexpected: Registered method setMaxY(I)V in net.minecraft.world.level.levelgen.structure.BoundingBox was not merged
[02May2025 18:45:00.433] [Server thread/DEBUG] [mixin/]: Unexpected: Registered method setMinY(I)V in net.minecraft.world.level.levelgen.structure.BoundingBox was not merged
[02May2025 18:45:00.433] [Server thread/DEBUG] [mixin/]: Unexpected: Registered method setMaxY(I)V in net.minecraft.world.level.levelgen.structure.BoundingBox was not merged
[02May2025 18:45:00.434] [Server thread/DEBUG] [mixin/]: Unexpected: Registered method setMinZ(I)V in net.minecraft.world.level.levelgen.structure.BoundingBox was not merged
[02May2025 18:45:00.434] [Server thread/DEBUG] [mixin/]: Unexpected: Registered method setMinY(I)V in net.minecraft.world.level.levelgen.structure.BoundingBox was not merged
[02May2025 18:45:00.434] [Server thread/DEBUG] [mixin/]: Unexpected: Registered method setMinX(I)V in net.minecraft.world.level.levelgen.structure.BoundingBox was not merged
[02May2025 18:45:00.434] [Server thread/DEBUG] [mixin/]: Unexpected: Registered method setMinX(I)V in net.minecraft.world.level.levelgen.structure.BoundingBox was not merged
[02May2025 18:45:00.434] [Server thread/DEBUG] [mixin/]: Unexpected: Registered method setMaxZ(I)V in net.minecraft.world.level.levelgen.structure.BoundingBox was not merged
[02May2025 18:45:00.434] [Server thread/DEBUG] [mixin/]: Unexpected: Registered method setMinZ(I)V in net.minecraft.world.level.levelgen.structure.BoundingBox was not merged
[02May2025 18:45:00.434] [Server thread/DEBUG] [mixin/]: Unexpected: Registered method setMaxX(I)V in net.minecraft.world.level.levelgen.structure.BoundingBox was not merged
[02May2025 18:45:00.440] [Server thread/DEBUG] [net.minecraftforge.coremod.transformer.CoreModBaseTransformer/COREMOD]: Transforming net/minecraft/world/level/levelgen/structure/templatesystem/StructureTemplate
[02May2025 18:45:00.488] [Server thread/DEBUG] [mixin/]: Mixing DungeonContextMixin from betterdungeons.mixins.json into net.minecraft.world.level.levelgen.structure.templatesystem.StructureTemplate
[02May2025 18:45:00.489] [Server thread/DEBUG] [mixin/]: Mixing StructureTemplateMixin from betterdungeons.mixins.json into net.minecraft.world.level.levelgen.structure.templatesystem.StructureTemplate
[02May2025 18:45:00.489] [Server thread/DEBUG] [mixin/]: Renaming synthetic method lambda$betterdungeons_preventAutoWaterlogging$0(Lnet/minecraft/world/level/levelgen/structure/templatesystem/StructureProcessor;)Z to mdcf8a4d$lambda$betterdungeons_preventAutoWaterlogging$0$0 in betterdungeons.mixins.json:StructureTemplateMixin
[02May2025 18:45:00.491] [Server thread/DEBUG] [mixin/]: Mixing StructureTemplateMixin from zeta.mixins.json into net.minecraft.world.level.levelgen.structure.templatesystem.StructureTemplate
[02May2025 18:45:06.111] [Worker-Main-1/INFO] [net.minecraft.server.level.progress.LoggerChunkProgressListener/]: Preparing spawn area: 0%
[02May2025 18:45:06.443] [Worker-Main-1/INFO] [net.minecraft.server.level.progress.LoggerChunkProgressListener/]: Preparing spawn area: 0%
[02May2025 18:45:06.493] [Worker-Main-1/INFO] [net.minecraft.server.level.progress.LoggerChunkProgressListener/]: Preparing spawn area: 0%
[02May2025 18:45:06.557] [Worker-Main-1/INFO] [net.minecraft.server.level.progress.LoggerChunkProgressListener/]: Preparing spawn area: 0%
[02May2025 18:45:06.613] [Worker-Main-1/INFO] [net.minecraft.server.level.progress.LoggerChunkProgressListener/]: Preparing spawn area: 0%
[02May2025 18:45:06.645] [Worker-Main-1/INFO] [net.minecraft.server.level.progress.LoggerChunkProgressListener/]: Preparing spawn area: 0%
[02May2025 18:45:06.672] [Worker-Main-1/INFO] [net.minecraft.server.level.progress.LoggerChunkProgressListener/]: Preparing spawn area: 0%
[02May2025 18:45:06.735] [Worker-Main-1/INFO] [net.minecraft.server.level.progress.LoggerChunkProgressListener/]: Preparing spawn area: 0%
[02May2025 18:45:06.766] [Worker-Main-1/INFO] [net.minecraft.server.level.progress.LoggerChunkProgressListener/]: Preparing spawn area: 0%
[02May2025 18:45:06.951] [Worker-Main-1/INFO] [net.minecraft.server.level.progress.LoggerChunkProgressListener/]: Preparing spawn area: 0%
[02May2025 18:45:07.003] [Worker-Main-1/INFO] [net.minecraft.server.level.progress.LoggerChunkProgressListener/]: Preparing spawn area: 0%
[02May2025 18:45:07.043] [Worker-Main-1/INFO] [net.minecraft.server.level.progress.LoggerChunkProgressListener/]: Preparing spawn area: 0%
[02May2025 18:45:07.069] [Worker-Main-1/INFO] [net.minecraft.server.level.progress.LoggerChunkProgressListener/]: Preparing spawn area: 0%
[02May2025 18:45:07.096] [Worker-Main-1/INFO] [net.minecraft.server.level.progress.LoggerChunkProgressListener/]: Preparing spawn area: 0%
[02May2025 18:45:07.210] [Worker-Main-1/INFO] [net.minecraft.server.level.progress.LoggerChunkProgressListener/]: Preparing spawn area: 0%
[02May2025 18:45:07.213] [Worker-Main-1/INFO] [net.minecraft.server.level.progress.LoggerChunkProgressListener/]: Preparing spawn area: 0%
[02May2025 18:45:07.213] [Worker-Main-1/INFO] [net.minecraft.server.level.progress.LoggerChunkProgressListener/]: Preparing spawn area: 0%
[02May2025 18:45:07.214] [Worker-Main-1/INFO] [net.minecraft.server.level.progress.LoggerChunkProgressListener/]: Preparing spawn area: 0%
[02May2025 18:45:07.222] [Worker-Main-1/INFO] [net.minecraft.server.level.progress.LoggerChunkProgressListener/]: Preparing spawn area: 0%
[02May2025 18:45:07.232] [Worker-Main-1/INFO] [net.minecraft.server.level.progress.LoggerChunkProgressListener/]: Preparing spawn area: 0%
[02May2025 18:45:07.726] [Worker-Main-1/INFO] [net.minecraft.server.level.progress.LoggerChunkProgressListener/]: Preparing spawn area: 0%
[02May2025 18:45:08.225] [Worker-Main-1/INFO] [net.minecraft.server.level.progress.LoggerChunkProgressListener/]: Preparing spawn area: 0%
[02May2025 18:45:08.727] [Worker-Main-1/INFO] [net.minecraft.server.level.progress.LoggerChunkProgressListener/]: Preparing spawn area: 0%
[02May2025 18:45:09.227] [Worker-Main-1/INFO] [net.minecraft.server.level.progress.LoggerChunkProgressListener/]: Preparing spawn area: 0%
[02May2025 18:45:10.218] [Server thread/INFO] [net.minecraft.server.level.progress.LoggerChunkProgressListener/]: Time elapsed: 12493 ms
[02May2025 18:45:10.219] [Server thread/INFO] [net.minecraft.server.dedicated.DedicatedServer/]: Done (27.045s)! For help, type "help"
[02May2025 18:45:10.244] [Server thread/DEBUG] [net.minecraftforge.network.DualStackUtils/]: Detected IPv6 address: "0:0:0:0:0:0:0:0"
[02May2025 18:45:10.405] [Server thread/DEBUG] [net.minecraftforge.common.ForgeI18n/CORE]: Loading I18N data entries: 11012
[02May2025 18:45:10.414] [Server thread/INFO] [net.minecraftforge.server.permission.PermissionAPI/]: Successfully initialized permission handler forge:default_handler
[02May2025 18:45:10.780] [Server thread/WARN] [net.minecraft.network.syncher.SynchedEntityData/]: defineId called for: class net.minecraft.world.entity.player.Player from class tschipp.carryon.common.carry.CarryOnDataManager
[02May2025 18:45:10.944] [Server thread/DEBUG] [io.netty.buffer.AbstractByteBuf/]: -Dio.netty.buffer.checkAccessible: true
[02May2025 18:45:10.944] [Server thread/DEBUG] [io.netty.buffer.AbstractByteBuf/]: -Dio.netty.buffer.checkBounds: true
[02May2025 18:45:10.945] [Server thread/DEBUG] [io.netty.util.ResourceLeakDetectorFactory/]: Loaded default ResourceLeakDetector: io.netty.util.ResourceLeakDetector@688ed7b0
[02May2025 18:45:10.996] [Server thread/DEBUG] [mixin/]: Mixing ArmorTrimMixin from quark.mixins.json into net.minecraft.world.item.armortrim.ArmorTrim
[02May2025 18:45:11.390] [Server thread/DEBUG] [net.minecraftforge.coremod.transformer.CoreModBaseTransformer/COREMOD]: Transforming net/minecraft/world/level/NaturalSpawner
[02May2025 18:45:11.494] [Server thread/DEBUG] [mixin/]: Mixing item.wearable.NaturalSpawnerMixin from mixins.artifacts.common.json into net.minecraft.world.level.NaturalSpawner
[02May2025 18:45:11.494] [Server thread/DEBUG] [mixin/]: Renaming synthetic method lambda$spawnCategoryForPosition$0(Lnet/minecraft/world/entity/Mob;Lnet/minecraft/world/item/ItemStack;)V to mdcf8a4d$lambda$spawnCategoryForPosition$0$0 in mixins.artifacts.common.json:item.wearable.NaturalSpawnerMixin
[02May2025 18:45:11.605] [Server thread/DEBUG] [mixin/]: Mixing ServerEntityMixin from quark.mixins.json into net.minecraft.server.level.ServerEntity
[02May2025 18:45:11.794] [Server thread/DEBUG] [artifacts.Artifacts/]: Loaded artifacts.forge.platform.ForgePlatformHelper@57768ba7 for service interface artifacts.platform.PlatformHelper
[02May2025 18:45:13.300] [Server thread/WARN] [net.minecraft.server.MinecraftServer/]: Can't keep up! Is the server overloaded? Running 2302ms or 46 ticks behind
[02May2025 18:45:21.433] [Server thread/DEBUG] [mixin/]: Mixing swimming.FallLocationMixin from expandability-common.mixins.json into net.minecraft.world.damagesource.FallLocation
[02May2025 18:45:54.429] [Netty Epoll Server IO #1/DEBUG] [mixin/]: Mixing MapItemDataPacketMixin from moonlight-common.mixins.json into net.minecraft.network.protocol.game.ClientboundMapItemDataPacket
[02May2025 18:45:54.431] [Netty Epoll Server IO #1/DEBUG] [mixin/]: Renaming synthetic method lambda$moonlight$sendCustomDecorations$1(I)[Lnet/mehvahdjukaar/moonlight/api/map/CustomMapDecoration; to mdcf8a4d$lambda$moonlight$sendCustomDecorations$1$0 in moonlight-common.mixins.json:MapItemDataPacketMixin
[02May2025 18:45:54.431] [Netty Epoll Server IO #1/DEBUG] [mixin/]: Renaming synthetic method lambda$moonlight$sendCustomDecorations$0(Lnet/minecraft/network/FriendlyByteBuf;Lnet/mehvahdjukaar/moonlight/api/map/CustomMapDecoration;)Lnet/mehvahdjukaar/moonlight/api/map/CustomMapDecoration; to mdcf8a4d$lambda$moonlight$sendCustomDecorations$0$1 in moonlight-common.mixins.json:MapItemDataPacketMixin
[02May2025 18:46:11.740] [Netty Epoll Server IO #2/DEBUG] [io.netty.util.Recycler/]: -Dio.netty.recycler.maxCapacityPerThread: 4096
[02May2025 18:46:11.740] [Netty Epoll Server IO #2/DEBUG] [io.netty.util.Recycler/]: -Dio.netty.recycler.ratio: 8
[02May2025 18:46:11.740] [Netty Epoll Server IO #2/DEBUG] [io.netty.util.Recycler/]: -Dio.netty.recycler.chunkSize: 32
[02May2025 18:46:11.740] [Netty Epoll Server IO #2/DEBUG] [io.netty.util.Recycler/]: -Dio.netty.recycler.blocking: false
[02May2025 18:46:11.839] [Netty Epoll Server IO #2/DEBUG] [net.minecraftforge.network.HandshakeHandler/FMLHANDSHAKE]: Starting new modded impl connection. Found 28 messages to dispatch.
[02May2025 18:46:11.848] [Server thread/DEBUG] [net.minecraftforge.network.HandshakeHandler/FMLHANDSHAKE]: Sending ticking packet info 'net.minecraftforge.network.HandshakeMessages$S2CModData' to 'fml:handshake' sequence 0
[02May2025 18:46:11.899] [Server thread/DEBUG] [net.minecraftforge.network.HandshakeHandler/FMLHANDSHAKE]: Sending ticking packet info 'net.minecraftforge.network.HandshakeMessages$S2CModList' to 'fml:handshake' sequence 1
[02May2025 18:46:11.948] [Server thread/DEBUG] [net.minecraftforge.network.HandshakeHandler/FMLHANDSHAKE]: Sending ticking packet info 'Registry minecraft:command_argument_type' to 'fml:handshake' sequence 2
[02May2025 18:46:11.998] [Server thread/DEBUG] [net.minecraftforge.network.HandshakeHandler/FMLHANDSHAKE]: Sending ticking packet info 'Registry minecraft:recipe_serializer' to 'fml:handshake' sequence 3
[02May2025 18:46:12.048] [Server thread/DEBUG] [net.minecraftforge.network.HandshakeHandler/FMLHANDSHAKE]: Sending ticking packet info 'Registry minecraft:sound_event' to 'fml:handshake' sequence 4
[02May2025 18:46:12.098] [Server thread/DEBUG] [net.minecraftforge.network.HandshakeHandler/FMLHANDSHAKE]: Sending ticking packet info 'Registry minecraft:particle_type' to 'fml:handshake' sequence 5
[02May2025 18:46:12.148] [Server thread/DEBUG] [net.minecraftforge.network.HandshakeHandler/FMLHANDSHAKE]: Sending ticking packet info 'Registry minecraft:villager_profession' to 'fml:handshake' sequence 6
[02May2025 18:46:12.198] [Server thread/DEBUG] [net.minecraftforge.network.HandshakeHandler/FMLHANDSHAKE]: Sending ticking packet info 'Registry minecraft:item' to 'fml:handshake' sequence 7
[02May2025 18:46:12.248] [Server thread/DEBUG] [net.minecraftforge.network.HandshakeHandler/FMLHANDSHAKE]: Sending ticking packet info 'Registry minecraft:potion' to 'fml:handshake' sequence 8
[02May2025 18:46:12.287] [Netty Epoll Server IO #2/DEBUG] [net.minecraftforge.network.LoginWrapper/FMLHANDSHAKE]: Recieved login wrapper packet event for channel fml:handshake with index 1
[02May2025 18:46:12.291] [Netty Epoll Server IO #2/DEBUG] [net.minecraftforge.network.HandshakeHandler/FMLHANDSHAKE]: Received client indexed reply 1 of type net.minecraftforge.network.HandshakeMessages$C2SModListReply
[02May2025 18:46:12.291] [Netty Epoll Server IO #2/DEBUG] [net.minecraftforge.network.HandshakeHandler/FMLHANDSHAKE]: Received client connection with modlist [betterdungeons, mowziesmobs, kuma_api, trashslot, geckolib, botarium, jei, libraryferret, sophisticatedcore, rubidium, sodium, waystones, cookingforblockheads, placebo, comforts, citadel, alexsmobs, artifacts, yungsapi, mixinextras, horrrs_pvz, glitchcore, sophisticatedbackpacks, relics, ldlib, balm, carryon, cloth_config, forge, tlskincape, ironchest, minecraft, slugterra, farmersdelight, torchmaster, terrablender, moonlight, biomesoplenty, mixinsquared, jade, creativecore, spectrelib, simplefarming, resourcefulconfig, kotlinforforge, curios, zeta, quark, supplementaries, bettervillage, inventoryhud, betterstrongholds, tombstone, resourcefullib, upgradedcore, architectury, octolib, appleskin, aiimprovements, photon, expandability, bettermineshafts, realmrpg_quests, playerrevive, nebs, ad_astra]
[02May2025 18:46:12.292] [Netty Epoll Server IO #2/DEBUG] [net.minecraftforge.network.NetworkRegistry/NETREGISTRY]: Channel 'supplementaries:channel' : Version test of '0' from client : ACCEPTED
[02May2025 18:46:12.292] [Netty Epoll Server IO #2/DEBUG] [net.minecraftforge.network.NetworkRegistry/NETREGISTRY]: Channel 'comforts:main' : Version test of '1' from client : ACCEPTED
[02May2025 18:46:12.292] [Netty Epoll Server IO #2/DEBUG] [net.minecraftforge.network.NetworkRegistry/NETREGISTRY]: Channel 'torchmaster:main' : Version test of '1' from client : ACCEPTED
[02May2025 18:46:12.292] [Netty Epoll Server IO #2/DEBUG] [net.minecraftforge.network.NetworkRegistry/NETREGISTRY]: Channel 'architectury:network' : Version test of '1' from client : ACCEPTED
[02May2025 18:46:12.292] [Netty Epoll Server IO #2/DEBUG] [net.minecraftforge.network.NetworkRegistry/NETREGISTRY]: Channel 'jei:channel' : Version test of '1.0.0' from client : ACCEPTED
[02May2025 18:46:12.292] [Netty Epoll Server IO #2/DEBUG] [net.minecraftforge.network.NetworkRegistry/NETREGISTRY]: Channel 'cookingforblockheads:network' : Version test of '1.0' from client : ACCEPTED
[02May2025 18:46:12.292] [Netty Epoll Server IO #2/DEBUG] [net.minecraftforge.network.NetworkRegistry/NETREGISTRY]: Channel 'carryon:carryonpackets' : Version test of '1.0' from client : ACCEPTED
[02May2025 18:46:12.292] [Netty Epoll Server IO #2/DEBUG] [net.minecraftforge.network.NetworkRegistry/NETREGISTRY]: Channel 'minecraft:unregister' : Version test of 'FML3' from client : ACCEPTED
[02May2025 18:46:12.292] [Netty Epoll Server IO #2/DEBUG] [net.minecraftforge.network.NetworkRegistry/NETREGISTRY]: Channel 'slugterra:slugterra' : Version test of '1' from client : ACCEPTED
[02May2025 18:46:12.293] [Netty Epoll Server IO #2/DEBUG] [net.minecraftforge.network.NetworkRegistry/NETREGISTRY]: Channel 'sophisticatedbackpacks:channel' : Version test of '1' from client : ACCEPTED
[02May2025 18:46:12.293] [Netty Epoll Server IO #2/DEBUG] [net.minecraftforge.network.NetworkRegistry/NETREGISTRY]: Channel 'citadel:main_channel' : Version test of '1' from client : ACCEPTED
[02May2025 18:46:12.293] [Netty Epoll Server IO #2/DEBUG] [net.minecraftforge.network.NetworkRegistry/NETREGISTRY]: Channel 'ad_astra:main' : Version test of '1' from client : ACCEPTED
[02May2025 18:46:12.293] [Netty Epoll Server IO #2/DEBUG] [net.minecraftforge.network.NetworkRegistry/NETREGISTRY]: Channel 'curios:main' : Version test of '1' from client : ACCEPTED
[02May2025 18:46:12.293] [Netty Epoll Server IO #2/DEBUG] [net.minecraftforge.network.NetworkRegistry/NETREGISTRY]: Channel 'placebo:placebo' : Version test of '1.0.0' from client : ACCEPTED
[02May2025 18:46:12.293] [Netty Epoll Server IO #2/DEBUG] [net.minecraftforge.network.NetworkRegistry/NETREGISTRY]: Channel 'appleskin:sync' : Version test of '1' from client : ACCEPTED
[02May2025 18:46:12.293] [Netty Epoll Server IO #2/DEBUG] [net.minecraftforge.network.NetworkRegistry/NETREGISTRY]: Channel 'fml:loginwrapper' : Version test of 'FML3' from client : ACCEPTED
[02May2025 18:46:12.293] [Netty Epoll Server IO #2/DEBUG] [net.minecraftforge.network.NetworkRegistry/NETREGISTRY]: Channel 'forge:tier_sorting' : Version test of '1.0' from client : ACCEPTED
[02May2025 18:46:12.293] [Netty Epoll Server IO #2/DEBUG] [net.minecraftforge.network.NetworkRegistry/NETREGISTRY]: Channel 'spectrelib:main' : Version test of '1' from client : ACCEPTED
[02May2025 18:46:12.293] [Netty Epoll Server IO #2/DEBUG] [net.minecraftforge.network.NetworkRegistry/NETREGISTRY]: Channel 'alexsmobs:main_channel' : Version test of '1' from client : ACCEPTED
[02May2025 18:46:12.293] [Netty Epoll Server IO #2/DEBUG] [net.minecraftforge.network.NetworkRegistry/NETREGISTRY]: Channel 'quark:main' : Version test of '4' from client : ACCEPTED
[02May2025 18:46:12.293] [Netty Epoll Server IO #2/DEBUG] [net.minecraftforge.network.NetworkRegistry/NETREGISTRY]: Channel 'realmrpg_quests:realmrpg_quests' : Version test of '1' from client : ACCEPTED
[02May2025 18:46:12.293] [Netty Epoll Server IO #2/DEBUG] [net.minecraftforge.network.NetworkRegistry/NETREGISTRY]: Channel 'trashslot:network' : Version test of '1.0' from client : ACCEPTED
[02May2025 18:46:12.293] [Netty Epoll Server IO #2/DEBUG] [net.minecraftforge.network.NetworkRegistry/NETREGISTRY]: Channel 'tombstone:tombstone_channel' : Version test of 'tombstone-8.9.4' from client : ACCEPTED
[02May2025 18:46:12.293] [Netty Epoll Server IO #2/DEBUG] [net.minecraftforge.network.NetworkRegistry/NETREGISTRY]: Channel 'playerrevive:main' : Version test of '1' from client : ACCEPTED
[02May2025 18:46:12.293] [Netty Epoll Server IO #2/DEBUG] [net.minecraftforge.network.NetworkRegistry/NETREGISTRY]: Channel 'mowziesmobs:net' : Version test of '1' from client : ACCEPTED
[02May2025 18:46:12.293] [Netty Epoll Server IO #2/DEBUG] [net.minecraftforge.network.NetworkRegistry/NETREGISTRY]: Channel 'relics:network' : Version test of '1.0' from client : ACCEPTED
[02May2025 18:46:12.293] [Netty Epoll Server IO #2/DEBUG] [net.minecraftforge.network.NetworkRegistry/NETREGISTRY]: Channel 'horrrs_pvz:horrrs_pvz' : Version test of '1' from client : ACCEPTED
[02May2025 18:46:12.293] [Netty Epoll Server IO #2/DEBUG] [net.minecraftforge.network.NetworkRegistry/NETREGISTRY]: Channel 'fml:play' : Version test of 'FML3' from client : ACCEPTED
[02May2025 18:46:12.293] [Netty Epoll Server IO #2/DEBUG] [net.minecraftforge.network.NetworkRegistry/NETREGISTRY]: Channel 'creativecore:main' : Version test of '1' from client : ACCEPTED
[02May2025 18:46:12.293] [Netty Epoll Server IO #2/DEBUG] [net.minecraftforge.network.NetworkRegistry/NETREGISTRY]: Channel 'sophisticatedcore:channel' : Version test of '1' from client : ACCEPTED
[02May2025 18:46:12.293] [Netty Epoll Server IO #2/DEBUG] [net.minecraftforge.network.NetworkRegistry/NETREGISTRY]: Channel 'fml:handshake' : Version test of 'FML3' from client : ACCEPTED
[02May2025 18:46:12.294] [Netty Epoll Server IO #2/DEBUG] [net.minecraftforge.network.NetworkRegistry/NETREGISTRY]: Channel 'ironchest:network' : Version test of '1' from client : ACCEPTED
[02May2025 18:46:12.294] [Netty Epoll Server IO #2/DEBUG] [net.minecraftforge.network.NetworkRegistry/NETREGISTRY]: Channel 'zeta:main' : Version test of '1' from client : ACCEPTED
[02May2025 18:46:12.294] [Netty Epoll Server IO #2/DEBUG] [net.minecraftforge.network.NetworkRegistry/NETREGISTRY]: Channel 'upgradedcore:main' : Version test of '1' from client : ACCEPTED
[02May2025 18:46:12.294] [Netty Epoll Server IO #2/DEBUG] [net.minecraftforge.network.NetworkRegistry/NETREGISTRY]: Channel 'ldlib:networking' : Version test of '0.0.1' from client : ACCEPTED
[02May2025 18:46:12.294] [Netty Epoll Server IO #2/DEBUG] [net.minecraftforge.network.NetworkRegistry/NETREGISTRY]: Channel 'minecraft:register' : Version test of 'FML3' from client : ACCEPTED
[02May2025 18:46:12.294] [Netty Epoll Server IO #2/DEBUG] [net.minecraftforge.network.NetworkRegistry/NETREGISTRY]: Channel 'photon:networking' : Version test of '0.0.1' from client : ACCEPTED
[02May2025 18:46:12.294] [Netty Epoll Server IO #2/DEBUG] [net.minecraftforge.network.NetworkRegistry/NETREGISTRY]: Channel 'forge:split' : Version test of '1.1' from client : ACCEPTED
[02May2025 18:46:12.294] [Netty Epoll Server IO #2/DEBUG] [net.minecraftforge.network.NetworkRegistry/NETREGISTRY]: Channel 'geckolib:main' : Version test of '1' from client : ACCEPTED
[02May2025 18:46:12.294] [Netty Epoll Server IO #2/DEBUG] [net.minecraftforge.network.NetworkRegistry/NETREGISTRY]: Channel 'waystones:network' : Version test of '1.0' from client : ACCEPTED
[02May2025 18:46:12.294] [Netty Epoll Server IO #2/DEBUG] [net.minecraftforge.network.NetworkRegistry/NETREGISTRY]: Channel 'moonlight:channel' : Version test of '0' from client : ACCEPTED
[02May2025 18:46:12.294] [Netty Epoll Server IO #2/DEBUG] [net.minecraftforge.network.NetworkRegistry/NETREGISTRY]: Channel 'jade:networking' : Version test of '2' from client : ACCEPTED
[02May2025 18:46:12.294] [Netty Epoll Server IO #2/DEBUG] [net.minecraftforge.network.NetworkRegistry/NETREGISTRY]: Accepting channel list from client
[02May2025 18:46:12.295] [Netty Epoll Server IO #2/DEBUG] [net.minecraftforge.network.HandshakeHandler/FMLHANDSHAKE]: Accepted client connection mod list
[02May2025 18:46:12.295] [Netty Epoll Server IO #2/DEBUG] [net.minecraftforge.network.LoginWrapper/FMLHANDSHAKE]: Recieved login wrapper packet event for channel fml:handshake with index 2
[02May2025 18:46:12.295] [Netty Epoll Server IO #2/DEBUG] [net.minecraftforge.network.HandshakeHandler/FMLHANDSHAKE]: Received client indexed reply 2 of type net.minecraftforge.network.HandshakeMessages$C2SAcknowledge
[02May2025 18:46:12.295] [Netty Epoll Server IO #2/DEBUG] [net.minecraftforge.network.HandshakeHandler/FMLHANDSHAKE]: Received acknowledgement from client
[02May2025 18:46:12.296] [Netty Epoll Server IO #2/DEBUG] [net.minecraftforge.network.LoginWrapper/FMLHANDSHAKE]: Recieved login wrapper packet event for channel fml:handshake with index 3
[02May2025 18:46:12.296] [Netty Epoll Server IO #2/DEBUG] [net.minecraftforge.network.HandshakeHandler/FMLHANDSHAKE]: Received client indexed reply 3 of type net.minecraftforge.network.HandshakeMessages$C2SAcknowledge
[02May2025 18:46:12.296] [Netty Epoll Server IO #2/DEBUG] [net.minecraftforge.network.HandshakeHandler/FMLHANDSHAKE]: Received acknowledgement from client
[02May2025 18:46:12.298] [Server thread/DEBUG] [net.minecraftforge.network.HandshakeHandler/FMLHANDSHAKE]: Sending ticking packet info 'Registry minecraft:painting_variant' to 'fml:handshake' sequence 9
[02May2025 18:46:12.348] [Server thread/DEBUG] [net.minecraftforge.network.HandshakeHandler/FMLHANDSHAKE]: Sending ticking packet info 'Registry forge:fluid_type' to 'fml:handshake' sequence 10
[02May2025 18:46:12.398] [Server thread/DEBUG] [net.minecraftforge.network.HandshakeHandler/FMLHANDSHAKE]: Sending ticking packet info 'Registry minecraft:block_entity_type' to 'fml:handshake' sequence 11
[02May2025 18:46:12.448] [Server thread/DEBUG] [net.minecraftforge.network.HandshakeHandler/FMLHANDSHAKE]: Sending ticking packet info 'Registry forge:display_contexts' to 'fml:handshake' sequence 12
[02May2025 18:46:12.498] [Server thread/DEBUG] [net.minecraftforge.network.HandshakeHandler/FMLHANDSHAKE]: Sending ticking packet info 'Registry minecraft:block' to 'fml:handshake' sequence 13
[02May2025 18:46:12.548] [Server thread/DEBUG] [net.minecraftforge.network.HandshakeHandler/FMLHANDSHAKE]: Sending ticking packet info 'Registry forge:entity_data_serializers' to 'fml:handshake' sequence 14
[02May2025 18:46:12.598] [Server thread/DEBUG] [net.minecraftforge.network.HandshakeHandler/FMLHANDSHAKE]: Sending ticking packet info 'Registry minecraft:mob_effect' to 'fml:handshake' sequence 15
[02May2025 18:46:12.622] [Netty Epoll Server IO #2/DEBUG] [net.minecraftforge.network.LoginWrapper/FMLHANDSHAKE]: Recieved login wrapper packet event for channel fml:handshake with index 4
[02May2025 18:46:12.622] [Netty Epoll Server IO #2/DEBUG] [net.minecraftforge.network.HandshakeHandler/FMLHANDSHAKE]: Received client indexed reply 4 of type net.minecraftforge.network.HandshakeMessages$C2SAcknowledge
[02May2025 18:46:12.622] [Netty Epoll Server IO #2/DEBUG] [net.minecraftforge.network.HandshakeHandler/FMLHANDSHAKE]: Received acknowledgement from client
[02May2025 18:46:12.624] [Netty Epoll Server IO #2/DEBUG] [net.minecraftforge.network.LoginWrapper/FMLHANDSHAKE]: Recieved login wrapper packet event for channel fml:handshake with index 5
[02May2025 18:46:12.624] [Netty Epoll Server IO #2/DEBUG] [net.minecraftforge.network.HandshakeHandler/FMLHANDSHAKE]: Received client indexed reply 5 of type net.minecraftforge.network.HandshakeMessages$C2SAcknowledge
[02May2025 18:46:12.624] [Netty Epoll Server IO #2/DEBUG] [net.minecraftforge.network.HandshakeHandler/FMLHANDSHAKE]: Received acknowledgement from client
[02May2025 18:46:12.625] [Netty Epoll Server IO #2/DEBUG] [net.minecraftforge.network.LoginWrapper/FMLHANDSHAKE]: Recieved login wrapper packet event for channel fml:handshake with index 6
[02May2025 18:46:12.625] [Netty Epoll Server IO #2/DEBUG] [net.minecraftforge.network.HandshakeHandler/FMLHANDSHAKE]: Received client indexed reply 6 of type net.minecraftforge.network.HandshakeMessages$C2SAcknowledge
[02May2025 18:46:12.626] [Netty Epoll Server IO #2/DEBUG] [net.minecraftforge.network.HandshakeHandler/FMLHANDSHAKE]: Received acknowledgement from client
[02May2025 18:46:12.650] [Server thread/DEBUG] [net.minecraftforge.network.HandshakeHandler/FMLHANDSHAKE]: Sending ticking packet info 'Registry minecraft:stat_type' to 'fml:handshake' sequence 16
[02May2025 18:46:12.699] [Server thread/DEBUG] [net.minecraftforge.network.HandshakeHandler/FMLHANDSHAKE]: Sending ticking packet info 'Registry tombstone:perks' to 'fml:handshake' sequence 17
[02May2025 18:46:12.748] [Server thread/DEBUG] [net.minecraftforge.network.HandshakeHandler/FMLHANDSHAKE]: Sending ticking packet info 'Registry minecraft:menu' to 'fml:handshake' sequence 18
[02May2025 18:46:12.798] [Server thread/DEBUG] [net.minecraftforge.network.HandshakeHandler/FMLHANDSHAKE]: Sending ticking packet info 'Registry minecraft:enchantment' to 'fml:handshake' sequence 19
[02May2025 18:46:12.848] [Server thread/DEBUG] [net.minecraftforge.network.HandshakeHandler/FMLHANDSHAKE]: Sending ticking packet info 'Registry minecraft:fluid' to 'fml:handshake' sequence 20
[02May2025 18:46:12.855] [Netty Epoll Server IO #2/DEBUG] [net.minecraftforge.network.LoginWrapper/FMLHANDSHAKE]: Recieved login wrapper packet event for channel fml:handshake with index 7
[02May2025 18:46:12.855] [Netty Epoll Server IO #2/DEBUG] [net.minecraftforge.network.HandshakeHandler/FMLHANDSHAKE]: Received client indexed reply 7 of type net.minecraftforge.network.HandshakeMessages$C2SAcknowledge
[02May2025 18:46:12.855] [Netty Epoll Server IO #2/DEBUG] [net.minecraftforge.network.HandshakeHandler/FMLHANDSHAKE]: Received acknowledgement from client
[02May2025 18:46:12.857] [Netty Epoll Server IO #2/DEBUG] [net.minecraftforge.network.LoginWrapper/FMLHANDSHAKE]: Recieved login wrapper packet event for channel fml:handshake with index 8
[02May2025 18:46:12.857] [Netty Epoll Server IO #2/DEBUG] [net.minecraftforge.network.HandshakeHandler/FMLHANDSHAKE]: Received client indexed reply 8 of type net.minecraftforge.network.HandshakeMessages$C2SAcknowledge
[02May2025 18:46:12.857] [Netty Epoll Server IO #2/DEBUG] [net.minecraftforge.network.HandshakeHandler/FMLHANDSHAKE]: Received acknowledgement from client
[02May2025 18:46:12.858] [Netty Epoll Server IO #2/DEBUG] [net.minecraftforge.network.LoginWrapper/FMLHANDSHAKE]: Recieved login wrapper packet event for channel fml:handshake with index 9
[02May2025 18:46:12.858] [Netty Epoll Server IO #2/DEBUG] [net.minecraftforge.network.HandshakeHandler/FMLHANDSHAKE]: Received client indexed reply 9 of type net.minecraftforge.network.HandshakeMessages$C2SAcknowledge
[02May2025 18:46:12.858] [Netty Epoll Server IO #2/DEBUG] [net.minecraftforge.network.HandshakeHandler/FMLHANDSHAKE]: Received acknowledgement from client
[02May2025 18:46:12.859] [Netty Epoll Server IO #2/DEBUG] [net.minecraftforge.network.LoginWrapper/FMLHANDSHAKE]: Recieved login wrapper packet event for channel fml:handshake with index 10
[02May2025 18:46:12.859] [Netty Epoll Server IO #2/DEBUG] [net.minecraftforge.network.HandshakeHandler/FMLHANDSHAKE]: Received client indexed reply 10 of type net.minecraftforge.network.HandshakeMessages$C2SAcknowledge
[02May2025 18:46:12.859] [Netty Epoll Server IO #2/DEBUG] [net.minecraftforge.network.HandshakeHandler/FMLHANDSHAKE]: Received acknowledgement from client
[02May2025 18:46:12.860] [Netty Epoll Server IO #2/DEBUG] [net.minecraftforge.network.LoginWrapper/FMLHANDSHAKE]: Recieved login wrapper packet event for channel fml:handshake with index 11
[02May2025 18:46:12.861] [Netty Epoll Server IO #2/DEBUG] [net.minecraftforge.network.HandshakeHandler/FMLHANDSHAKE]: Received client indexed reply 11 of type net.minecraftforge.network.HandshakeMessages$C2SAcknowledge
[02May2025 18:46:12.861] [Netty Epoll Server IO #2/DEBUG] [net.minecraftforge.network.HandshakeHandler/FMLHANDSHAKE]: Received acknowledgement from client
[02May2025 18:46:12.861] [Netty Epoll Server IO #2/DEBUG] [net.minecraftforge.network.LoginWrapper/FMLHANDSHAKE]: Recieved login wrapper packet event for channel fml:handshake with index 12
[02May2025 18:46:12.861] [Netty Epoll Server IO #2/DEBUG] [net.minecraftforge.network.HandshakeHandler/FMLHANDSHAKE]: Received client indexed reply 12 of type net.minecraftforge.network.HandshakeMessages$C2SAcknowledge
[02May2025 18:46:12.861] [Netty Epoll Server IO #2/DEBUG] [net.minecraftforge.network.HandshakeHandler/FMLHANDSHAKE]: Received acknowledgement from client
[02May2025 18:46:12.898] [Server thread/DEBUG] [net.minecraftforge.network.HandshakeHandler/FMLHANDSHAKE]: Sending ticking packet info 'Registry minecraft:entity_type' to 'fml:handshake' sequence 21
[02May2025 18:46:12.939] [Netty Epoll Server IO #2/DEBUG] [net.minecraftforge.network.LoginWrapper/FMLHANDSHAKE]: Recieved login wrapper packet event for channel fml:handshake with index 13
[02May2025 18:46:12.940] [Netty Epoll Server IO #2/DEBUG] [net.minecraftforge.network.HandshakeHandler/FMLHANDSHAKE]: Received client indexed reply 13 of type net.minecraftforge.network.HandshakeMessages$C2SAcknowledge
[02May2025 18:46:12.940] [Netty Epoll Server IO #2/DEBUG] [net.minecraftforge.network.HandshakeHandler/FMLHANDSHAKE]: Received acknowledgement from client
[02May2025 18:46:12.941] [Netty Epoll Server IO #2/DEBUG] [net.minecraftforge.network.LoginWrapper/FMLHANDSHAKE]: Recieved login wrapper packet event for channel fml:handshake with index 14
[02May2025 18:46:12.941] [Netty Epoll Server IO #2/DEBUG] [net.minecraftforge.network.HandshakeHandler/FMLHANDSHAKE]: Received client indexed reply 14 of type net.minecraftforge.network.HandshakeMessages$C2SAcknowledge
[02May2025 18:46:12.942] [Netty Epoll Server IO #2/DEBUG] [net.minecraftforge.network.HandshakeHandler/FMLHANDSHAKE]: Received acknowledgement from client
[02May2025 18:46:12.942] [Netty Epoll Server IO #2/DEBUG] [net.minecraftforge.network.LoginWrapper/FMLHANDSHAKE]: Recieved login wrapper packet event for channel fml:handshake with index 15
[02May2025 18:46:12.943] [Netty Epoll Server IO #2/DEBUG] [net.minecraftforge.network.HandshakeHandler/FMLHANDSHAKE]: Received client indexed reply 15 of type net.minecraftforge.network.HandshakeMessages$C2SAcknowledge
[02May2025 18:46:12.943] [Netty Epoll Server IO #2/DEBUG] [net.minecraftforge.network.HandshakeHandler/FMLHANDSHAKE]: Received acknowledgement from client
[02May2025 18:46:12.943] [Netty Epoll Server IO #2/DEBUG] [net.minecraftforge.network.LoginWrapper/FMLHANDSHAKE]: Recieved login wrapper packet event for channel fml:handshake with index 16
[02May2025 18:46:12.944] [Netty Epoll Server IO #2/DEBUG] [net.minecraftforge.network.HandshakeHandler/FMLHANDSHAKE]: Received client indexed reply 16 of type net.minecraftforge.network.HandshakeMessages$C2SAcknowledge
[02May2025 18:46:12.944] [Netty Epoll Server IO #2/DEBUG] [net.minecraftforge.network.HandshakeHandler/FMLHANDSHAKE]: Received acknowledgement from client
[02May2025 18:46:12.946] [Netty Epoll Server IO #2/DEBUG] [net.minecraftforge.network.LoginWrapper/FMLHANDSHAKE]: Recieved login wrapper packet event for channel fml:handshake with index 17
[02May2025 18:46:12.946] [Netty Epoll Server IO #2/DEBUG] [net.minecraftforge.network.HandshakeHandler/FMLHANDSHAKE]: Received client indexed reply 17 of type net.minecraftforge.network.HandshakeMessages$C2SAcknowledge
[02May2025 18:46:12.946] [Netty Epoll Server IO #2/DEBUG] [net.minecraftforge.network.HandshakeHandler/FMLHANDSHAKE]: Received acknowledgement from client
[02May2025 18:46:12.946] [Netty Epoll Server IO #2/DEBUG] [net.minecraftforge.network.LoginWrapper/FMLHANDSHAKE]: Recieved login wrapper packet event for channel fml:handshake with index 18
[02May2025 18:46:12.946] [Netty Epoll Server IO #2/DEBUG] [net.minecraftforge.network.HandshakeHandler/FMLHANDSHAKE]: Received client indexed reply 18 of type net.minecraftforge.network.HandshakeMessages$C2SAcknowledge
[02May2025 18:46:12.946] [Netty Epoll Server IO #2/DEBUG] [net.minecraftforge.network.HandshakeHandler/FMLHANDSHAKE]: Received acknowledgement from client
[02May2025 18:46:12.949] [Server thread/DEBUG] [net.minecraftforge.network.HandshakeHandler/FMLHANDSHAKE]: Sending ticking packet info 'Config curios-server.toml' to 'fml:handshake' sequence 22
[02May2025 18:46:12.988] [Netty Epoll Server IO #2/DEBUG] [net.minecraftforge.network.LoginWrapper/FMLHANDSHAKE]: Recieved login wrapper packet event for channel fml:handshake with index 19
[02May2025 18:46:12.988] [Netty Epoll Server IO #2/DEBUG] [net.minecraftforge.network.HandshakeHandler/FMLHANDSHAKE]: Received client indexed reply 19 of type net.minecraftforge.network.HandshakeMessages$C2SAcknowledge
[02May2025 18:46:12.989] [Netty Epoll Server IO #2/DEBUG] [net.minecraftforge.network.HandshakeHandler/FMLHANDSHAKE]: Received acknowledgement from client
[02May2025 18:46:12.999] [Server thread/DEBUG] [net.minecraftforge.network.HandshakeHandler/FMLHANDSHAKE]: Sending ticking packet info 'Config tombstone-server.toml' to 'fml:handshake' sequence 23
[02May2025 18:46:13.038] [Netty Epoll Server IO #2/DEBUG] [net.minecraftforge.network.LoginWrapper/FMLHANDSHAKE]: Recieved login wrapper packet event for channel fml:handshake with index 20
[02May2025 18:46:13.038] [Netty Epoll Server IO #2/DEBUG] [net.minecraftforge.network.HandshakeHandler/FMLHANDSHAKE]: Received client indexed reply 20 of type net.minecraftforge.network.HandshakeMessages$C2SAcknowledge
[02May2025 18:46:13.038] [Netty Epoll Server IO #2/DEBUG] [net.minecraftforge.network.HandshakeHandler/FMLHANDSHAKE]: Received acknowledgement from client
[02May2025 18:46:13.050] [Server thread/DEBUG] [net.minecraftforge.network.HandshakeHandler/FMLHANDSHAKE]: Sending ticking packet info 'Config sophisticatedbackpacks-server.toml' to 'fml:handshake' sequence 24
[02May2025 18:46:13.099] [Server thread/DEBUG] [net.minecraftforge.network.HandshakeHandler/FMLHANDSHAKE]: Sending ticking packet info 'Config jei-server.toml' to 'fml:handshake' sequence 25
[02May2025 18:46:13.148] [Server thread/DEBUG] [net.minecraftforge.network.HandshakeHandler/FMLHANDSHAKE]: Sending ticking packet info 'Config forge-server.toml' to 'fml:handshake' sequence 26
[02May2025 18:46:13.198] [Server thread/DEBUG] [net.minecraftforge.network.HandshakeHandler/FMLHANDSHAKE]: Sending ticking packet info 'org.violetmoon.zeta.network.message.S2CLoginFlag' to 'zeta:main' sequence 27
[02May2025 18:46:20.912] [Netty Epoll Server IO #2/DEBUG] [net.minecraftforge.network.LoginWrapper/FMLHANDSHAKE]: Recieved login wrapper packet event for channel fml:handshake with index 21
[02May2025 18:46:20.912] [Netty Epoll Server IO #2/DEBUG] [net.minecraftforge.network.HandshakeHandler/FMLHANDSHAKE]: Received client indexed reply 21 of type net.minecraftforge.network.HandshakeMessages$C2SAcknowledge
[02May2025 18:46:20.913] [Netty Epoll Server IO #2/DEBUG] [net.minecraftforge.network.HandshakeHandler/FMLHANDSHAKE]: Received acknowledgement from client
[02May2025 18:46:20.951] [Netty Epoll Server IO #2/DEBUG] [net.minecraftforge.network.LoginWrapper/FMLHANDSHAKE]: Recieved login wrapper packet event for channel fml:handshake with index 22
[02May2025 18:46:20.951] [Netty Epoll Server IO #2/DEBUG] [net.minecraftforge.network.HandshakeHandler/FMLHANDSHAKE]: Received client indexed reply 22 of type net.minecraftforge.network.HandshakeMessages$C2SAcknowledge
[02May2025 18:46:20.951] [Netty Epoll Server IO #2/DEBUG] [net.minecraftforge.network.HandshakeHandler/FMLHANDSHAKE]: Received acknowledgement from client
[02May2025 18:46:20.951] [Netty Epoll Server IO #2/DEBUG] [net.minecraftforge.network.LoginWrapper/FMLHANDSHAKE]: Recieved login wrapper packet event for channel fml:handshake with index 23
[02May2025 18:46:20.951] [Netty Epoll Server IO #2/DEBUG] [net.minecraftforge.network.HandshakeHandler/FMLHANDSHAKE]: Received client indexed reply 23 of type net.minecraftforge.network.HandshakeMessages$C2SAcknowledge
[02May2025 18:46:20.951] [Netty Epoll Server IO #2/DEBUG] [net.minecraftforge.network.HandshakeHandler/FMLHANDSHAKE]: Received acknowledgement from client
[02May2025 18:46:20.951] [Netty Epoll Server IO #2/DEBUG] [net.minecraftforge.network.LoginWrapper/FMLHANDSHAKE]: Recieved login wrapper packet event for channel fml:handshake with index 24
[02May2025 18:46:20.951] [Netty Epoll Server IO #2/DEBUG] [net.minecraftforge.network.HandshakeHandler/FMLHANDSHAKE]: Received client indexed reply 24 of type net.minecraftforge.network.HandshakeMessages$C2SAcknowledge
[02May2025 18:46:20.951] [Netty Epoll Server IO #2/DEBUG] [net.minecraftforge.network.HandshakeHandler/FMLHANDSHAKE]: Received acknowledgement from client
[02May2025 18:46:20.952] [Netty Epoll Server IO #2/DEBUG] [net.minecraftforge.network.LoginWrapper/FMLHANDSHAKE]: Recieved login wrapper packet event for channel fml:handshake with index 25
[02May2025 18:46:20.952] [Netty Epoll Server IO #2/DEBUG] [net.minecraftforge.network.HandshakeHandler/FMLHANDSHAKE]: Received client indexed reply 25 of type net.minecraftforge.network.HandshakeMessages$C2SAcknowledge
[02May2025 18:46:20.952] [Netty Epoll Server IO #2/DEBUG] [net.minecraftforge.network.HandshakeHandler/FMLHANDSHAKE]: Received acknowledgement from client
[02May2025 18:46:20.952] [Netty Epoll Server IO #2/DEBUG] [net.minecraftforge.network.LoginWrapper/FMLHANDSHAKE]: Recieved login wrapper packet event for channel fml:handshake with index 26
[02May2025 18:46:20.952] [Netty Epoll Server IO #2/DEBUG] [net.minecraftforge.network.HandshakeHandler/FMLHANDSHAKE]: Received client indexed reply 26 of type net.minecraftforge.network.HandshakeMessages$C2SAcknowledge
[02May2025 18:46:20.952] [Netty Epoll Server IO #2/DEBUG] [net.minecraftforge.network.HandshakeHandler/FMLHANDSHAKE]: Received acknowledgement from client
[02May2025 18:46:20.952] [Netty Epoll Server IO #2/DEBUG] [net.minecraftforge.network.LoginWrapper/FMLHANDSHAKE]: Recieved login wrapper packet event for channel zeta:main with index 27
[02May2025 18:46:20.953] [Netty Epoll Server IO #2/DEBUG] [net.minecraftforge.network.HandshakeHandler/FMLHANDSHAKE]: Received client indexed reply 27 of type org.violetmoon.zeta.network.message.C2SLoginFlag
[02May2025 18:46:20.998] [Server thread/DEBUG] [net.minecraftforge.network.HandshakeHandler/FMLHANDSHAKE]: Handshake complete!
[02May2025 18:46:21.100] [Server thread/INFO] [net.minecraft.server.players.PlayerList/]: DarkJunior[/100.92.3.3:58038] logged in with entity id 689 at (-91.99759300308678, 69.0, -85.84890564662162)
[02May2025 18:46:21.108] [Server thread/DEBUG] [net.minecraftforge.network.filters.NetworkFilters/]: Injected net.minecraftforge.network.filters.ForgeConnectionNetworkFilter@5cd8c1cf into net.minecraft.network.Connection@540b685a
[02May2025 18:46:21.147] [Server thread/DEBUG] [mixin/]: Mixing PacketDistributorHackMixin from moonlight.mixins.json into net.minecraftforge.network.PacketDistributor
[02May2025 18:46:21.405] [Server thread/INFO] [net.minecraft.server.MinecraftServer/]: DarkJunior joined the game
[02May2025 18:46:21.506] [Server thread/DEBUG] [mixin/]: Mixing ChunkHolderMixin from supplementaries.mixins.json into net.minecraft.network.protocol.game.ClientboundLevelChunkPacketData$BlockEntityInfo
[02May2025 18:46:21.509] [Server thread/DEBUG] [mixin/]: Renaming synthetic method lambda$sendBlockEntityCaps$2(Lnet/minecraft/world/level/block/entity/BlockEntity;Lnet/minecraft/server/level/ServerLevel;Lnet/minecraft/core/BlockPos;)V to mdcf8a4d$lambda$sendBlockEntityCaps$2$0 in supplementaries.mixins.json:ChunkHolderMixin
[02May2025 18:46:21.509] [Server thread/DEBUG] [mixin/]: Renaming synthetic method lambda$sendBlockEntityCaps$1(Lnet/minecraft/server/level/ServerLevel;Lnet/minecraft/core/BlockPos;Lnet/mehvahdjukaar/supplementaries/api/IAntiqueTextProvider;)V to mdcf8a4d$lambda$sendBlockEntityCaps$1$1 in supplementaries.mixins.json:ChunkHolderMixin
[02May2025 18:46:21.509] [Server thread/DEBUG] [mixin/]: Renaming synthetic method lambda$sendBlockEntityCaps$0(Lnet/minecraft/core/BlockPos;Lnet/mehvahdjukaar/supplementaries/api/IAntiqueTextProvider;Lnet/minecraft/server/level/ServerPlayer;)V to mdcf8a4d$lambda$sendBlockEntityCaps$0$2 in supplementaries.mixins.json:ChunkHolderMixin
[02May2025 18:46:21.863] [Server thread/INFO] [Jade/]: Syncing config to DarkJunior (73cc28bc-cce2-3cb3-a43f-b32c79a5a998)
[02May2025 18:46:22.323] [Server thread/DEBUG] [mixin/]: Mixing PlayerAdvancementsMixin from quark.mixins.json into net.minecraft.server.advancements.AdvancementVisibilityEvaluator
[02May2025 18:46:23.515] [Server thread/WARN] [net.minecraft.server.MinecraftServer/]: Can't keep up! Is the server overloaded? Running 2068ms or 41 ticks behind
[02May2025 18:46:38.707] [Netty Epoll Server IO #0/DEBUG] [net.minecraftforge.network.HandshakeHandler/FMLHANDSHAKE]: Starting new modded impl connection. Found 28 messages to dispatch.
[02May2025 18:46:38.728] [Server thread/DEBUG] [net.minecraftforge.network.HandshakeHandler/FMLHANDSHAKE]: Sending ticking packet info 'net.minecraftforge.network.HandshakeMessages$S2CModData' to 'fml:handshake' sequence 0
[02May2025 18:46:38.761] [Server thread/DEBUG] [net.minecraftforge.network.HandshakeHandler/FMLHANDSHAKE]: Sending ticking packet info 'net.minecraftforge.network.HandshakeMessages$S2CModList' to 'fml:handshake' sequence 1
[02May2025 18:46:38.797] [Server thread/DEBUG] [net.minecraftforge.network.HandshakeHandler/FMLHANDSHAKE]: Sending ticking packet info 'Registry minecraft:command_argument_type' to 'fml:handshake' sequence 2
[02May2025 18:46:38.829] [Server thread/DEBUG] [net.minecraftforge.network.HandshakeHandler/FMLHANDSHAKE]: Sending ticking packet info 'Registry minecraft:recipe_serializer' to 'fml:handshake' sequence 3
[02May2025 18:46:38.862] [Server thread/DEBUG] [net.minecraftforge.network.HandshakeHandler/FMLHANDSHAKE]: Sending ticking packet info 'Registry minecraft:sound_event' to 'fml:handshake' sequence 4
[02May2025 18:46:38.891] [Server thread/DEBUG] [net.minecraftforge.network.HandshakeHandler/FMLHANDSHAKE]: Sending ticking packet info 'Registry minecraft:particle_type' to 'fml:handshake' sequence 5
[02May2025 18:46:38.925] [Server thread/DEBUG] [net.minecraftforge.network.HandshakeHandler/FMLHANDSHAKE]: Sending ticking packet info 'Registry minecraft:villager_profession' to 'fml:handshake' sequence 6
[02May2025 18:46:38.956] [Server thread/DEBUG] [net.minecraftforge.network.HandshakeHandler/FMLHANDSHAKE]: Sending ticking packet info 'Registry minecraft:item' to 'fml:handshake' sequence 7
[02May2025 18:46:38.959] [Netty Epoll Server IO #0/DEBUG] [net.minecraftforge.network.LoginWrapper/FMLHANDSHAKE]: Recieved login wrapper packet event for channel fml:handshake with index 1
[02May2025 18:46:38.962] [Netty Epoll Server IO #0/DEBUG] [net.minecraftforge.network.HandshakeHandler/FMLHANDSHAKE]: Received client indexed reply 1 of type net.minecraftforge.network.HandshakeMessages$C2SModListReply
[02May2025 18:46:38.963] [Netty Epoll Server IO #0/DEBUG] [net.minecraftforge.network.HandshakeHandler/FMLHANDSHAKE]: Received client connection with modlist [betterdungeons, mowziesmobs, kuma_api, trashslot, geckolib, botarium, jei, libraryferret, sophisticatedcore, rubidium, sodium, waystones, cookingforblockheads, placebo, comforts, citadel, alexsmobs, artifacts, yungsapi, mixinextras, horrrs_pvz, glitchcore, sophisticatedbackpacks, relics, ldlib, balm, carryon, cloth_config, forge, tlskincape, ironchest, minecraft, slugterra, farmersdelight, torchmaster, terrablender, moonlight, biomesoplenty, mixinsquared, jade, creativecore, spectrelib, simplefarming, resourcefulconfig, kotlinforforge, curios, zeta, quark, supplementaries, bettervillage, inventoryhud, betterstrongholds, tombstone, resourcefullib, upgradedcore, architectury, octolib, appleskin, aiimprovements, photon, expandability, bettermineshafts, realmrpg_quests, playerrevive, nebs, ad_astra]
[02May2025 18:46:38.963] [Netty Epoll Server IO #0/DEBUG] [net.minecraftforge.network.NetworkRegistry/NETREGISTRY]: Channel 'supplementaries:channel' : Version test of '0' from client : ACCEPTED
[02May2025 18:46:38.964] [Netty Epoll Server IO #0/DEBUG] [net.minecraftforge.network.NetworkRegistry/NETREGISTRY]: Channel 'comforts:main' : Version test of '1' from client : ACCEPTED
[02May2025 18:46:38.964] [Netty Epoll Server IO #0/DEBUG] [net.minecraftforge.network.NetworkRegistry/NETREGISTRY]: Channel 'torchmaster:main' : Version test of '1' from client : ACCEPTED
[02May2025 18:46:38.965] [Netty Epoll Server IO #0/DEBUG] [net.minecraftforge.network.NetworkRegistry/NETREGISTRY]: Channel 'architectury:network' : Version test of '1' from client : ACCEPTED
[02May2025 18:46:38.965] [Netty Epoll Server IO #0/DEBUG] [net.minecraftforge.network.NetworkRegistry/NETREGISTRY]: Channel 'jei:channel' : Version test of '1.0.0' from client : ACCEPTED
[02May2025 18:46:38.965] [Netty Epoll Server IO #0/DEBUG] [net.minecraftforge.network.NetworkRegistry/NETREGISTRY]: Channel 'cookingforblockheads:network' : Version test of '1.0' from client : ACCEPTED
[02May2025 18:46:38.965] [Netty Epoll Server IO #0/DEBUG] [net.minecraftforge.network.NetworkRegistry/NETREGISTRY]: Channel 'carryon:carryonpackets' : Version test of '1.0' from client : ACCEPTED
[02May2025 18:46:38.965] [Netty Epoll Server IO #0/DEBUG] [net.minecraftforge.network.NetworkRegistry/NETREGISTRY]: Channel 'minecraft:unregister' : Version test of 'FML3' from client : ACCEPTED
[02May2025 18:46:38.965] [Netty Epoll Server IO #0/DEBUG] [net.minecraftforge.network.NetworkRegistry/NETREGISTRY]: Channel 'slugterra:slugterra' : Version test of '1' from client : ACCEPTED
[02May2025 18:46:38.965] [Netty Epoll Server IO #0/DEBUG] [net.minecraftforge.network.NetworkRegistry/NETREGISTRY]: Channel 'sophisticatedbackpacks:channel' : Version test of '1' from client : ACCEPTED
[02May2025 18:46:38.965] [Netty Epoll Server IO #0/DEBUG] [net.minecraftforge.network.NetworkRegistry/NETREGISTRY]: Channel 'citadel:main_channel' : Version test of '1' from client : ACCEPTED
[02May2025 18:46:38.965] [Netty Epoll Server IO #0/DEBUG] [net.minecraftforge.network.NetworkRegistry/NETREGISTRY]: Channel 'ad_astra:main' : Version test of '1' from client : ACCEPTED
[02May2025 18:46:38.965] [Netty Epoll Server IO #0/DEBUG] [net.minecraftforge.network.NetworkRegistry/NETREGISTRY]: Channel 'curios:main' : Version test of '1' from client : ACCEPTED
[02May2025 18:46:38.965] [Netty Epoll Server IO #0/DEBUG] [net.minecraftforge.network.NetworkRegistry/NETREGISTRY]: Channel 'placebo:placebo' : Version test of '1.0.0' from client : ACCEPTED
[02May2025 18:46:38.965] [Netty Epoll Server IO #0/DEBUG] [net.minecraftforge.network.NetworkRegistry/NETREGISTRY]: Channel 'appleskin:sync' : Version test of '1' from client : ACCEPTED
[02May2025 18:46:38.965] [Netty Epoll Server IO #0/DEBUG] [net.minecraftforge.network.NetworkRegistry/NETREGISTRY]: Channel 'fml:loginwrapper' : Version test of 'FML3' from client : ACCEPTED
[02May2025 18:46:38.965] [Netty Epoll Server IO #0/DEBUG] [net.minecraftforge.network.NetworkRegistry/NETREGISTRY]: Channel 'forge:tier_sorting' : Version test of '1.0' from client : ACCEPTED
[02May2025 18:46:38.965] [Netty Epoll Server IO #0/DEBUG] [net.minecraftforge.network.NetworkRegistry/NETREGISTRY]: Channel 'spectrelib:main' : Version test of '1' from client : ACCEPTED
[02May2025 18:46:38.965] [Netty Epoll Server IO #0/DEBUG] [net.minecraftforge.network.NetworkRegistry/NETREGISTRY]: Channel 'alexsmobs:main_channel' : Version test of '1' from client : ACCEPTED
[02May2025 18:46:38.965] [Netty Epoll Server IO #0/DEBUG] [net.minecraftforge.network.NetworkRegistry/NETREGISTRY]: Channel 'quark:main' : Version test of '4' from client : ACCEPTED
[02May2025 18:46:38.966] [Netty Epoll Server IO #0/DEBUG] [net.minecraftforge.network.NetworkRegistry/NETREGISTRY]: Channel 'realmrpg_quests:realmrpg_quests' : Version test of '1' from client : ACCEPTED
[02May2025 18:46:38.966] [Netty Epoll Server IO #0/DEBUG] [net.minecraftforge.network.NetworkRegistry/NETREGISTRY]: Channel 'trashslot:network' : Version test of '1.0' from client : ACCEPTED
[02May2025 18:46:38.966] [Netty Epoll Server IO #0/DEBUG] [net.minecraftforge.network.NetworkRegistry/NETREGISTRY]: Channel 'tombstone:tombstone_channel' : Version test of 'tombstone-8.9.4' from client : ACCEPTED
[02May2025 18:46:38.966] [Netty Epoll Server IO #0/DEBUG] [net.minecraftforge.network.NetworkRegistry/NETREGISTRY]: Channel 'playerrevive:main' : Version test of '1' from client : ACCEPTED
[02May2025 18:46:38.966] [Netty Epoll Server IO #0/DEBUG] [net.minecraftforge.network.NetworkRegistry/NETREGISTRY]: Channel 'mowziesmobs:net' : Version test of '1' from client : ACCEPTED
[02May2025 18:46:38.966] [Netty Epoll Server IO #0/DEBUG] [net.minecraftforge.network.NetworkRegistry/NETREGISTRY]: Channel 'relics:network' : Version test of '1.0' from client : ACCEPTED
[02May2025 18:46:38.969] [Netty Epoll Server IO #0/DEBUG] [net.minecraftforge.network.NetworkRegistry/NETREGISTRY]: Channel 'horrrs_pvz:horrrs_pvz' : Version test of '1' from client : ACCEPTED
[02May2025 18:46:38.969] [Netty Epoll Server IO #0/DEBUG] [net.minecraftforge.network.NetworkRegistry/NETREGISTRY]: Channel 'fml:play' : Version test of 'FML3' from client : ACCEPTED
[02May2025 18:46:38.969] [Netty Epoll Server IO #0/DEBUG] [net.minecraftforge.network.NetworkRegistry/NETREGISTRY]: Channel 'creativecore:main' : Version test of '1' from client : ACCEPTED
[02May2025 18:46:38.969] [Netty Epoll Server IO #0/DEBUG] [net.minecraftforge.network.NetworkRegistry/NETREGISTRY]: Channel 'sophisticatedcore:channel' : Version test of '1' from client : ACCEPTED
[02May2025 18:46:38.969] [Netty Epoll Server IO #0/DEBUG] [net.minecraftforge.network.NetworkRegistry/NETREGISTRY]: Channel 'fml:handshake' : Version test of 'FML3' from client : ACCEPTED
[02May2025 18:46:38.969] [Netty Epoll Server IO #0/DEBUG] [net.minecraftforge.network.NetworkRegistry/NETREGISTRY]: Channel 'ironchest:network' : Version test of '1' from client : ACCEPTED
[02May2025 18:46:38.969] [Netty Epoll Server IO #0/DEBUG] [net.minecraftforge.network.NetworkRegistry/NETREGISTRY]: Channel 'zeta:main' : Version test of '1' from client : ACCEPTED
[02May2025 18:46:38.969] [Netty Epoll Server IO #0/DEBUG] [net.minecraftforge.network.NetworkRegistry/NETREGISTRY]: Channel 'upgradedcore:main' : Version test of '1' from client : ACCEPTED
[02May2025 18:46:38.969] [Netty Epoll Server IO #0/DEBUG] [net.minecraftforge.network.NetworkRegistry/NETREGISTRY]: Channel 'ldlib:networking' : Version test of '0.0.1' from client : ACCEPTED
[02May2025 18:46:38.970] [Netty Epoll Server IO #0/DEBUG] [net.minecraftforge.network.NetworkRegistry/NETREGISTRY]: Channel 'minecraft:register' : Version test of 'FML3' from client : ACCEPTED
[02May2025 18:46:38.970] [Netty Epoll Server IO #0/DEBUG] [net.minecraftforge.network.NetworkRegistry/NETREGISTRY]: Channel 'photon:networking' : Version test of '0.0.1' from client : ACCEPTED
[02May2025 18:46:38.970] [Netty Epoll Server IO #0/DEBUG] [net.minecraftforge.network.NetworkRegistry/NETREGISTRY]: Channel 'forge:split' : Version test of '1.1' from client : ACCEPTED
[02May2025 18:46:38.970] [Netty Epoll Server IO #0/DEBUG] [net.minecraftforge.network.NetworkRegistry/NETREGISTRY]: Channel 'geckolib:main' : Version test of '1' from client : ACCEPTED
[02May2025 18:46:38.970] [Netty Epoll Server IO #0/DEBUG] [net.minecraftforge.network.NetworkRegistry/NETREGISTRY]: Channel 'waystones:network' : Version test of '1.0' from client : ACCEPTED
[02May2025 18:46:38.970] [Netty Epoll Server IO #0/DEBUG] [net.minecraftforge.network.NetworkRegistry/NETREGISTRY]: Channel 'moonlight:channel' : Version test of '0' from client : ACCEPTED
[02May2025 18:46:38.970] [Netty Epoll Server IO #0/DEBUG] [net.minecraftforge.network.NetworkRegistry/NETREGISTRY]: Channel 'jade:networking' : Version test of '2' from client : ACCEPTED
[02May2025 18:46:38.970] [Netty Epoll Server IO #0/DEBUG] [net.minecraftforge.network.NetworkRegistry/NETREGISTRY]: Accepting channel list from client
[02May2025 18:46:38.970] [Netty Epoll Server IO #0/DEBUG] [net.minecraftforge.network.HandshakeHandler/FMLHANDSHAKE]: Accepted client connection mod list
[02May2025 18:46:38.992] [Server thread/DEBUG] [net.minecraftforge.network.HandshakeHandler/FMLHANDSHAKE]: Sending ticking packet info 'Registry minecraft:potion' to 'fml:handshake' sequence 8
[02May2025 18:46:39.002] [Netty Epoll Server IO #0/DEBUG] [net.minecraftforge.network.LoginWrapper/FMLHANDSHAKE]: Recieved login wrapper packet event for channel fml:handshake with index 2
[02May2025 18:46:39.003] [Netty Epoll Server IO #0/DEBUG] [net.minecraftforge.network.HandshakeHandler/FMLHANDSHAKE]: Received client indexed reply 2 of type net.minecraftforge.network.HandshakeMessages$C2SAcknowledge
[02May2025 18:46:39.003] [Netty Epoll Server IO #0/DEBUG] [net.minecraftforge.network.HandshakeHandler/FMLHANDSHAKE]: Received acknowledgement from client
[02May2025 18:46:39.010] [Netty Epoll Server IO #0/DEBUG] [net.minecraftforge.network.LoginWrapper/FMLHANDSHAKE]: Recieved login wrapper packet event for channel fml:handshake with index 3
[02May2025 18:46:39.010] [Netty Epoll Server IO #0/DEBUG] [net.minecraftforge.network.HandshakeHandler/FMLHANDSHAKE]: Received client indexed reply 3 of type net.minecraftforge.network.HandshakeMessages$C2SAcknowledge
[02May2025 18:46:39.010] [Netty Epoll Server IO #0/DEBUG] [net.minecraftforge.network.HandshakeHandler/FMLHANDSHAKE]: Received acknowledgement from client
[02May2025 18:46:39.025] [Server thread/DEBUG] [net.minecraftforge.network.HandshakeHandler/FMLHANDSHAKE]: Sending ticking packet info 'Registry minecraft:painting_variant' to 'fml:handshake' sequence 9
[02May2025 18:46:39.072] [Server thread/DEBUG] [net.minecraftforge.network.HandshakeHandler/FMLHANDSHAKE]: Sending ticking packet info 'Registry forge:fluid_type' to 'fml:handshake' sequence 10
[02May2025 18:46:39.124] [Server thread/DEBUG] [net.minecraftforge.network.HandshakeHandler/FMLHANDSHAKE]: Sending ticking packet info 'Registry minecraft:block_entity_type' to 'fml:handshake' sequence 11
[02May2025 18:46:39.173] [Server thread/DEBUG] [net.minecraftforge.network.HandshakeHandler/FMLHANDSHAKE]: Sending ticking packet info 'Registry forge:display_contexts' to 'fml:handshake' sequence 12
[02May2025 18:46:39.227] [Server thread/DEBUG] [net.minecraftforge.network.HandshakeHandler/FMLHANDSHAKE]: Sending ticking packet info 'Registry minecraft:block' to 'fml:handshake' sequence 13
[02May2025 18:46:39.275] [Server thread/DEBUG] [net.minecraftforge.network.HandshakeHandler/FMLHANDSHAKE]: Sending ticking packet info 'Registry forge:entity_data_serializers' to 'fml:handshake' sequence 14
[02May2025 18:46:39.315] [Server thread/DEBUG] [net.minecraftforge.network.HandshakeHandler/FMLHANDSHAKE]: Sending ticking packet info 'Registry minecraft:mob_effect' to 'fml:handshake' sequence 15
[02May2025 18:46:39.359] [Server thread/DEBUG] [net.minecraftforge.network.HandshakeHandler/FMLHANDSHAKE]: Sending ticking packet info 'Registry minecraft:stat_type' to 'fml:handshake' sequence 16
[02May2025 18:46:39.411] [Server thread/DEBUG] [net.minecraftforge.network.HandshakeHandler/FMLHANDSHAKE]: Sending ticking packet info 'Registry tombstone:perks' to 'fml:handshake' sequence 17
[02May2025 18:46:39.426] [Netty Epoll Server IO #0/DEBUG] [net.minecraftforge.network.LoginWrapper/FMLHANDSHAKE]: Recieved login wrapper packet event for channel fml:handshake with index 4
[02May2025 18:46:39.426] [Netty Epoll Server IO #0/DEBUG] [net.minecraftforge.network.HandshakeHandler/FMLHANDSHAKE]: Received client indexed reply 4 of type net.minecraftforge.network.HandshakeMessages$C2SAcknowledge
[02May2025 18:46:39.426] [Netty Epoll Server IO #0/DEBUG] [net.minecraftforge.network.HandshakeHandler/FMLHANDSHAKE]: Received acknowledgement from client
[02May2025 18:46:39.453] [Netty Epoll Server IO #0/DEBUG] [net.minecraftforge.network.LoginWrapper/FMLHANDSHAKE]: Recieved login wrapper packet event for channel fml:handshake with index 5
[02May2025 18:46:39.453] [Netty Epoll Server IO #0/DEBUG] [net.minecraftforge.network.HandshakeHandler/FMLHANDSHAKE]: Received client indexed reply 5 of type net.minecraftforge.network.HandshakeMessages$C2SAcknowledge
[02May2025 18:46:39.454] [Netty Epoll Server IO #0/DEBUG] [net.minecraftforge.network.HandshakeHandler/FMLHANDSHAKE]: Received acknowledgement from client
[02May2025 18:46:39.457] [Server thread/DEBUG] [net.minecraftforge.network.HandshakeHandler/FMLHANDSHAKE]: Sending ticking packet info 'Registry minecraft:menu' to 'fml:handshake' sequence 18
[02May2025 18:46:39.458] [Netty Epoll Server IO #0/DEBUG] [net.minecraftforge.network.LoginWrapper/FMLHANDSHAKE]: Recieved login wrapper packet event for channel fml:handshake with index 6
[02May2025 18:46:39.460] [Netty Epoll Server IO #0/DEBUG] [net.minecraftforge.network.HandshakeHandler/FMLHANDSHAKE]: Received client indexed reply 6 of type net.minecraftforge.network.HandshakeMessages$C2SAcknowledge
[02May2025 18:46:39.460] [Netty Epoll Server IO #0/DEBUG] [net.minecraftforge.network.HandshakeHandler/FMLHANDSHAKE]: Received acknowledgement from client
[02May2025 18:46:39.501] [Server thread/DEBUG] [net.minecraftforge.network.HandshakeHandler/FMLHANDSHAKE]: Sending ticking packet info 'Registry minecraft:enchantment' to 'fml:handshake' sequence 19
[02May2025 18:46:39.542] [Server thread/DEBUG] [net.minecraftforge.network.HandshakeHandler/FMLHANDSHAKE]: Sending ticking packet info 'Registry minecraft:fluid' to 'fml:handshake' sequence 20
[02May2025 18:46:39.582] [Server thread/DEBUG] [net.minecraftforge.network.HandshakeHandler/FMLHANDSHAKE]: Sending ticking packet info 'Registry minecraft:entity_type' to 'fml:handshake' sequence 21
[02May2025 18:46:39.623] [Server thread/DEBUG] [net.minecraftforge.network.HandshakeHandler/FMLHANDSHAKE]: Sending ticking packet info 'Config curios-server.toml' to 'fml:handshake' sequence 22
[02May2025 18:46:39.667] [Server thread/DEBUG] [net.minecraftforge.network.HandshakeHandler/FMLHANDSHAKE]: Sending ticking packet info 'Config tombstone-server.toml' to 'fml:handshake' sequence 23
[02May2025 18:46:39.686] [Netty Epoll Server IO #0/DEBUG] [net.minecraftforge.network.LoginWrapper/FMLHANDSHAKE]: Recieved login wrapper packet event for channel fml:handshake with index 7
[02May2025 18:46:39.687] [Netty Epoll Server IO #0/DEBUG] [net.minecraftforge.network.HandshakeHandler/FMLHANDSHAKE]: Received client indexed reply 7 of type net.minecraftforge.network.HandshakeMessages$C2SAcknowledge
[02May2025 18:46:39.687] [Netty Epoll Server IO #0/DEBUG] [net.minecraftforge.network.HandshakeHandler/FMLHANDSHAKE]: Received acknowledgement from client
[02May2025 18:46:39.687] [Netty Epoll Server IO #0/DEBUG] [net.minecraftforge.network.LoginWrapper/FMLHANDSHAKE]: Recieved login wrapper packet event for channel fml:handshake with index 8
[02May2025 18:46:39.687] [Netty Epoll Server IO #0/DEBUG] [net.minecraftforge.network.HandshakeHandler/FMLHANDSHAKE]: Received client indexed reply 8 of type net.minecraftforge.network.HandshakeMessages$C2SAcknowledge
[02May2025 18:46:39.687] [Netty Epoll Server IO #0/DEBUG] [net.minecraftforge.network.HandshakeHandler/FMLHANDSHAKE]: Received acknowledgement from client
[02May2025 18:46:39.687] [Netty Epoll Server IO #0/DEBUG] [net.minecraftforge.network.LoginWrapper/FMLHANDSHAKE]: Recieved login wrapper packet event for channel fml:handshake with index 9
[02May2025 18:46:39.687] [Netty Epoll Server IO #0/DEBUG] [net.minecraftforge.network.HandshakeHandler/FMLHANDSHAKE]: Received client indexed reply 9 of type net.minecraftforge.network.HandshakeMessages$C2SAcknowledge
[02May2025 18:46:39.687] [Netty Epoll Server IO #0/DEBUG] [net.minecraftforge.network.HandshakeHandler/FMLHANDSHAKE]: Received acknowledgement from client
[02May2025 18:46:39.688] [Netty Epoll Server IO #0/DEBUG] [net.minecraftforge.network.LoginWrapper/FMLHANDSHAKE]: Recieved login wrapper packet event for channel fml:handshake with index 10
[02May2025 18:46:39.688] [Netty Epoll Server IO #0/DEBUG] [net.minecraftforge.network.HandshakeHandler/FMLHANDSHAKE]: Received client indexed reply 10 of type net.minecraftforge.network.HandshakeMessages$C2SAcknowledge
[02May2025 18:46:39.688] [Netty Epoll Server IO #0/DEBUG] [net.minecraftforge.network.HandshakeHandler/FMLHANDSHAKE]: Received acknowledgement from client
[02May2025 18:46:39.690] [Netty Epoll Server IO #0/DEBUG] [net.minecraftforge.network.LoginWrapper/FMLHANDSHAKE]: Recieved login wrapper packet event for channel fml:handshake with index 11
[02May2025 18:46:39.690] [Netty Epoll Server IO #0/DEBUG] [net.minecraftforge.network.HandshakeHandler/FMLHANDSHAKE]: Received client indexed reply 11 of type net.minecraftforge.network.HandshakeMessages$C2SAcknowledge
[02May2025 18:46:39.690] [Netty Epoll Server IO #0/DEBUG] [net.minecraftforge.network.HandshakeHandler/FMLHANDSHAKE]: Received acknowledgement from client
[02May2025 18:46:39.690] [Netty Epoll Server IO #0/DEBUG] [net.minecraftforge.network.LoginWrapper/FMLHANDSHAKE]: Recieved login wrapper packet event for channel fml:handshake with index 12
[02May2025 18:46:39.690] [Netty Epoll Server IO #0/DEBUG] [net.minecraftforge.network.HandshakeHandler/FMLHANDSHAKE]: Received client indexed reply 12 of type net.minecraftforge.network.HandshakeMessages$C2SAcknowledge
[02May2025 18:46:39.690] [Netty Epoll Server IO #0/DEBUG] [net.minecraftforge.network.HandshakeHandler/FMLHANDSHAKE]: Received acknowledgement from client
[02May2025 18:46:39.728] [Server thread/DEBUG] [net.minecraftforge.network.HandshakeHandler/FMLHANDSHAKE]: Sending ticking packet info 'Config sophisticatedbackpacks-server.toml' to 'fml:handshake' sequence 24
[02May2025 18:46:39.743] [Netty Epoll Server IO #0/DEBUG] [net.minecraftforge.network.LoginWrapper/FMLHANDSHAKE]: Recieved login wrapper packet event for channel fml:handshake with index 13
[02May2025 18:46:39.743] [Netty Epoll Server IO #0/DEBUG] [net.minecraftforge.network.HandshakeHandler/FMLHANDSHAKE]: Received client indexed reply 13 of type net.minecraftforge.network.HandshakeMessages$C2SAcknowledge
[02May2025 18:46:39.743] [Netty Epoll Server IO #0/DEBUG] [net.minecraftforge.network.HandshakeHandler/FMLHANDSHAKE]: Received acknowledgement from client
[02May2025 18:46:39.744] [Netty Epoll Server IO #0/DEBUG] [net.minecraftforge.network.LoginWrapper/FMLHANDSHAKE]: Recieved login wrapper packet event for channel fml:handshake with index 14
[02May2025 18:46:39.744] [Netty Epoll Server IO #0/DEBUG] [net.minecraftforge.network.HandshakeHandler/FMLHANDSHAKE]: Received client indexed reply 14 of type net.minecraftforge.network.HandshakeMessages$C2SAcknowledge
[02May2025 18:46:39.744] [Netty Epoll Server IO #0/DEBUG] [net.minecraftforge.network.HandshakeHandler/FMLHANDSHAKE]: Received acknowledgement from client
[02May2025 18:46:39.745] [Netty Epoll Server IO #0/DEBUG] [net.minecraftforge.network.LoginWrapper/FMLHANDSHAKE]: Recieved login wrapper packet event for channel fml:handshake with index 15
[02May2025 18:46:39.745] [Netty Epoll Server IO #0/DEBUG] [net.minecraftforge.network.HandshakeHandler/FMLHANDSHAKE]: Received client indexed reply 15 of type net.minecraftforge.network.HandshakeMessages$C2SAcknowledge
[02May2025 18:46:39.745] [Netty Epoll Server IO #0/DEBUG] [net.minecraftforge.network.HandshakeHandler/FMLHANDSHAKE]: Received acknowledgement from client
[02May2025 18:46:39.746] [Netty Epoll Server IO #0/DEBUG] [net.minecraftforge.network.LoginWrapper/FMLHANDSHAKE]: Recieved login wrapper packet event for channel fml:handshake with index 16
[02May2025 18:46:39.746] [Netty Epoll Server IO #0/DEBUG] [net.minecraftforge.network.HandshakeHandler/FMLHANDSHAKE]: Received client indexed reply 16 of type net.minecraftforge.network.HandshakeMessages$C2SAcknowledge
[02May2025 18:46:39.747] [Netty Epoll Server IO #0/DEBUG] [net.minecraftforge.network.HandshakeHandler/FMLHANDSHAKE]: Received acknowledgement from client
[02May2025 18:46:39.748] [Netty Epoll Server IO #0/DEBUG] [net.minecraftforge.network.LoginWrapper/FMLHANDSHAKE]: Recieved login wrapper packet event for channel fml:handshake with index 17
[02May2025 18:46:39.748] [Netty Epoll Server IO #0/DEBUG] [net.minecraftforge.network.HandshakeHandler/FMLHANDSHAKE]: Received client indexed reply 17 of type net.minecraftforge.network.HandshakeMessages$C2SAcknowledge
[02May2025 18:46:39.749] [Netty Epoll Server IO #0/DEBUG] [net.minecraftforge.network.HandshakeHandler/FMLHANDSHAKE]: Received acknowledgement from client
[02May2025 18:46:39.749] [Netty Epoll Server IO #0/DEBUG] [net.minecraftforge.network.LoginWrapper/FMLHANDSHAKE]: Recieved login wrapper packet event for channel fml:handshake with index 18
[02May2025 18:46:39.750] [Netty Epoll Server IO #0/DEBUG] [net.minecraftforge.network.HandshakeHandler/FMLHANDSHAKE]: Received client indexed reply 18 of type net.minecraftforge.network.HandshakeMessages$C2SAcknowledge
[02May2025 18:46:39.750] [Netty Epoll Server IO #0/DEBUG] [net.minecraftforge.network.HandshakeHandler/FMLHANDSHAKE]: Received acknowledgement from client
[02May2025 18:46:39.751] [Netty Epoll Server IO #0/DEBUG] [net.minecraftforge.network.LoginWrapper/FMLHANDSHAKE]: Recieved login wrapper packet event for channel fml:handshake with index 19
[02May2025 18:46:39.751] [Netty Epoll Server IO #0/DEBUG] [net.minecraftforge.network.HandshakeHandler/FMLHANDSHAKE]: Received client indexed reply 19 of type net.minecraftforge.network.HandshakeMessages$C2SAcknowledge
[02May2025 18:46:39.752] [Netty Epoll Server IO #0/DEBUG] [net.minecraftforge.network.HandshakeHandler/FMLHANDSHAKE]: Received acknowledgement from client
[02May2025 18:46:39.752] [Netty Epoll Server IO #0/DEBUG] [net.minecraftforge.network.LoginWrapper/FMLHANDSHAKE]: Recieved login wrapper packet event for channel fml:handshake with index 20
[02May2025 18:46:39.752] [Netty Epoll Server IO #0/DEBUG] [net.minecraftforge.network.HandshakeHandler/FMLHANDSHAKE]: Received client indexed reply 20 of type net.minecraftforge.network.HandshakeMessages$C2SAcknowledge
[02May2025 18:46:39.753] [Netty Epoll Server IO #0/DEBUG] [net.minecraftforge.network.HandshakeHandler/FMLHANDSHAKE]: Received acknowledgement from client
[02May2025 18:46:39.776] [Server thread/DEBUG] [net.minecraftforge.network.HandshakeHandler/FMLHANDSHAKE]: Sending ticking packet info 'Config jei-server.toml' to 'fml:handshake' sequence 25
[02May2025 18:46:39.823] [Server thread/DEBUG] [net.minecraftforge.network.HandshakeHandler/FMLHANDSHAKE]: Sending ticking packet info 'Config forge-server.toml' to 'fml:handshake' sequence 26
[02May2025 18:46:39.868] [Server thread/DEBUG] [net.minecraftforge.network.HandshakeHandler/FMLHANDSHAKE]: Sending ticking packet info 'org.violetmoon.zeta.network.message.S2CLoginFlag' to 'zeta:main' sequence 27
[02May2025 18:46:41.613] [Server thread/WARN] [net.minecraft.server.MinecraftServer/]: Can't keep up! Is the server overloaded? Running 3116ms or 62 ticks behind
[02May2025 18:46:47.204] [Netty Epoll Server IO #2/DEBUG] [net.minecraftforge.network.HandshakeHandler/FMLHANDSHAKE]: Starting new modded impl connection. Found 28 messages to dispatch.
[02May2025 18:46:47.220] [Server thread/DEBUG] [net.minecraftforge.network.HandshakeHandler/FMLHANDSHAKE]: Sending ticking packet info 'net.minecraftforge.network.HandshakeMessages$S2CModData' to 'fml:handshake' sequence 0
[02May2025 18:46:47.285] [Server thread/DEBUG] [net.minecraftforge.network.HandshakeHandler/FMLHANDSHAKE]: Sending ticking packet info 'net.minecraftforge.network.HandshakeMessages$S2CModList' to 'fml:handshake' sequence 1
[02May2025 18:46:47.332] [Server thread/DEBUG] [net.minecraftforge.network.HandshakeHandler/FMLHANDSHAKE]: Sending ticking packet info 'Registry minecraft:command_argument_type' to 'fml:handshake' sequence 2
[02May2025 18:46:47.382] [Server thread/DEBUG] [net.minecraftforge.network.HandshakeHandler/FMLHANDSHAKE]: Sending ticking packet info 'Registry minecraft:recipe_serializer' to 'fml:handshake' sequence 3
[02May2025 18:46:47.439] [Server thread/DEBUG] [net.minecraftforge.network.HandshakeHandler/FMLHANDSHAKE]: Sending ticking packet info 'Registry minecraft:sound_event' to 'fml:handshake' sequence 4
[02May2025 18:46:47.465] [Netty Epoll Server IO #2/DEBUG] [net.minecraftforge.network.LoginWrapper/FMLHANDSHAKE]: Recieved login wrapper packet event for channel fml:handshake with index 1
[02May2025 18:46:47.465] [Netty Epoll Server IO #2/DEBUG] [net.minecraftforge.network.HandshakeHandler/FMLHANDSHAKE]: Received client indexed reply 1 of type net.minecraftforge.network.HandshakeMessages$C2SModListReply
[02May2025 18:46:47.466] [Netty Epoll Server IO #2/DEBUG] [net.minecraftforge.network.HandshakeHandler/FMLHANDSHAKE]: Received client connection with modlist [betterdungeons, mowziesmobs, kuma_api, trashslot, geckolib, botarium, jei, libraryferret, sophisticatedcore, rubidium, sodium, waystones, cookingforblockheads, placebo, comforts, citadel, alexsmobs, artifacts, yungsapi, mixinextras, horrrs_pvz, glitchcore, sophisticatedbackpacks, relics, ldlib, balm, carryon, cloth_config, forge, ironchest, minecraft, slugterra, farmersdelight, torchmaster, terrablender, moonlight, biomesoplenty, mixinsquared, jade, creativecore, spectrelib, simplefarming, resourcefulconfig, kotlinforforge, curios, zeta, quark, supplementaries, bettervillage, inventoryhud, betterstrongholds, tombstone, resourcefullib, upgradedcore, architectury, octolib, appleskin, aiimprovements, photon, expandability, bettermineshafts, realmrpg_quests, playerrevive, nebs, ad_astra]
[02May2025 18:46:47.466] [Netty Epoll Server IO #2/DEBUG] [net.minecraftforge.network.NetworkRegistry/NETREGISTRY]: Channel 'supplementaries:channel' : Version test of '0' from client : ACCEPTED
[02May2025 18:46:47.466] [Netty Epoll Server IO #2/DEBUG] [net.minecraftforge.network.NetworkRegistry/NETREGISTRY]: Channel 'comforts:main' : Version test of '1' from client : ACCEPTED
[02May2025 18:46:47.466] [Netty Epoll Server IO #2/DEBUG] [net.minecraftforge.network.NetworkRegistry/NETREGISTRY]: Channel 'torchmaster:main' : Version test of '1' from client : ACCEPTED
[02May2025 18:46:47.466] [Netty Epoll Server IO #2/DEBUG] [net.minecraftforge.network.NetworkRegistry/NETREGISTRY]: Channel 'architectury:network' : Version test of '1' from client : ACCEPTED
[02May2025 18:46:47.466] [Netty Epoll Server IO #2/DEBUG] [net.minecraftforge.network.NetworkRegistry/NETREGISTRY]: Channel 'jei:channel' : Version test of '1.0.0' from client : ACCEPTED
[02May2025 18:46:47.466] [Netty Epoll Server IO #2/DEBUG] [net.minecraftforge.network.NetworkRegistry/NETREGISTRY]: Channel 'cookingforblockheads:network' : Version test of '1.0' from client : ACCEPTED
[02May2025 18:46:47.466] [Netty Epoll Server IO #2/DEBUG] [net.minecraftforge.network.NetworkRegistry/NETREGISTRY]: Channel 'carryon:carryonpackets' : Version test of '1.0' from client : ACCEPTED
[02May2025 18:46:47.466] [Netty Epoll Server IO #2/DEBUG] [net.minecraftforge.network.NetworkRegistry/NETREGISTRY]: Channel 'minecraft:unregister' : Version test of 'FML3' from client : ACCEPTED
[02May2025 18:46:47.466] [Netty Epoll Server IO #2/DEBUG] [net.minecraftforge.network.NetworkRegistry/NETREGISTRY]: Channel 'slugterra:slugterra' : Version test of '1' from client : ACCEPTED
[02May2025 18:46:47.466] [Netty Epoll Server IO #2/DEBUG] [net.minecraftforge.network.NetworkRegistry/NETREGISTRY]: Channel 'sophisticatedbackpacks:channel' : Version test of '1' from client : ACCEPTED
[02May2025 18:46:47.466] [Netty Epoll Server IO #2/DEBUG] [net.minecraftforge.network.NetworkRegistry/NETREGISTRY]: Channel 'citadel:main_channel' : Version test of '1' from client : ACCEPTED
[02May2025 18:46:47.466] [Netty Epoll Server IO #2/DEBUG] [net.minecraftforge.network.NetworkRegistry/NETREGISTRY]: Channel 'ad_astra:main' : Version test of '1' from client : ACCEPTED
[02May2025 18:46:47.466] [Netty Epoll Server IO #2/DEBUG] [net.minecraftforge.network.NetworkRegistry/NETREGISTRY]: Channel 'curios:main' : Version test of '1' from client : ACCEPTED
[02May2025 18:46:47.466] [Netty Epoll Server IO #2/DEBUG] [net.minecraftforge.network.NetworkRegistry/NETREGISTRY]: Channel 'placebo:placebo' : Version test of '1.0.0' from client : ACCEPTED
[02May2025 18:46:47.466] [Netty Epoll Server IO #2/DEBUG] [net.minecraftforge.network.NetworkRegistry/NETREGISTRY]: Channel 'appleskin:sync' : Version test of '1' from client : ACCEPTED
[02May2025 18:46:47.466] [Netty Epoll Server IO #2/DEBUG] [net.minecraftforge.network.NetworkRegistry/NETREGISTRY]: Channel 'fml:loginwrapper' : Version test of 'FML3' from client : ACCEPTED
[02May2025 18:46:47.466] [Netty Epoll Server IO #2/DEBUG] [net.minecraftforge.network.NetworkRegistry/NETREGISTRY]: Channel 'forge:tier_sorting' : Version test of '1.0' from client : ACCEPTED
[02May2025 18:46:47.467] [Netty Epoll Server IO #2/DEBUG] [net.minecraftforge.network.NetworkRegistry/NETREGISTRY]: Channel 'spectrelib:main' : Version test of '1' from client : ACCEPTED
[02May2025 18:46:47.467] [Netty Epoll Server IO #2/DEBUG] [net.minecraftforge.network.NetworkRegistry/NETREGISTRY]: Channel 'alexsmobs:main_channel' : Version test of '1' from client : ACCEPTED
[02May2025 18:46:47.467] [Netty Epoll Server IO #2/DEBUG] [net.minecraftforge.network.NetworkRegistry/NETREGISTRY]: Channel 'quark:main' : Version test of '4' from client : ACCEPTED
[02May2025 18:46:47.468] [Netty Epoll Server IO #2/DEBUG] [net.minecraftforge.network.NetworkRegistry/NETREGISTRY]: Channel 'realmrpg_quests:realmrpg_quests' : Version test of '1' from client : ACCEPTED
[02May2025 18:46:47.470] [Netty Epoll Server IO #2/DEBUG] [net.minecraftforge.network.NetworkRegistry/NETREGISTRY]: Channel 'trashslot:network' : Version test of '1.0' from client : ACCEPTED
[02May2025 18:46:47.470] [Netty Epoll Server IO #2/DEBUG] [net.minecraftforge.network.NetworkRegistry/NETREGISTRY]: Channel 'tombstone:tombstone_channel' : Version test of 'tombstone-8.9.4' from client : ACCEPTED
[02May2025 18:46:47.470] [Netty Epoll Server IO #2/DEBUG] [net.minecraftforge.network.NetworkRegistry/NETREGISTRY]: Channel 'playerrevive:main' : Version test of '1' from client : ACCEPTED
[02May2025 18:46:47.470] [Netty Epoll Server IO #2/DEBUG] [net.minecraftforge.network.NetworkRegistry/NETREGISTRY]: Channel 'mowziesmobs:net' : Version test of '1' from client : ACCEPTED
[02May2025 18:46:47.470] [Netty Epoll Server IO #2/DEBUG] [net.minecraftforge.network.NetworkRegistry/NETREGISTRY]: Channel 'relics:network' : Version test of '1.0' from client : ACCEPTED
[02May2025 18:46:47.470] [Netty Epoll Server IO #2/DEBUG] [net.minecraftforge.network.NetworkRegistry/NETREGISTRY]: Channel 'horrrs_pvz:horrrs_pvz' : Version test of '1' from client : ACCEPTED
[02May2025 18:46:47.470] [Netty Epoll Server IO #2/DEBUG] [net.minecraftforge.network.NetworkRegistry/NETREGISTRY]: Channel 'fml:play' : Version test of 'FML3' from client : ACCEPTED
[02May2025 18:46:47.470] [Netty Epoll Server IO #2/DEBUG] [net.minecraftforge.network.NetworkRegistry/NETREGISTRY]: Channel 'creativecore:main' : Version test of '1' from client : ACCEPTED
[02May2025 18:46:47.470] [Netty Epoll Server IO #2/DEBUG] [net.minecraftforge.network.NetworkRegistry/NETREGISTRY]: Channel 'sophisticatedcore:channel' : Version test of '1' from client : ACCEPTED
[02May2025 18:46:47.470] [Netty Epoll Server IO #2/DEBUG] [net.minecraftforge.network.NetworkRegistry/NETREGISTRY]: Channel 'fml:handshake' : Version test of 'FML3' from client : ACCEPTED
[02May2025 18:46:47.470] [Netty Epoll Server IO #2/DEBUG] [net.minecraftforge.network.NetworkRegistry/NETREGISTRY]: Channel 'ironchest:network' : Version test of '1' from client : ACCEPTED
[02May2025 18:46:47.471] [Netty Epoll Server IO #2/DEBUG] [net.minecraftforge.network.NetworkRegistry/NETREGISTRY]: Channel 'zeta:main' : Version test of '1' from client : ACCEPTED
[02May2025 18:46:47.471] [Netty Epoll Server IO #2/DEBUG] [net.minecraftforge.network.NetworkRegistry/NETREGISTRY]: Channel 'upgradedcore:main' : Version test of '1' from client : ACCEPTED
[02May2025 18:46:47.471] [Netty Epoll Server IO #2/DEBUG] [net.minecraftforge.network.NetworkRegistry/NETREGISTRY]: Channel 'ldlib:networking' : Version test of '0.0.1' from client : ACCEPTED
[02May2025 18:46:47.471] [Netty Epoll Server IO #2/DEBUG] [net.minecraftforge.network.NetworkRegistry/NETREGISTRY]: Channel 'minecraft:register' : Version test of 'FML3' from client : ACCEPTED
[02May2025 18:46:47.471] [Netty Epoll Server IO #2/DEBUG] [net.minecraftforge.network.NetworkRegistry/NETREGISTRY]: Channel 'photon:networking' : Version test of '0.0.1' from client : ACCEPTED
[02May2025 18:46:47.471] [Netty Epoll Server IO #2/DEBUG] [net.minecraftforge.network.NetworkRegistry/NETREGISTRY]: Channel 'forge:split' : Version test of '1.1' from client : ACCEPTED
[02May2025 18:46:47.471] [Netty Epoll Server IO #2/DEBUG] [net.minecraftforge.network.NetworkRegistry/NETREGISTRY]: Channel 'geckolib:main' : Version test of '1' from client : ACCEPTED
[02May2025 18:46:47.471] [Netty Epoll Server IO #2/DEBUG] [net.minecraftforge.network.NetworkRegistry/NETREGISTRY]: Channel 'waystones:network' : Version test of '1.0' from client : ACCEPTED
[02May2025 18:46:47.471] [Netty Epoll Server IO #2/DEBUG] [net.minecraftforge.network.NetworkRegistry/NETREGISTRY]: Channel 'moonlight:channel' : Version test of '0' from client : ACCEPTED
[02May2025 18:46:47.471] [Netty Epoll Server IO #2/DEBUG] [net.minecraftforge.network.NetworkRegistry/NETREGISTRY]: Channel 'jade:networking' : Version test of '2' from client : ACCEPTED
[02May2025 18:46:47.471] [Netty Epoll Server IO #2/DEBUG] [net.minecraftforge.network.NetworkRegistry/NETREGISTRY]: Accepting channel list from client
[02May2025 18:46:47.471] [Netty Epoll Server IO #2/DEBUG] [net.minecraftforge.network.HandshakeHandler/FMLHANDSHAKE]: Accepted client connection mod list
[02May2025 18:46:47.489] [Server thread/DEBUG] [net.minecraftforge.network.HandshakeHandler/FMLHANDSHAKE]: Sending ticking packet info 'Registry minecraft:particle_type' to 'fml:handshake' sequence 5
[02May2025 18:46:47.508] [Netty Epoll Server IO #2/DEBUG] [net.minecraftforge.network.LoginWrapper/FMLHANDSHAKE]: Recieved login wrapper packet event for channel fml:handshake with index 2
[02May2025 18:46:47.509] [Netty Epoll Server IO #2/DEBUG] [net.minecraftforge.network.HandshakeHandler/FMLHANDSHAKE]: Received client indexed reply 2 of type net.minecraftforge.network.HandshakeMessages$C2SAcknowledge
[02May2025 18:46:47.509] [Netty Epoll Server IO #2/DEBUG] [net.minecraftforge.network.HandshakeHandler/FMLHANDSHAKE]: Received acknowledgement from client
[02May2025 18:46:47.536] [Server thread/DEBUG] [net.minecraftforge.network.HandshakeHandler/FMLHANDSHAKE]: Sending ticking packet info 'Registry minecraft:villager_profession' to 'fml:handshake' sequence 6
[02May2025 18:46:47.547] [Netty Epoll Server IO #2/DEBUG] [net.minecraftforge.network.LoginWrapper/FMLHANDSHAKE]: Recieved login wrapper packet event for channel fml:handshake with index 3
[02May2025 18:46:47.547] [Netty Epoll Server IO #2/DEBUG] [net.minecraftforge.network.HandshakeHandler/FMLHANDSHAKE]: Received client indexed reply 3 of type net.minecraftforge.network.HandshakeMessages$C2SAcknowledge
[02May2025 18:46:47.547] [Netty Epoll Server IO #2/DEBUG] [net.minecraftforge.network.HandshakeHandler/FMLHANDSHAKE]: Received acknowledgement from client
[02May2025 18:46:47.598] [Server thread/DEBUG] [net.minecraftforge.network.HandshakeHandler/FMLHANDSHAKE]: Sending ticking packet info 'Registry minecraft:item' to 'fml:handshake' sequence 7
[02May2025 18:46:47.646] [Server thread/DEBUG] [net.minecraftforge.network.HandshakeHandler/FMLHANDSHAKE]: Sending ticking packet info 'Registry minecraft:potion' to 'fml:handshake' sequence 8
[02May2025 18:46:47.646] [Netty Epoll Server IO #0/DEBUG] [net.minecraftforge.network.LoginWrapper/FMLHANDSHAKE]: Recieved login wrapper packet event for channel fml:handshake with index 21
[02May2025 18:46:47.648] [Netty Epoll Server IO #0/DEBUG] [net.minecraftforge.network.HandshakeHandler/FMLHANDSHAKE]: Received client indexed reply 21 of type net.minecraftforge.network.HandshakeMessages$C2SAcknowledge
[02May2025 18:46:47.648] [Netty Epoll Server IO #0/DEBUG] [net.minecraftforge.network.HandshakeHandler/FMLHANDSHAKE]: Received acknowledgement from client
[02May2025 18:46:47.674] [Netty Epoll Server IO #0/DEBUG] [net.minecraftforge.network.LoginWrapper/FMLHANDSHAKE]: Recieved login wrapper packet event for channel fml:handshake with index 22
[02May2025 18:46:47.674] [Netty Epoll Server IO #0/DEBUG] [net.minecraftforge.network.HandshakeHandler/FMLHANDSHAKE]: Received client indexed reply 22 of type net.minecraftforge.network.HandshakeMessages$C2SAcknowledge
[02May2025 18:46:47.674] [Netty Epoll Server IO #0/DEBUG] [net.minecraftforge.network.HandshakeHandler/FMLHANDSHAKE]: Received acknowledgement from client
[02May2025 18:46:47.674] [Netty Epoll Server IO #0/DEBUG] [net.minecraftforge.network.LoginWrapper/FMLHANDSHAKE]: Recieved login wrapper packet event for channel fml:handshake with index 23
[02May2025 18:46:47.674] [Netty Epoll Server IO #0/DEBUG] [net.minecraftforge.network.HandshakeHandler/FMLHANDSHAKE]: Received client indexed reply 23 of type net.minecraftforge.network.HandshakeMessages$C2SAcknowledge
[02May2025 18:46:47.674] [Netty Epoll Server IO #0/DEBUG] [net.minecraftforge.network.HandshakeHandler/FMLHANDSHAKE]: Received acknowledgement from client
[02May2025 18:46:47.680] [Netty Epoll Server IO #0/DEBUG] [net.minecraftforge.network.LoginWrapper/FMLHANDSHAKE]: Recieved login wrapper packet event for channel fml:handshake with index 24
[02May2025 18:46:47.682] [Netty Epoll Server IO #0/DEBUG] [net.minecraftforge.network.HandshakeHandler/FMLHANDSHAKE]: Received client indexed reply 24 of type net.minecraftforge.network.HandshakeMessages$C2SAcknowledge
[02May2025 18:46:47.682] [Netty Epoll Server IO #0/DEBUG] [net.minecraftforge.network.HandshakeHandler/FMLHANDSHAKE]: Received acknowledgement from client
[02May2025 18:46:47.682] [Netty Epoll Server IO #0/DEBUG] [net.minecraftforge.network.LoginWrapper/FMLHANDSHAKE]: Recieved login wrapper packet event for channel fml:handshake with index 25
[02May2025 18:46:47.682] [Netty Epoll Server IO #0/DEBUG] [net.minecraftforge.network.HandshakeHandler/FMLHANDSHAKE]: Received client indexed reply 25 of type net.minecraftforge.network.HandshakeMessages$C2SAcknowledge
[02May2025 18:46:47.682] [Netty Epoll Server IO #0/DEBUG] [net.minecraftforge.network.HandshakeHandler/FMLHANDSHAKE]: Received acknowledgement from client
[02May2025 18:46:47.690] [Netty Epoll Server IO #0/DEBUG] [net.minecraftforge.network.LoginWrapper/FMLHANDSHAKE]: Recieved login wrapper packet event for channel fml:handshake with index 26
[02May2025 18:46:47.690] [Netty Epoll Server IO #0/DEBUG] [net.minecraftforge.network.HandshakeHandler/FMLHANDSHAKE]: Received client indexed reply 26 of type net.minecraftforge.network.HandshakeMessages$C2SAcknowledge
[02May2025 18:46:47.690] [Netty Epoll Server IO #0/DEBUG] [net.minecraftforge.network.HandshakeHandler/FMLHANDSHAKE]: Received acknowledgement from client
[02May2025 18:46:47.705] [Server thread/DEBUG] [net.minecraftforge.network.HandshakeHandler/FMLHANDSHAKE]: Sending ticking packet info 'Registry minecraft:painting_variant' to 'fml:handshake' sequence 9
[02May2025 18:46:47.715] [Netty Epoll Server IO #0/DEBUG] [net.minecraftforge.network.LoginWrapper/FMLHANDSHAKE]: Recieved login wrapper packet event for channel zeta:main with index 27
[02May2025 18:46:47.715] [Netty Epoll Server IO #0/DEBUG] [net.minecraftforge.network.HandshakeHandler/FMLHANDSHAKE]: Received client indexed reply 27 of type org.violetmoon.zeta.network.message.C2SLoginFlag
[02May2025 18:46:47.736] [Server thread/DEBUG] [net.minecraftforge.network.HandshakeHandler/FMLHANDSHAKE]: Handshake complete!
[02May2025 18:46:47.737] [Server thread/DEBUG] [net.minecraftforge.network.HandshakeHandler/FMLHANDSHAKE]: Sending ticking packet info 'Registry forge:fluid_type' to 'fml:handshake' sequence 10
[02May2025 18:46:47.800] [Server thread/INFO] [net.minecraft.server.players.PlayerList/]: edinson123pro[/100.84.66.53:53645] logged in with entity id 818 at (-34.5, 74.0, -22.5)
[02May2025 18:46:47.802] [Server thread/DEBUG] [net.minecraftforge.network.filters.NetworkFilters/]: Injected net.minecraftforge.network.filters.ForgeConnectionNetworkFilter@218f7ef4 into net.minecraft.network.Connection@46c0208
[02May2025 18:46:47.857] [Server thread/INFO] [net.minecraft.server.MinecraftServer/]: edinson123pro joined the game
[02May2025 18:46:47.951] [Netty Epoll Server IO #2/DEBUG] [net.minecraftforge.network.LoginWrapper/FMLHANDSHAKE]: Recieved login wrapper packet event for channel fml:handshake with index 4
[02May2025 18:46:47.951] [Netty Epoll Server IO #2/DEBUG] [net.minecraftforge.network.HandshakeHandler/FMLHANDSHAKE]: Received client indexed reply 4 of type net.minecraftforge.network.HandshakeMessages$C2SAcknowledge
[02May2025 18:46:47.951] [Netty Epoll Server IO #2/DEBUG] [net.minecraftforge.network.HandshakeHandler/FMLHANDSHAKE]: Received acknowledgement from client
[02May2025 18:46:47.951] [Netty Epoll Server IO #2/DEBUG] [net.minecraftforge.network.LoginWrapper/FMLHANDSHAKE]: Recieved login wrapper packet event for channel fml:handshake with index 5
[02May2025 18:46:47.951] [Netty Epoll Server IO #2/DEBUG] [net.minecraftforge.network.HandshakeHandler/FMLHANDSHAKE]: Received client indexed reply 5 of type net.minecraftforge.network.HandshakeMessages$C2SAcknowledge
[02May2025 18:46:47.951] [Netty Epoll Server IO #2/DEBUG] [net.minecraftforge.network.HandshakeHandler/FMLHANDSHAKE]: Received acknowledgement from client
[02May2025 18:46:47.952] [Netty Epoll Server IO #2/DEBUG] [net.minecraftforge.network.LoginWrapper/FMLHANDSHAKE]: Recieved login wrapper packet event for channel fml:handshake with index 6
[02May2025 18:46:47.952] [Netty Epoll Server IO #2/DEBUG] [net.minecraftforge.network.HandshakeHandler/FMLHANDSHAKE]: Received client indexed reply 6 of type net.minecraftforge.network.HandshakeMessages$C2SAcknowledge
[02May2025 18:46:47.952] [Netty Epoll Server IO #2/DEBUG] [net.minecraftforge.network.HandshakeHandler/FMLHANDSHAKE]: Received acknowledgement from client
[02May2025 18:46:48.144] [Netty Epoll Server IO #2/DEBUG] [net.minecraftforge.network.LoginWrapper/FMLHANDSHAKE]: Recieved login wrapper packet event for channel fml:handshake with index 7
[02May2025 18:46:48.144] [Netty Epoll Server IO #2/DEBUG] [net.minecraftforge.network.HandshakeHandler/FMLHANDSHAKE]: Received client indexed reply 7 of type net.minecraftforge.network.HandshakeMessages$C2SAcknowledge
[02May2025 18:46:48.144] [Netty Epoll Server IO #2/DEBUG] [net.minecraftforge.network.HandshakeHandler/FMLHANDSHAKE]: Received acknowledgement from client
[02May2025 18:46:48.144] [Netty Epoll Server IO #2/DEBUG] [net.minecraftforge.network.LoginWrapper/FMLHANDSHAKE]: Recieved login wrapper packet event for channel fml:handshake with index 8
[02May2025 18:46:48.144] [Netty Epoll Server IO #2/DEBUG] [net.minecraftforge.network.HandshakeHandler/FMLHANDSHAKE]: Received client indexed reply 8 of type net.minecraftforge.network.HandshakeMessages$C2SAcknowledge
[02May2025 18:46:48.144] [Netty Epoll Server IO #2/DEBUG] [net.minecraftforge.network.HandshakeHandler/FMLHANDSHAKE]: Received acknowledgement from client
[02May2025 18:46:48.144] [Netty Epoll Server IO #2/DEBUG] [net.minecraftforge.network.LoginWrapper/FMLHANDSHAKE]: Recieved login wrapper packet event for channel fml:handshake with index 9
[02May2025 18:46:48.148] [Netty Epoll Server IO #2/DEBUG] [net.minecraftforge.network.HandshakeHandler/FMLHANDSHAKE]: Received client indexed reply 9 of type net.minecraftforge.network.HandshakeMessages$C2SAcknowledge
[02May2025 18:46:48.148] [Netty Epoll Server IO #2/DEBUG] [net.minecraftforge.network.HandshakeHandler/FMLHANDSHAKE]: Received acknowledgement from client
[02May2025 18:46:48.149] [Netty Epoll Server IO #2/DEBUG] [net.minecraftforge.network.LoginWrapper/FMLHANDSHAKE]: Recieved login wrapper packet event for channel fml:handshake with index 10
[02May2025 18:46:48.149] [Netty Epoll Server IO #2/DEBUG] [net.minecraftforge.network.HandshakeHandler/FMLHANDSHAKE]: Received client indexed reply 10 of type net.minecraftforge.network.HandshakeMessages$C2SAcknowledge
[02May2025 18:46:48.149] [Netty Epoll Server IO #2/DEBUG] [net.minecraftforge.network.HandshakeHandler/FMLHANDSHAKE]: Received acknowledgement from client
[02May2025 18:46:48.161] [Server thread/INFO] [Jade/]: Syncing config to edinson123pro (ede081c3-12e9-3b7d-ab6c-40ddb76daa7f)
[02May2025 18:46:48.283] [Server thread/DEBUG] [net.minecraftforge.network.HandshakeHandler/FMLHANDSHAKE]: Sending ticking packet info 'Registry minecraft:block_entity_type' to 'fml:handshake' sequence 11
[02May2025 18:46:48.411] [Server thread/DEBUG] [net.minecraftforge.network.HandshakeHandler/FMLHANDSHAKE]: Sending ticking packet info 'Registry forge:display_contexts' to 'fml:handshake' sequence 12
[02May2025 18:46:48.455] [Netty Epoll Server IO #2/DEBUG] [net.minecraftforge.network.LoginWrapper/FMLHANDSHAKE]: Recieved login wrapper packet event for channel fml:handshake with index 11
[02May2025 18:46:48.457] [Netty Epoll Server IO #2/DEBUG] [net.minecraftforge.network.HandshakeHandler/FMLHANDSHAKE]: Received client indexed reply 11 of type net.minecraftforge.network.HandshakeMessages$C2SAcknowledge
[02May2025 18:46:48.457] [Netty Epoll Server IO #2/DEBUG] [net.minecraftforge.network.HandshakeHandler/FMLHANDSHAKE]: Received acknowledgement from client
[02May2025 18:46:48.566] [Server thread/DEBUG] [net.minecraftforge.network.HandshakeHandler/FMLHANDSHAKE]: Sending ticking packet info 'Registry minecraft:block' to 'fml:handshake' sequence 13
[02May2025 18:46:48.575] [Netty Epoll Server IO #2/DEBUG] [net.minecraftforge.network.LoginWrapper/FMLHANDSHAKE]: Recieved login wrapper packet event for channel fml:handshake with index 12
[02May2025 18:46:48.575] [Netty Epoll Server IO #2/DEBUG] [net.minecraftforge.network.HandshakeHandler/FMLHANDSHAKE]: Received client indexed reply 12 of type net.minecraftforge.network.HandshakeMessages$C2SAcknowledge
[02May2025 18:46:48.575] [Netty Epoll Server IO #2/DEBUG] [net.minecraftforge.network.HandshakeHandler/FMLHANDSHAKE]: Received acknowledgement from client
[02May2025 18:46:48.633] [Server thread/DEBUG] [net.minecraftforge.network.HandshakeHandler/FMLHANDSHAKE]: Sending ticking packet info 'Registry forge:entity_data_serializers' to 'fml:handshake' sequence 14
[02May2025 18:46:48.685] [Server thread/DEBUG] [net.minecraftforge.network.HandshakeHandler/FMLHANDSHAKE]: Sending ticking packet info 'Registry minecraft:mob_effect' to 'fml:handshake' sequence 15
[02May2025 18:46:48.756] [Server thread/DEBUG] [net.minecraftforge.network.HandshakeHandler/FMLHANDSHAKE]: Sending ticking packet info 'Registry minecraft:stat_type' to 'fml:handshake' sequence 16
[02May2025 18:46:48.762] [Server thread/INFO] [net.minecraft.server.MinecraftServer/]: DarkJunior has made the advancement [Alex's Mobs]
[02May2025 18:46:48.783] [Netty Epoll Server IO #2/DEBUG] [net.minecraftforge.network.LoginWrapper/FMLHANDSHAKE]: Recieved login wrapper packet event for channel fml:handshake with index 13
[02May2025 18:46:48.783] [Netty Epoll Server IO #2/DEBUG] [net.minecraftforge.network.HandshakeHandler/FMLHANDSHAKE]: Received client indexed reply 13 of type net.minecraftforge.network.HandshakeMessages$C2SAcknowledge
[02May2025 18:46:48.784] [Netty Epoll Server IO #2/DEBUG] [net.minecraftforge.network.HandshakeHandler/FMLHANDSHAKE]: Received acknowledgement from client
[02May2025 18:46:48.799] [Netty Epoll Server IO #2/DEBUG] [net.minecraftforge.network.LoginWrapper/FMLHANDSHAKE]: Recieved login wrapper packet event for channel fml:handshake with index 14
[02May2025 18:46:48.800] [Netty Epoll Server IO #2/DEBUG] [net.minecraftforge.network.HandshakeHandler/FMLHANDSHAKE]: Received client indexed reply 14 of type net.minecraftforge.network.HandshakeMessages$C2SAcknowledge
[02May2025 18:46:48.800] [Netty Epoll Server IO #2/DEBUG] [net.minecraftforge.network.HandshakeHandler/FMLHANDSHAKE]: Received acknowledgement from client
[02May2025 18:46:48.853] [Netty Epoll Server IO #2/DEBUG] [net.minecraftforge.network.LoginWrapper/FMLHANDSHAKE]: Recieved login wrapper packet event for channel fml:handshake with index 15
[02May2025 18:46:48.854] [Netty Epoll Server IO #2/DEBUG] [net.minecraftforge.network.HandshakeHandler/FMLHANDSHAKE]: Received client indexed reply 15 of type net.minecraftforge.network.HandshakeMessages$C2SAcknowledge
[02May2025 18:46:48.855] [Netty Epoll Server IO #2/DEBUG] [net.minecraftforge.network.HandshakeHandler/FMLHANDSHAKE]: Received acknowledgement from client
[02May2025 18:46:48.878] [Server thread/DEBUG] [net.minecraftforge.network.HandshakeHandler/FMLHANDSHAKE]: Sending ticking packet info 'Registry tombstone:perks' to 'fml:handshake' sequence 17
[02May2025 18:46:48.920] [Netty Epoll Server IO #2/DEBUG] [net.minecraftforge.network.LoginWrapper/FMLHANDSHAKE]: Recieved login wrapper packet event for channel fml:handshake with index 16
[02May2025 18:46:48.920] [Netty Epoll Server IO #2/DEBUG] [net.minecraftforge.network.HandshakeHandler/FMLHANDSHAKE]: Received client indexed reply 16 of type net.minecraftforge.network.HandshakeMessages$C2SAcknowledge
[02May2025 18:46:48.920] [Netty Epoll Server IO #2/DEBUG] [net.minecraftforge.network.HandshakeHandler/FMLHANDSHAKE]: Received acknowledgement from client
[02May2025 18:46:49.006] [Server thread/DEBUG] [net.minecraftforge.network.HandshakeHandler/FMLHANDSHAKE]: Sending ticking packet info 'Registry minecraft:menu' to 'fml:handshake' sequence 18
[02May2025 18:46:49.043] [Netty Epoll Server IO #2/DEBUG] [net.minecraftforge.network.LoginWrapper/FMLHANDSHAKE]: Recieved login wrapper packet event for channel fml:handshake with index 17
[02May2025 18:46:49.043] [Netty Epoll Server IO #2/DEBUG] [net.minecraftforge.network.HandshakeHandler/FMLHANDSHAKE]: Received client indexed reply 17 of type net.minecraftforge.network.HandshakeMessages$C2SAcknowledge
[02May2025 18:46:49.043] [Netty Epoll Server IO #2/DEBUG] [net.minecraftforge.network.HandshakeHandler/FMLHANDSHAKE]: Received acknowledgement from client
[02May2025 18:46:49.099] [Server thread/DEBUG] [net.minecraftforge.network.HandshakeHandler/FMLHANDSHAKE]: Sending ticking packet info 'Registry minecraft:enchantment' to 'fml:handshake' sequence 19
[02May2025 18:46:49.172] [Netty Epoll Server IO #2/DEBUG] [net.minecraftforge.network.LoginWrapper/FMLHANDSHAKE]: Recieved login wrapper packet event for channel fml:handshake with index 18
[02May2025 18:46:49.173] [Netty Epoll Server IO #2/DEBUG] [net.minecraftforge.network.HandshakeHandler/FMLHANDSHAKE]: Received client indexed reply 18 of type net.minecraftforge.network.HandshakeMessages$C2SAcknowledge
[02May2025 18:46:49.173] [Netty Epoll Server IO #2/DEBUG] [net.minecraftforge.network.HandshakeHandler/FMLHANDSHAKE]: Received acknowledgement from client
[02May2025 18:46:49.185] [Server thread/DEBUG] [net.minecraftforge.network.HandshakeHandler/FMLHANDSHAKE]: Sending ticking packet info 'Registry minecraft:fluid' to 'fml:handshake' sequence 20
[02May2025 18:46:49.264] [Netty Epoll Server IO #2/DEBUG] [net.minecraftforge.network.LoginWrapper/FMLHANDSHAKE]: Recieved login wrapper packet event for channel fml:handshake with index 19
[02May2025 18:46:49.265] [Netty Epoll Server IO #2/DEBUG] [net.minecraftforge.network.HandshakeHandler/FMLHANDSHAKE]: Received client indexed reply 19 of type net.minecraftforge.network.HandshakeMessages$C2SAcknowledge
[02May2025 18:46:49.265] [Netty Epoll Server IO #2/DEBUG] [net.minecraftforge.network.HandshakeHandler/FMLHANDSHAKE]: Received acknowledgement from client
[02May2025 18:46:49.350] [Netty Epoll Server IO #2/DEBUG] [net.minecraftforge.network.LoginWrapper/FMLHANDSHAKE]: Recieved login wrapper packet event for channel fml:handshake with index 20
[02May2025 18:46:49.350] [Netty Epoll Server IO #2/DEBUG] [net.minecraftforge.network.HandshakeHandler/FMLHANDSHAKE]: Received client indexed reply 20 of type net.minecraftforge.network.HandshakeMessages$C2SAcknowledge
[02May2025 18:46:49.350] [Netty Epoll Server IO #2/DEBUG] [net.minecraftforge.network.HandshakeHandler/FMLHANDSHAKE]: Received acknowledgement from client
[02May2025 18:46:49.424] [Server thread/DEBUG] [net.minecraftforge.network.HandshakeHandler/FMLHANDSHAKE]: Sending ticking packet info 'Registry minecraft:entity_type' to 'fml:handshake' sequence 21
[02May2025 18:46:49.502] [Server thread/DEBUG] [net.minecraftforge.network.HandshakeHandler/FMLHANDSHAKE]: Sending ticking packet info 'Config curios-server.toml' to 'fml:handshake' sequence 22
[02May2025 18:46:49.591] [Server thread/DEBUG] [net.minecraftforge.network.HandshakeHandler/FMLHANDSHAKE]: Sending ticking packet info 'Config tombstone-server.toml' to 'fml:handshake' sequence 23
[02May2025 18:46:49.666] [Server thread/DEBUG] [net.minecraftforge.network.HandshakeHandler/FMLHANDSHAKE]: Sending ticking packet info 'Config sophisticatedbackpacks-server.toml' to 'fml:handshake' sequence 24
[02May2025 18:46:49.737] [Server thread/DEBUG] [net.minecraftforge.network.HandshakeHandler/FMLHANDSHAKE]: Sending ticking packet info 'Config jei-server.toml' to 'fml:handshake' sequence 25
[02May2025 18:46:49.811] [Server thread/DEBUG] [net.minecraftforge.network.HandshakeHandler/FMLHANDSHAKE]: Sending ticking packet info 'Config forge-server.toml' to 'fml:handshake' sequence 26
[02May2025 18:46:49.911] [Server thread/DEBUG] [net.minecraftforge.network.HandshakeHandler/FMLHANDSHAKE]: Sending ticking packet info 'org.violetmoon.zeta.network.message.S2CLoginFlag' to 'zeta:main' sequence 27
[02May2025 18:46:53.362] [Server thread/WARN] [tombstone/]: The death event of the player DarkJunior was canceled by another mod
[02May2025 18:46:53.441] [Server thread/INFO] [tombstone/]: The player DarkJunior has successfully been saved
[02May2025 18:46:59.030] [Server thread/INFO] [net.minecraft.server.MinecraftServer/]: DarkJunior fell from a high place
[02May2025 18:46:59.061] [Server thread/DEBUG] [tombstone/]: A new grave of the player DarkJunior was created at position [x:-83, y:61, z:-86, dim:minecraft:overworld]
[02May2025 18:47:04.221] [Netty Epoll Server IO #2/DEBUG] [net.minecraftforge.network.LoginWrapper/FMLHANDSHAKE]: Recieved login wrapper packet event for channel fml:handshake with index 21
[02May2025 18:47:04.222] [Netty Epoll Server IO #2/DEBUG] [net.minecraftforge.network.HandshakeHandler/FMLHANDSHAKE]: Received client indexed reply 21 of type net.minecraftforge.network.HandshakeMessages$C2SAcknowledge
[02May2025 18:47:04.222] [Netty Epoll Server IO #2/DEBUG] [net.minecraftforge.network.HandshakeHandler/FMLHANDSHAKE]: Received acknowledgement from client
[02May2025 18:47:04.222] [Netty Epoll Server IO #2/DEBUG] [net.minecraftforge.network.LoginWrapper/FMLHANDSHAKE]: Recieved login wrapper packet event for channel fml:handshake with index 22
[02May2025 18:47:04.222] [Netty Epoll Server IO #2/DEBUG] [net.minecraftforge.network.HandshakeHandler/FMLHANDSHAKE]: Received client indexed reply 22 of type net.minecraftforge.network.HandshakeMessages$C2SAcknowledge
[02May2025 18:47:04.222] [Netty Epoll Server IO #2/DEBUG] [net.minecraftforge.network.HandshakeHandler/FMLHANDSHAKE]: Received acknowledgement from client
[02May2025 18:47:04.246] [Netty Epoll Server IO #2/DEBUG] [net.minecraftforge.network.LoginWrapper/FMLHANDSHAKE]: Recieved login wrapper packet event for channel fml:handshake with index 23
[02May2025 18:47:04.246] [Netty Epoll Server IO #2/DEBUG] [net.minecraftforge.network.HandshakeHandler/FMLHANDSHAKE]: Received client indexed reply 23 of type net.minecraftforge.network.HandshakeMessages$C2SAcknowledge
[02May2025 18:47:04.246] [Netty Epoll Server IO #2/DEBUG] [net.minecraftforge.network.HandshakeHandler/FMLHANDSHAKE]: Received acknowledgement from client
[02May2025 18:47:04.249] [Netty Epoll Server IO #2/DEBUG] [net.minecraftforge.network.LoginWrapper/FMLHANDSHAKE]: Recieved login wrapper packet event for channel fml:handshake with index 24
[02May2025 18:47:04.249] [Netty Epoll Server IO #2/DEBUG] [net.minecraftforge.network.HandshakeHandler/FMLHANDSHAKE]: Received client indexed reply 24 of type net.minecraftforge.network.HandshakeMessages$C2SAcknowledge
[02May2025 18:47:04.249] [Netty Epoll Server IO #2/DEBUG] [net.minecraftforge.network.HandshakeHandler/FMLHANDSHAKE]: Received acknowledgement from client
[02May2025 18:47:04.249] [Netty Epoll Server IO #2/DEBUG] [net.minecraftforge.network.LoginWrapper/FMLHANDSHAKE]: Recieved login wrapper packet event for channel fml:handshake with index 25
[02May2025 18:47:04.249] [Netty Epoll Server IO #2/DEBUG] [net.minecraftforge.network.HandshakeHandler/FMLHANDSHAKE]: Received client indexed reply 25 of type net.minecraftforge.network.HandshakeMessages$C2SAcknowledge
[02May2025 18:47:04.249] [Netty Epoll Server IO #2/DEBUG] [net.minecraftforge.network.HandshakeHandler/FMLHANDSHAKE]: Received acknowledgement from client
[02May2025 18:47:04.249] [Netty Epoll Server IO #2/DEBUG] [net.minecraftforge.network.LoginWrapper/FMLHANDSHAKE]: Recieved login wrapper packet event for channel fml:handshake with index 26
[02May2025 18:47:04.249] [Netty Epoll Server IO #2/DEBUG] [net.minecraftforge.network.HandshakeHandler/FMLHANDSHAKE]: Received client indexed reply 26 of type net.minecraftforge.network.HandshakeMessages$C2SAcknowledge
[02May2025 18:47:04.249] [Netty Epoll Server IO #2/DEBUG] [net.minecraftforge.network.HandshakeHandler/FMLHANDSHAKE]: Received acknowledgement from client
[02May2025 18:47:04.250] [Netty Epoll Server IO #2/DEBUG] [net.minecraftforge.network.LoginWrapper/FMLHANDSHAKE]: Recieved login wrapper packet event for channel zeta:main with index 27
[02May2025 18:47:04.250] [Netty Epoll Server IO #2/DEBUG] [net.minecraftforge.network.HandshakeHandler/FMLHANDSHAKE]: Received client indexed reply 27 of type org.violetmoon.zeta.network.message.C2SLoginFlag
[02May2025 18:47:04.281] [Server thread/DEBUG] [net.minecraftforge.network.HandshakeHandler/FMLHANDSHAKE]: Handshake complete!
[02May2025 18:47:04.388] [Server thread/INFO] [net.minecraft.server.players.PlayerList/]: Sung_Jinwoo[/100.71.108.62:64670] logged in with entity id 947 at (-1047.8279125699041, 74.0, 596.0563874602673)
[02May2025 18:47:04.389] [Server thread/DEBUG] [net.minecraftforge.network.filters.NetworkFilters/]: Injected net.minecraftforge.network.filters.ForgeConnectionNetworkFilter@55f9db4b into net.minecraft.network.Connection@45a13348
[02May2025 18:47:04.539] [Server thread/INFO] [net.minecraft.server.MinecraftServer/]: Sung_Jinwoo joined the game
[02May2025 18:47:04.662] [Server thread/INFO] [Jade/]: Syncing config to Sung_Jinwoo (777697ce-c6e6-3379-8f91-de31509fe6a2)
[02May2025 18:47:07.707] [Server thread/WARN] [net.minecraft.server.MinecraftServer/]: Can't keep up! Is the server overloaded? Running 3309ms or 66 ticks behind
[02May2025 18:47:07.866] [Server thread/INFO] [net.minecraft.server.MinecraftServer/]: edinson123pro has made the advancement [Alex's Mobs]
[02May2025 18:47:17.201] [Server thread/INFO] [net.minecraft.server.network.ServerGamePacketListenerImpl/]: edinson123pro lost connection: Disconnected
[02May2025 18:47:17.203] [Server thread/INFO] [net.minecraft.server.MinecraftServer/]: edinson123pro left the game
[02May2025 18:47:28.277] [Worker-Main-1/DEBUG] [mixin/]: Mixing accessor.WorldGenRegionAccessor from betterdungeons.mixins.json into net.minecraft.server.level.WorldGenRegion
[02May2025 18:47:29.033] [Worker-Main-1/DEBUG] [mixin/]: Mixing BeardifierMixin from yungsapi.mixins.json into net.minecraft.world.level.levelgen.Beardifier
[02May2025 18:47:29.040] [Worker-Main-1/DEBUG] [mixin/]: Mixing accessor.BeardifierAccessor from yungsapi.mixins.json into net.minecraft.world.level.levelgen.Beardifier
[02May2025 18:47:30.858] [Server thread/WARN] [net.minecraft.server.MinecraftServer/]: Can't keep up! Is the server overloaded? Running 2011ms or 40 ticks behind
[02May2025 18:47:34.009] [Worker-Main-1/DEBUG] [mixin/]: Mixing ChunkGeneratorMixin from quark.mixins.json into net.minecraft.world.level.levelgen.structure.pools.JigsawPlacement
[02May2025 18:48:06.010] [Server thread/WARN] [net.minecraft.server.MinecraftServer/]: Can't keep up! Is the server overloaded? Running 2013ms or 40 ticks behind
[02May2025 18:48:24.089] [Server thread/WARN] [net.minecraft.server.MinecraftServer/]: Can't keep up! Is the server overloaded? Running 3091ms or 61 ticks behind
[02May2025 18:48:43.507] [Server thread/WARN] [net.minecraft.server.MinecraftServer/]: Can't keep up! Is the server overloaded? Running 2010ms or 40 ticks behind
[02May2025 18:49:01.966] [Server thread/WARN] [net.minecraft.server.MinecraftServer/]: Can't keep up! Is the server overloaded? Running 3468ms or 69 ticks behind
[02May2025 18:49:17.357] [Worker-Main-1/DEBUG] [mixin/]: Mixing JigsawPlacementPlacerMixin from waystones.mixins.json into net.minecraft.world.level.levelgen.structure.pools.JigsawPlacement$Placer
[02May2025 18:49:17.366] [Worker-Main-1/WARN] [net.minecraft.world.level.levelgen.structure.pools.JigsawPlacement/]: Empty or non-existent pool: minecraft:house_basement_pool
[02May2025 18:49:17.367] [Worker-Main-1/WARN] [net.minecraft.world.level.levelgen.structure.pools.JigsawPlacement/]: Empty or non-existent pool: minecraft:monster_hunter_additions_3_pool
[02May2025 18:49:17.368] [Worker-Main-1/WARN] [net.minecraft.world.level.levelgen.structure.pools.JigsawPlacement/]: Empty or non-existent pool: minecraft:monster_hunter_additions_3_pool
[02May2025 18:49:17.368] [Worker-Main-1/WARN] [net.minecraft.world.level.levelgen.structure.pools.JigsawPlacement/]: Empty or non-existent pool: minecraft:monster_hunter_end_1_pool
[02May2025 18:49:18.957] [Server thread/WARN] [net.minecraft.server.MinecraftServer/]: Can't keep up! Is the server overloaded? Running 2010ms or 40 ticks behind
[02May2025 18:49:44.449] [Server thread/INFO] [net.minecraft.server.MinecraftServer/]: [Not Secure] <Sung_Jinwoo> asd
[02May2025 18:49:46.413] [Server thread/WARN] [net.minecraft.server.MinecraftServer/]: Can't keep up! Is the server overloaded? Running 12465ms or 249 ticks behind
[02May2025 18:49:49.099] [Netty Epoll Server IO #3/DEBUG] [net.minecraftforge.network.HandshakeHandler/FMLHANDSHAKE]: Starting new modded impl connection. Found 28 messages to dispatch.
[02May2025 18:49:49.105] [Server thread/DEBUG] [net.minecraftforge.network.HandshakeHandler/FMLHANDSHAKE]: Sending ticking packet info 'net.minecraftforge.network.HandshakeMessages$S2CModData' to 'fml:handshake' sequence 0
[02May2025 18:49:49.155] [Server thread/DEBUG] [net.minecraftforge.network.HandshakeHandler/FMLHANDSHAKE]: Sending ticking packet info 'net.minecraftforge.network.HandshakeMessages$S2CModList' to 'fml:handshake' sequence 1
[02May2025 18:49:49.222] [Server thread/DEBUG] [net.minecraftforge.network.HandshakeHandler/FMLHANDSHAKE]: Sending ticking packet info 'Registry minecraft:command_argument_type' to 'fml:handshake' sequence 2
[02May2025 18:49:49.258] [Server thread/DEBUG] [net.minecraftforge.network.HandshakeHandler/FMLHANDSHAKE]: Sending ticking packet info 'Registry minecraft:recipe_serializer' to 'fml:handshake' sequence 3
[02May2025 18:49:49.329] [Netty Epoll Server IO #3/DEBUG] [net.minecraftforge.network.LoginWrapper/FMLHANDSHAKE]: Recieved login wrapper packet event for channel fml:handshake with index 1
[02May2025 18:49:49.329] [Netty Epoll Server IO #3/DEBUG] [net.minecraftforge.network.HandshakeHandler/FMLHANDSHAKE]: Received client indexed reply 1 of type net.minecraftforge.network.HandshakeMessages$C2SModListReply
[02May2025 18:49:49.329] [Netty Epoll Server IO #3/DEBUG] [net.minecraftforge.network.HandshakeHandler/FMLHANDSHAKE]: Received client connection with modlist [betterdungeons, mowziesmobs, kuma_api, trashslot, geckolib, botarium, jei, libraryferret, sophisticatedcore, rubidium, sodium, waystones, cookingforblockheads, placebo, comforts, citadel, alexsmobs, artifacts, yungsapi, mixinextras, horrrs_pvz, glitchcore, sophisticatedbackpacks, relics, ldlib, balm, carryon, cloth_config, forge, tlskincape, ironchest, minecraft, slugterra, farmersdelight, torchmaster, terrablender, moonlight, biomesoplenty, mixinsquared, jade, creativecore, spectrelib, simplefarming, resourcefulconfig, kotlinforforge, curios, zeta, quark, supplementaries, bettervillage, inventoryhud, betterstrongholds, tombstone, resourcefullib, upgradedcore, architectury, octolib, appleskin, aiimprovements, photon, expandability, bettermineshafts, realmrpg_quests, playerrevive, nebs, ad_astra]
[02May2025 18:49:49.330] [Netty Epoll Server IO #3/DEBUG] [net.minecraftforge.network.NetworkRegistry/NETREGISTRY]: Channel 'supplementaries:channel' : Version test of '0' from client : ACCEPTED
[02May2025 18:49:49.330] [Netty Epoll Server IO #3/DEBUG] [net.minecraftforge.network.NetworkRegistry/NETREGISTRY]: Channel 'comforts:main' : Version test of '1' from client : ACCEPTED
[02May2025 18:49:49.330] [Netty Epoll Server IO #3/DEBUG] [net.minecraftforge.network.NetworkRegistry/NETREGISTRY]: Channel 'torchmaster:main' : Version test of '1' from client : ACCEPTED
[02May2025 18:49:49.330] [Netty Epoll Server IO #3/DEBUG] [net.minecraftforge.network.NetworkRegistry/NETREGISTRY]: Channel 'architectury:network' : Version test of '1' from client : ACCEPTED
[02May2025 18:49:49.330] [Netty Epoll Server IO #3/DEBUG] [net.minecraftforge.network.NetworkRegistry/NETREGISTRY]: Channel 'jei:channel' : Version test of '1.0.0' from client : ACCEPTED
[02May2025 18:49:49.330] [Netty Epoll Server IO #3/DEBUG] [net.minecraftforge.network.NetworkRegistry/NETREGISTRY]: Channel 'cookingforblockheads:network' : Version test of '1.0' from client : ACCEPTED
[02May2025 18:49:49.330] [Netty Epoll Server IO #3/DEBUG] [net.minecraftforge.network.NetworkRegistry/NETREGISTRY]: Channel 'carryon:carryonpackets' : Version test of '1.0' from client : ACCEPTED
[02May2025 18:49:49.330] [Netty Epoll Server IO #3/DEBUG] [net.minecraftforge.network.NetworkRegistry/NETREGISTRY]: Channel 'minecraft:unregister' : Version test of 'FML3' from client : ACCEPTED
[02May2025 18:49:49.330] [Netty Epoll Server IO #3/DEBUG] [net.minecraftforge.network.NetworkRegistry/NETREGISTRY]: Channel 'slugterra:slugterra' : Version test of '1' from client : ACCEPTED
[02May2025 18:49:49.330] [Netty Epoll Server IO #3/DEBUG] [net.minecraftforge.network.NetworkRegistry/NETREGISTRY]: Channel 'sophisticatedbackpacks:channel' : Version test of '1' from client : ACCEPTED
[02May2025 18:49:49.330] [Netty Epoll Server IO #3/DEBUG] [net.minecraftforge.network.NetworkRegistry/NETREGISTRY]: Channel 'citadel:main_channel' : Version test of '1' from client : ACCEPTED
[02May2025 18:49:49.330] [Netty Epoll Server IO #3/DEBUG] [net.minecraftforge.network.NetworkRegistry/NETREGISTRY]: Channel 'ad_astra:main' : Version test of '1' from client : ACCEPTED
[02May2025 18:49:49.332] [Netty Epoll Server IO #3/DEBUG] [net.minecraftforge.network.NetworkRegistry/NETREGISTRY]: Channel 'curios:main' : Version test of '1' from client : ACCEPTED
[02May2025 18:49:49.332] [Netty Epoll Server IO #3/DEBUG] [net.minecraftforge.network.NetworkRegistry/NETREGISTRY]: Channel 'placebo:placebo' : Version test of '1.0.0' from client : ACCEPTED
[02May2025 18:49:49.332] [Netty Epoll Server IO #3/DEBUG] [net.minecraftforge.network.NetworkRegistry/NETREGISTRY]: Channel 'appleskin:sync' : Version test of '1' from client : ACCEPTED
[02May2025 18:49:49.332] [Netty Epoll Server IO #3/DEBUG] [net.minecraftforge.network.NetworkRegistry/NETREGISTRY]: Channel 'fml:loginwrapper' : Version test of 'FML3' from client : ACCEPTED
[02May2025 18:49:49.332] [Netty Epoll Server IO #3/DEBUG] [net.minecraftforge.network.NetworkRegistry/NETREGISTRY]: Channel 'forge:tier_sorting' : Version test of '1.0' from client : ACCEPTED
[02May2025 18:49:49.332] [Netty Epoll Server IO #3/DEBUG] [net.minecraftforge.network.NetworkRegistry/NETREGISTRY]: Channel 'spectrelib:main' : Version test of '1' from client : ACCEPTED
[02May2025 18:49:49.332] [Netty Epoll Server IO #3/DEBUG] [net.minecraftforge.network.NetworkRegistry/NETREGISTRY]: Channel 'alexsmobs:main_channel' : Version test of '1' from client : ACCEPTED
[02May2025 18:49:49.332] [Netty Epoll Server IO #3/DEBUG] [net.minecraftforge.network.NetworkRegistry/NETREGISTRY]: Channel 'quark:main' : Version test of '4' from client : ACCEPTED
[02May2025 18:49:49.332] [Netty Epoll Server IO #3/DEBUG] [net.minecraftforge.network.NetworkRegistry/NETREGISTRY]: Channel 'realmrpg_quests:realmrpg_quests' : Version test of '1' from client : ACCEPTED
[02May2025 18:49:49.333] [Netty Epoll Server IO #3/DEBUG] [net.minecraftforge.network.NetworkRegistry/NETREGISTRY]: Channel 'trashslot:network' : Version test of '1.0' from client : ACCEPTED
[02May2025 18:49:49.333] [Netty Epoll Server IO #3/DEBUG] [net.minecraftforge.network.NetworkRegistry/NETREGISTRY]: Channel 'tombstone:tombstone_channel' : Version test of 'tombstone-8.9.4' from client : ACCEPTED
[02May2025 18:49:49.333] [Netty Epoll Server IO #3/DEBUG] [net.minecraftforge.network.NetworkRegistry/NETREGISTRY]: Channel 'playerrevive:main' : Version test of '1' from client : ACCEPTED
[02May2025 18:49:49.335] [Netty Epoll Server IO #3/DEBUG] [net.minecraftforge.network.NetworkRegistry/NETREGISTRY]: Channel 'mowziesmobs:net' : Version test of '1' from client : ACCEPTED
[02May2025 18:49:49.335] [Netty Epoll Server IO #3/DEBUG] [net.minecraftforge.network.NetworkRegistry/NETREGISTRY]: Channel 'relics:network' : Version test of '1.0' from client : ACCEPTED
[02May2025 18:49:49.335] [Netty Epoll Server IO #3/DEBUG] [net.minecraftforge.network.NetworkRegistry/NETREGISTRY]: Channel 'horrrs_pvz:horrrs_pvz' : Version test of '1' from client : ACCEPTED
[02May2025 18:49:49.335] [Netty Epoll Server IO #3/DEBUG] [net.minecraftforge.network.NetworkRegistry/NETREGISTRY]: Channel 'fml:play' : Version test of 'FML3' from client : ACCEPTED
[02May2025 18:49:49.335] [Netty Epoll Server IO #3/DEBUG] [net.minecraftforge.network.NetworkRegistry/NETREGISTRY]: Channel 'creativecore:main' : Version test of '1' from client : ACCEPTED
[02May2025 18:49:49.335] [Netty Epoll Server IO #3/DEBUG] [net.minecraftforge.network.NetworkRegistry/NETREGISTRY]: Channel 'sophisticatedcore:channel' : Version test of '1' from client : ACCEPTED
[02May2025 18:49:49.335] [Netty Epoll Server IO #3/DEBUG] [net.minecraftforge.network.NetworkRegistry/NETREGISTRY]: Channel 'fml:handshake' : Version test of 'FML3' from client : ACCEPTED
[02May2025 18:49:49.335] [Netty Epoll Server IO #3/DEBUG] [net.minecraftforge.network.NetworkRegistry/NETREGISTRY]: Channel 'ironchest:network' : Version test of '1' from client : ACCEPTED
[02May2025 18:49:49.335] [Netty Epoll Server IO #3/DEBUG] [net.minecraftforge.network.NetworkRegistry/NETREGISTRY]: Channel 'zeta:main' : Version test of '1' from client : ACCEPTED
[02May2025 18:49:49.335] [Netty Epoll Server IO #3/DEBUG] [net.minecraftforge.network.NetworkRegistry/NETREGISTRY]: Channel 'upgradedcore:main' : Version test of '1' from client : ACCEPTED
[02May2025 18:49:49.335] [Netty Epoll Server IO #3/DEBUG] [net.minecraftforge.network.NetworkRegistry/NETREGISTRY]: Channel 'ldlib:networking' : Version test of '0.0.1' from client : ACCEPTED
[02May2025 18:49:49.335] [Netty Epoll Server IO #3/DEBUG] [net.minecraftforge.network.NetworkRegistry/NETREGISTRY]: Channel 'minecraft:register' : Version test of 'FML3' from client : ACCEPTED
[02May2025 18:49:49.335] [Netty Epoll Server IO #3/DEBUG] [net.minecraftforge.network.NetworkRegistry/NETREGISTRY]: Channel 'photon:networking' : Version test of '0.0.1' from client : ACCEPTED
[02May2025 18:49:49.336] [Netty Epoll Server IO #3/DEBUG] [net.minecraftforge.network.NetworkRegistry/NETREGISTRY]: Channel 'forge:split' : Version test of '1.1' from client : ACCEPTED
[02May2025 18:49:49.336] [Netty Epoll Server IO #3/DEBUG] [net.minecraftforge.network.NetworkRegistry/NETREGISTRY]: Channel 'geckolib:main' : Version test of '1' from client : ACCEPTED
[02May2025 18:49:49.336] [Netty Epoll Server IO #3/DEBUG] [net.minecraftforge.network.NetworkRegistry/NETREGISTRY]: Channel 'waystones:network' : Version test of '1.0' from client : ACCEPTED
[02May2025 18:49:49.336] [Netty Epoll Server IO #3/DEBUG] [net.minecraftforge.network.NetworkRegistry/NETREGISTRY]: Channel 'moonlight:channel' : Version test of '0' from client : ACCEPTED
[02May2025 18:49:49.336] [Netty Epoll Server IO #3/DEBUG] [net.minecraftforge.network.NetworkRegistry/NETREGISTRY]: Channel 'jade:networking' : Version test of '2' from client : ACCEPTED
[02May2025 18:49:49.336] [Netty Epoll Server IO #3/DEBUG] [net.minecraftforge.network.NetworkRegistry/NETREGISTRY]: Accepting channel list from client
[02May2025 18:49:49.336] [Netty Epoll Server IO #3/DEBUG] [net.minecraftforge.network.HandshakeHandler/FMLHANDSHAKE]: Accepted client connection mod list
[02May2025 18:49:49.341] [Server thread/DEBUG] [net.minecraftforge.network.HandshakeHandler/FMLHANDSHAKE]: Sending ticking packet info 'Registry minecraft:sound_event' to 'fml:handshake' sequence 4
[02May2025 18:49:49.405] [Netty Epoll Server IO #3/DEBUG] [net.minecraftforge.network.LoginWrapper/FMLHANDSHAKE]: Recieved login wrapper packet event for channel fml:handshake with index 2
[02May2025 18:49:49.406] [Netty Epoll Server IO #3/DEBUG] [net.minecraftforge.network.HandshakeHandler/FMLHANDSHAKE]: Received client indexed reply 2 of type net.minecraftforge.network.HandshakeMessages$C2SAcknowledge
[02May2025 18:49:49.406] [Netty Epoll Server IO #3/DEBUG] [net.minecraftforge.network.HandshakeHandler/FMLHANDSHAKE]: Received acknowledgement from client
[02May2025 18:49:49.411] [Server thread/DEBUG] [net.minecraftforge.network.HandshakeHandler/FMLHANDSHAKE]: Sending ticking packet info 'Registry minecraft:particle_type' to 'fml:handshake' sequence 5
[02May2025 18:49:49.422] [Netty Epoll Server IO #3/DEBUG] [net.minecraftforge.network.LoginWrapper/FMLHANDSHAKE]: Recieved login wrapper packet event for channel fml:handshake with index 3
[02May2025 18:49:49.422] [Netty Epoll Server IO #3/DEBUG] [net.minecraftforge.network.HandshakeHandler/FMLHANDSHAKE]: Received client indexed reply 3 of type net.minecraftforge.network.HandshakeMessages$C2SAcknowledge
[02May2025 18:49:49.422] [Netty Epoll Server IO #3/DEBUG] [net.minecraftforge.network.HandshakeHandler/FMLHANDSHAKE]: Received acknowledgement from client
[02May2025 18:49:49.461] [Server thread/DEBUG] [net.minecraftforge.network.HandshakeHandler/FMLHANDSHAKE]: Sending ticking packet info 'Registry minecraft:villager_profession' to 'fml:handshake' sequence 6
[02May2025 18:49:49.510] [Server thread/DEBUG] [net.minecraftforge.network.HandshakeHandler/FMLHANDSHAKE]: Sending ticking packet info 'Registry minecraft:item' to 'fml:handshake' sequence 7
[02May2025 18:49:49.575] [Server thread/DEBUG] [net.minecraftforge.network.HandshakeHandler/FMLHANDSHAKE]: Sending ticking packet info 'Registry minecraft:potion' to 'fml:handshake' sequence 8
[02May2025 18:49:49.663] [Server thread/DEBUG] [net.minecraftforge.network.HandshakeHandler/FMLHANDSHAKE]: Sending ticking packet info 'Registry minecraft:painting_variant' to 'fml:handshake' sequence 9
[02May2025 18:49:49.712] [Server thread/DEBUG] [net.minecraftforge.network.HandshakeHandler/FMLHANDSHAKE]: Sending ticking packet info 'Registry forge:fluid_type' to 'fml:handshake' sequence 10
[02May2025 18:49:49.779] [Server thread/DEBUG] [net.minecraftforge.network.HandshakeHandler/FMLHANDSHAKE]: Sending ticking packet info 'Registry minecraft:block_entity_type' to 'fml:handshake' sequence 11
[02May2025 18:49:49.843] [Netty Epoll Server IO #3/DEBUG] [net.minecraftforge.network.LoginWrapper/FMLHANDSHAKE]: Recieved login wrapper packet event for channel fml:handshake with index 4
[02May2025 18:49:49.844] [Netty Epoll Server IO #3/DEBUG] [net.minecraftforge.network.HandshakeHandler/FMLHANDSHAKE]: Received client indexed reply 4 of type net.minecraftforge.network.HandshakeMessages$C2SAcknowledge
[02May2025 18:49:49.844] [Netty Epoll Server IO #3/DEBUG] [net.minecraftforge.network.HandshakeHandler/FMLHANDSHAKE]: Received acknowledgement from client
[02May2025 18:49:49.844] [Netty Epoll Server IO #3/DEBUG] [net.minecraftforge.network.LoginWrapper/FMLHANDSHAKE]: Recieved login wrapper packet event for channel fml:handshake with index 5
[02May2025 18:49:49.844] [Netty Epoll Server IO #3/DEBUG] [net.minecraftforge.network.HandshakeHandler/FMLHANDSHAKE]: Received client indexed reply 5 of type net.minecraftforge.network.HandshakeMessages$C2SAcknowledge
[02May2025 18:49:49.844] [Netty Epoll Server IO #3/DEBUG] [net.minecraftforge.network.HandshakeHandler/FMLHANDSHAKE]: Received acknowledgement from client
[02May2025 18:49:49.844] [Netty Epoll Server IO #3/DEBUG] [net.minecraftforge.network.LoginWrapper/FMLHANDSHAKE]: Recieved login wrapper packet event for channel fml:handshake with index 6
[02May2025 18:49:49.844] [Netty Epoll Server IO #3/DEBUG] [net.minecraftforge.network.HandshakeHandler/FMLHANDSHAKE]: Received client indexed reply 6 of type net.minecraftforge.network.HandshakeMessages$C2SAcknowledge
[02May2025 18:49:49.844] [Netty Epoll Server IO #3/DEBUG] [net.minecraftforge.network.HandshakeHandler/FMLHANDSHAKE]: Received acknowledgement from client
[02May2025 18:49:49.843] [Server thread/DEBUG] [net.minecraftforge.network.HandshakeHandler/FMLHANDSHAKE]: Sending ticking packet info 'Registry forge:display_contexts' to 'fml:handshake' sequence 12
[02May2025 18:49:49.896] [Server thread/DEBUG] [net.minecraftforge.network.HandshakeHandler/FMLHANDSHAKE]: Sending ticking packet info 'Registry minecraft:block' to 'fml:handshake' sequence 13
[02May2025 18:49:49.941] [Server thread/DEBUG] [net.minecraftforge.network.HandshakeHandler/FMLHANDSHAKE]: Sending ticking packet info 'Registry forge:entity_data_serializers' to 'fml:handshake' sequence 14
[02May2025 18:49:50.002] [Server thread/DEBUG] [net.minecraftforge.network.HandshakeHandler/FMLHANDSHAKE]: Sending ticking packet info 'Registry minecraft:mob_effect' to 'fml:handshake' sequence 15
[02May2025 18:49:50.051] [Server thread/DEBUG] [net.minecraftforge.network.HandshakeHandler/FMLHANDSHAKE]: Sending ticking packet info 'Registry minecraft:stat_type' to 'fml:handshake' sequence 16
[02May2025 18:49:50.056] [Netty Epoll Server IO #3/DEBUG] [net.minecraftforge.network.LoginWrapper/FMLHANDSHAKE]: Recieved login wrapper packet event for channel fml:handshake with index 7
[02May2025 18:49:50.056] [Netty Epoll Server IO #3/DEBUG] [net.minecraftforge.network.HandshakeHandler/FMLHANDSHAKE]: Received client indexed reply 7 of type net.minecraftforge.network.HandshakeMessages$C2SAcknowledge
[02May2025 18:49:50.056] [Netty Epoll Server IO #3/DEBUG] [net.minecraftforge.network.HandshakeHandler/FMLHANDSHAKE]: Received acknowledgement from client
[02May2025 18:49:50.061] [Netty Epoll Server IO #3/DEBUG] [net.minecraftforge.network.LoginWrapper/FMLHANDSHAKE]: Recieved login wrapper packet event for channel fml:handshake with index 8
[02May2025 18:49:50.061] [Netty Epoll Server IO #3/DEBUG] [net.minecraftforge.network.HandshakeHandler/FMLHANDSHAKE]: Received client indexed reply 8 of type net.minecraftforge.network.HandshakeMessages$C2SAcknowledge
[02May2025 18:49:50.062] [Netty Epoll Server IO #3/DEBUG] [net.minecraftforge.network.HandshakeHandler/FMLHANDSHAKE]: Received acknowledgement from client
[02May2025 18:49:50.062] [Netty Epoll Server IO #3/DEBUG] [net.minecraftforge.network.LoginWrapper/FMLHANDSHAKE]: Recieved login wrapper packet event for channel fml:handshake with index 9
[02May2025 18:49:50.062] [Netty Epoll Server IO #3/DEBUG] [net.minecraftforge.network.HandshakeHandler/FMLHANDSHAKE]: Received client indexed reply 9 of type net.minecraftforge.network.HandshakeMessages$C2SAcknowledge
[02May2025 18:49:50.062] [Netty Epoll Server IO #3/DEBUG] [net.minecraftforge.network.HandshakeHandler/FMLHANDSHAKE]: Received acknowledgement from client
[02May2025 18:49:50.062] [Netty Epoll Server IO #3/DEBUG] [net.minecraftforge.network.LoginWrapper/FMLHANDSHAKE]: Recieved login wrapper packet event for channel fml:handshake with index 10
[02May2025 18:49:50.062] [Netty Epoll Server IO #3/DEBUG] [net.minecraftforge.network.HandshakeHandler/FMLHANDSHAKE]: Received client indexed reply 10 of type net.minecraftforge.network.HandshakeMessages$C2SAcknowledge
[02May2025 18:49:50.062] [Netty Epoll Server IO #3/DEBUG] [net.minecraftforge.network.HandshakeHandler/FMLHANDSHAKE]: Received acknowledgement from client
[02May2025 18:49:50.066] [Netty Epoll Server IO #3/DEBUG] [net.minecraftforge.network.LoginWrapper/FMLHANDSHAKE]: Recieved login wrapper packet event for channel fml:handshake with index 11
[02May2025 18:49:50.067] [Netty Epoll Server IO #3/DEBUG] [net.minecraftforge.network.HandshakeHandler/FMLHANDSHAKE]: Received client indexed reply 11 of type net.minecraftforge.network.HandshakeMessages$C2SAcknowledge
[02May2025 18:49:50.067] [Netty Epoll Server IO #3/DEBUG] [net.minecraftforge.network.HandshakeHandler/FMLHANDSHAKE]: Received acknowledgement from client
[02May2025 18:49:50.067] [Netty Epoll Server IO #3/DEBUG] [net.minecraftforge.network.LoginWrapper/FMLHANDSHAKE]: Recieved login wrapper packet event for channel fml:handshake with index 12
[02May2025 18:49:50.067] [Netty Epoll Server IO #3/DEBUG] [net.minecraftforge.network.HandshakeHandler/FMLHANDSHAKE]: Received client indexed reply 12 of type net.minecraftforge.network.HandshakeMessages$C2SAcknowledge
[02May2025 18:49:50.067] [Netty Epoll Server IO #3/DEBUG] [net.minecraftforge.network.HandshakeHandler/FMLHANDSHAKE]: Received acknowledgement from client
[02May2025 18:49:50.083] [Netty Epoll Server IO #3/DEBUG] [net.minecraftforge.network.LoginWrapper/FMLHANDSHAKE]: Recieved login wrapper packet event for channel fml:handshake with index 13
[02May2025 18:49:50.083] [Netty Epoll Server IO #3/DEBUG] [net.minecraftforge.network.HandshakeHandler/FMLHANDSHAKE]: Received client indexed reply 13 of type net.minecraftforge.network.HandshakeMessages$C2SAcknowledge
[02May2025 18:49:50.084] [Netty Epoll Server IO #3/DEBUG] [net.minecraftforge.network.HandshakeHandler/FMLHANDSHAKE]: Received acknowledgement from client
[02May2025 18:49:50.104] [Netty Epoll Server IO #3/DEBUG] [net.minecraftforge.network.LoginWrapper/FMLHANDSHAKE]: Recieved login wrapper packet event for channel fml:handshake with index 14
[02May2025 18:49:50.104] [Netty Epoll Server IO #3/DEBUG] [net.minecraftforge.network.HandshakeHandler/FMLHANDSHAKE]: Received client indexed reply 14 of type net.minecraftforge.network.HandshakeMessages$C2SAcknowledge
[02May2025 18:49:50.105] [Netty Epoll Server IO #3/DEBUG] [net.minecraftforge.network.HandshakeHandler/FMLHANDSHAKE]: Received acknowledgement from client
[02May2025 18:49:50.120] [Server thread/DEBUG] [net.minecraftforge.network.HandshakeHandler/FMLHANDSHAKE]: Sending ticking packet info 'Registry tombstone:perks' to 'fml:handshake' sequence 17
[02May2025 18:49:50.165] [Netty Epoll Server IO #3/DEBUG] [net.minecraftforge.network.LoginWrapper/FMLHANDSHAKE]: Recieved login wrapper packet event for channel fml:handshake with index 15
[02May2025 18:49:50.165] [Netty Epoll Server IO #3/DEBUG] [net.minecraftforge.network.HandshakeHandler/FMLHANDSHAKE]: Received client indexed reply 15 of type net.minecraftforge.network.HandshakeMessages$C2SAcknowledge
[02May2025 18:49:50.165] [Netty Epoll Server IO #3/DEBUG] [net.minecraftforge.network.HandshakeHandler/FMLHANDSHAKE]: Received acknowledgement from client
[02May2025 18:49:50.169] [Server thread/DEBUG] [net.minecraftforge.network.HandshakeHandler/FMLHANDSHAKE]: Sending ticking packet info 'Registry minecraft:menu' to 'fml:handshake' sequence 18
[02May2025 18:49:50.211] [Netty Epoll Server IO #3/DEBUG] [net.minecraftforge.network.LoginWrapper/FMLHANDSHAKE]: Recieved login wrapper packet event for channel fml:handshake with index 16
[02May2025 18:49:50.211] [Netty Epoll Server IO #3/DEBUG] [net.minecraftforge.network.HandshakeHandler/FMLHANDSHAKE]: Received client indexed reply 16 of type net.minecraftforge.network.HandshakeMessages$C2SAcknowledge
[02May2025 18:49:50.211] [Netty Epoll Server IO #3/DEBUG] [net.minecraftforge.network.HandshakeHandler/FMLHANDSHAKE]: Received acknowledgement from client
[02May2025 18:49:50.216] [Server thread/DEBUG] [net.minecraftforge.network.HandshakeHandler/FMLHANDSHAKE]: Sending ticking packet info 'Registry minecraft:enchantment' to 'fml:handshake' sequence 19
[02May2025 18:49:50.254] [Server thread/DEBUG] [net.minecraftforge.network.HandshakeHandler/FMLHANDSHAKE]: Sending ticking packet info 'Registry minecraft:fluid' to 'fml:handshake' sequence 20
[02May2025 18:49:50.284] [Netty Epoll Server IO #3/DEBUG] [net.minecraftforge.network.LoginWrapper/FMLHANDSHAKE]: Recieved login wrapper packet event for channel fml:handshake with index 17
[02May2025 18:49:50.284] [Netty Epoll Server IO #3/DEBUG] [net.minecraftforge.network.HandshakeHandler/FMLHANDSHAKE]: Received client indexed reply 17 of type net.minecraftforge.network.HandshakeMessages$C2SAcknowledge
[02May2025 18:49:50.284] [Netty Epoll Server IO #3/DEBUG] [net.minecraftforge.network.HandshakeHandler/FMLHANDSHAKE]: Received acknowledgement from client
[02May2025 18:49:50.313] [Server thread/DEBUG] [net.minecraftforge.network.HandshakeHandler/FMLHANDSHAKE]: Sending ticking packet info 'Registry minecraft:entity_type' to 'fml:handshake' sequence 21
[02May2025 18:49:50.347] [Netty Epoll Server IO #3/DEBUG] [net.minecraftforge.network.LoginWrapper/FMLHANDSHAKE]: Recieved login wrapper packet event for channel fml:handshake with index 18
[02May2025 18:49:50.347] [Netty Epoll Server IO #3/DEBUG] [net.minecraftforge.network.HandshakeHandler/FMLHANDSHAKE]: Received client indexed reply 18 of type net.minecraftforge.network.HandshakeMessages$C2SAcknowledge
[02May2025 18:49:50.348] [Netty Epoll Server IO #3/DEBUG] [net.minecraftforge.network.HandshakeHandler/FMLHANDSHAKE]: Received acknowledgement from client
[02May2025 18:49:50.359] [Server thread/DEBUG] [net.minecraftforge.network.HandshakeHandler/FMLHANDSHAKE]: Sending ticking packet info 'Config curios-server.toml' to 'fml:handshake' sequence 22
[02May2025 18:49:50.381] [Netty Epoll Server IO #3/DEBUG] [net.minecraftforge.network.LoginWrapper/FMLHANDSHAKE]: Recieved login wrapper packet event for channel fml:handshake with index 19
[02May2025 18:49:50.381] [Netty Epoll Server IO #3/DEBUG] [net.minecraftforge.network.HandshakeHandler/FMLHANDSHAKE]: Received client indexed reply 19 of type net.minecraftforge.network.HandshakeMessages$C2SAcknowledge
[02May2025 18:49:50.381] [Netty Epoll Server IO #3/DEBUG] [net.minecraftforge.network.HandshakeHandler/FMLHANDSHAKE]: Received acknowledgement from client
[02May2025 18:49:50.415] [Netty Epoll Server IO #3/DEBUG] [net.minecraftforge.network.LoginWrapper/FMLHANDSHAKE]: Recieved login wrapper packet event for channel fml:handshake with index 20
[02May2025 18:49:50.415] [Netty Epoll Server IO #3/DEBUG] [net.minecraftforge.network.HandshakeHandler/FMLHANDSHAKE]: Received client indexed reply 20 of type net.minecraftforge.network.HandshakeMessages$C2SAcknowledge
[02May2025 18:49:50.415] [Netty Epoll Server IO #3/DEBUG] [net.minecraftforge.network.HandshakeHandler/FMLHANDSHAKE]: Received acknowledgement from client
[02May2025 18:49:50.422] [Server thread/DEBUG] [net.minecraftforge.network.HandshakeHandler/FMLHANDSHAKE]: Sending ticking packet info 'Config tombstone-server.toml' to 'fml:handshake' sequence 23
[02May2025 18:49:50.468] [Server thread/DEBUG] [net.minecraftforge.network.HandshakeHandler/FMLHANDSHAKE]: Sending ticking packet info 'Config sophisticatedbackpacks-server.toml' to 'fml:handshake' sequence 24
[02May2025 18:49:50.524] [Server thread/DEBUG] [net.minecraftforge.network.HandshakeHandler/FMLHANDSHAKE]: Sending ticking packet info 'Config jei-server.toml' to 'fml:handshake' sequence 25
[02May2025 18:49:50.559] [Server thread/DEBUG] [net.minecraftforge.network.HandshakeHandler/FMLHANDSHAKE]: Sending ticking packet info 'Config forge-server.toml' to 'fml:handshake' sequence 26
[02May2025 18:49:50.623] [Server thread/DEBUG] [net.minecraftforge.network.HandshakeHandler/FMLHANDSHAKE]: Sending ticking packet info 'org.violetmoon.zeta.network.message.S2CLoginFlag' to 'zeta:main' sequence 27
[02May2025 18:49:57.243] [Netty Epoll Server IO #3/DEBUG] [net.minecraftforge.network.LoginWrapper/FMLHANDSHAKE]: Recieved login wrapper packet event for channel fml:handshake with index 21
[02May2025 18:49:57.244] [Netty Epoll Server IO #3/DEBUG] [net.minecraftforge.network.HandshakeHandler/FMLHANDSHAKE]: Received client indexed reply 21 of type net.minecraftforge.network.HandshakeMessages$C2SAcknowledge
[02May2025 18:49:57.244] [Netty Epoll Server IO #3/DEBUG] [net.minecraftforge.network.HandshakeHandler/FMLHANDSHAKE]: Received acknowledgement from client
[02May2025 18:49:57.270] [Netty Epoll Server IO #3/DEBUG] [net.minecraftforge.network.LoginWrapper/FMLHANDSHAKE]: Recieved login wrapper packet event for channel fml:handshake with index 22
[02May2025 18:49:57.271] [Netty Epoll Server IO #3/DEBUG] [net.minecraftforge.network.HandshakeHandler/FMLHANDSHAKE]: Received client indexed reply 22 of type net.minecraftforge.network.HandshakeMessages$C2SAcknowledge
[02May2025 18:49:57.271] [Netty Epoll Server IO #3/DEBUG] [net.minecraftforge.network.HandshakeHandler/FMLHANDSHAKE]: Received acknowledgement from client
[02May2025 18:49:57.282] [Netty Epoll Server IO #3/DEBUG] [net.minecraftforge.network.LoginWrapper/FMLHANDSHAKE]: Recieved login wrapper packet event for channel fml:handshake with index 23
[02May2025 18:49:57.282] [Netty Epoll Server IO #3/DEBUG] [net.minecraftforge.network.HandshakeHandler/FMLHANDSHAKE]: Received client indexed reply 23 of type net.minecraftforge.network.HandshakeMessages$C2SAcknowledge
[02May2025 18:49:57.282] [Netty Epoll Server IO #3/DEBUG] [net.minecraftforge.network.HandshakeHandler/FMLHANDSHAKE]: Received acknowledgement from client
[02May2025 18:49:57.282] [Netty Epoll Server IO #3/DEBUG] [net.minecraftforge.network.LoginWrapper/FMLHANDSHAKE]: Recieved login wrapper packet event for channel fml:handshake with index 24
[02May2025 18:49:57.282] [Netty Epoll Server IO #3/DEBUG] [net.minecraftforge.network.HandshakeHandler/FMLHANDSHAKE]: Received client indexed reply 24 of type net.minecraftforge.network.HandshakeMessages$C2SAcknowledge
[02May2025 18:49:57.282] [Netty Epoll Server IO #3/DEBUG] [net.minecraftforge.network.HandshakeHandler/FMLHANDSHAKE]: Received acknowledgement from client
[02May2025 18:49:57.282] [Netty Epoll Server IO #3/DEBUG] [net.minecraftforge.network.LoginWrapper/FMLHANDSHAKE]: Recieved login wrapper packet event for channel fml:handshake with index 25
[02May2025 18:49:57.282] [Netty Epoll Server IO #3/DEBUG] [net.minecraftforge.network.HandshakeHandler/FMLHANDSHAKE]: Received client indexed reply 25 of type net.minecraftforge.network.HandshakeMessages$C2SAcknowledge
[02May2025 18:49:57.282] [Netty Epoll Server IO #3/DEBUG] [net.minecraftforge.network.HandshakeHandler/FMLHANDSHAKE]: Received acknowledgement from client
[02May2025 18:49:57.289] [Netty Epoll Server IO #3/DEBUG] [net.minecraftforge.network.LoginWrapper/FMLHANDSHAKE]: Recieved login wrapper packet event for channel fml:handshake with index 26
[02May2025 18:49:57.290] [Netty Epoll Server IO #3/DEBUG] [net.minecraftforge.network.HandshakeHandler/FMLHANDSHAKE]: Received client indexed reply 26 of type net.minecraftforge.network.HandshakeMessages$C2SAcknowledge
[02May2025 18:49:57.290] [Netty Epoll Server IO #3/DEBUG] [net.minecraftforge.network.HandshakeHandler/FMLHANDSHAKE]: Received acknowledgement from client
[02May2025 18:49:57.294] [Netty Epoll Server IO #3/DEBUG] [net.minecraftforge.network.LoginWrapper/FMLHANDSHAKE]: Recieved login wrapper packet event for channel zeta:main with index 27
[02May2025 18:49:57.295] [Netty Epoll Server IO #3/DEBUG] [net.minecraftforge.network.HandshakeHandler/FMLHANDSHAKE]: Received client indexed reply 27 of type org.violetmoon.zeta.network.message.C2SLoginFlag
[02May2025 18:49:57.345] [Server thread/DEBUG] [net.minecraftforge.network.HandshakeHandler/FMLHANDSHAKE]: Handshake complete!
[02May2025 18:49:57.502] [Server thread/INFO] [net.minecraft.server.players.PlayerList/]: edinson123pro[/100.84.66.53:53727] logged in with entity id 2870 at (-33.33270063731253, 74.0, -19.655052129266558)
[02May2025 18:49:57.504] [Server thread/DEBUG] [net.minecraftforge.network.filters.NetworkFilters/]: Injected net.minecraftforge.network.filters.ForgeConnectionNetworkFilter@4b9146d1 into net.minecraft.network.Connection@3d44b919
[02May2025 18:49:57.532] [Server thread/INFO] [net.minecraft.server.MinecraftServer/]: edinson123pro joined the game
[02May2025 18:49:57.666] [Server thread/INFO] [Jade/]: Syncing config to edinson123pro (ede081c3-12e9-3b7d-ab6c-40ddb76daa7f)
[02May2025 18:50:08.088] [Server thread/WARN] [net.minecraft.server.MinecraftServer/]: Can't keep up! Is the server overloaded? Running 6690ms or 133 ticks behind
[02May2025 18:50:27.575] [Server thread/WARN] [net.minecraft.server.MinecraftServer/]: Can't keep up! Is the server overloaded? Running 4528ms or 90 ticks behind
[02May2025 18:50:31.921] [Server thread/INFO] [net.minecraft.server.MinecraftServer/]: edinson123pro has made the advancement [Simple Farming]
[02May2025 18:50:32.527] [Server thread/INFO] [net.minecraft.server.MinecraftServer/]: edinson123pro has made the advancement [Crops of the Wild]
[02May2025 18:50:46.263] [Server thread/WARN] [net.minecraft.server.MinecraftServer/]: Can't keep up! Is the server overloaded? Running 3716ms or 74 ticks behind
[02May2025 18:51:03.675] [Server thread/WARN] [net.minecraft.server.MinecraftServer/]: Can't keep up! Is the server overloaded? Running 2428ms or 48 ticks behind
[02May2025 18:51:07.648] [Server thread/DEBUG] [net.minecraftforge.common.ForgeHooks/WP]: Gathering id map for writing to world save world
[02May2025 18:51:07.733] [Server thread/DEBUG] [net.minecraftforge.common.ForgeHooks/WP]: ID Map collection complete world
[02May2025 18:51:22.434] [Worker-Main-17/WARN] [net.minecraft.world.level.levelgen.structure.pools.JigsawPlacement/]: Empty or non-existent pool: minecraft:miner_main_room_pool
[02May2025 18:51:22.441] [Worker-Main-17/WARN] [net.minecraft.world.level.levelgen.structure.pools.JigsawPlacement/]: Empty or non-existent pool: minecraft:miner_additions_1_pool
[02May2025 18:51:22.442] [Worker-Main-17/WARN] [net.minecraft.world.level.levelgen.structure.pools.JigsawPlacement/]: Empty or non-existent pool: minecraft:miner_additions_2_pool
[02May2025 18:51:22.442] [Worker-Main-17/WARN] [net.minecraft.world.level.levelgen.structure.pools.JigsawPlacement/]: Empty or non-existent pool: minecraft:miner_additions_3_pool
[02May2025 18:51:23.947] [Server thread/WARN] [net.minecraft.server.MinecraftServer/]: Can't keep up! Is the server overloaded? Running 5299ms or 105 ticks behind
[02May2025 18:51:41.483] [Server thread/WARN] [net.minecraft.server.MinecraftServer/]: Can't keep up! Is the server overloaded? Running 2585ms or 51 ticks behind
[02May2025 18:51:42.860] [Server thread/INFO] [net.minecraft.server.MinecraftServer/]: Sung_Jinwoo has made the advancement [Ice Bucket Challenge]
[02May2025 18:52:07.923] [Server thread/INFO] [net.minecraft.server.MinecraftServer/]: [Sung_Jinwoo: Teleported edinson123pro to Sung_Jinwoo]
[02May2025 18:52:13.653] [Server thread/INFO] [net.minecraft.server.MinecraftServer/]: [Sung_Jinwoo: Teleported DarkJunior to Sung_Jinwoo]
[02May2025 18:52:56.221] [Server thread/INFO] [net.minecraft.server.MinecraftServer/]: DarkJunior has made the advancement [Getting an Upgrade]
[02May2025 18:54:22.408] [Server thread/INFO] [net.minecraft.server.MinecraftServer/]: DarkJunior has made the advancement [We Need to Go Deeper]
[02May2025 18:54:22.491] [Worker-Main-16/DEBUG] [mixin/]: Mixing NetherFortressPiecesMixin from quark.mixins.json into net.minecraft.world.level.levelgen.structure.structures.NetherFortressPieces
[02May2025 18:54:24.514] [Server thread/WARN] [net.minecraft.server.network.ServerGamePacketListenerImpl/]: Sung_Jinwoo moved too quickly! 0.7967081319261524,-4.535840625044557,8.952696385183344
[02May2025 18:54:24.525] [Server thread/WARN] [net.minecraft.server.MinecraftServer/]: Can't keep up! Is the server overloaded? Running 5277ms or 105 ticks behind
[02May2025 18:54:29.327] [Server thread/INFO] [net.minecraft.server.MinecraftServer/]: edinson123pro has made the advancement [Stone Age]
[02May2025 18:54:43.229] [Server thread/INFO] [net.minecraft.server.MinecraftServer/]: edinson123pro has made the advancement [Getting an Upgrade]
[02May2025 18:56:18.993] [Server thread/DEBUG] [net.minecraftforge.common.ForgeHooks/WP]: Gathering id map for writing to world save world
[02May2025 18:56:19.010] [Server thread/DEBUG] [net.minecraftforge.common.ForgeHooks/WP]: ID Map collection complete world
[02May2025 18:57:43.368] [Server thread/INFO] [net.minecraft.server.MinecraftServer/]: edinson123pro has made the advancement [Acquire Hardware]
[02May2025 18:57:55.514] [Server thread/INFO] [net.minecraft.server.network.ServerGamePacketListenerImpl/]: DarkJunior lost connection: Disconnected
[02May2025 18:57:55.514] [Server thread/INFO] [net.minecraft.server.MinecraftServer/]: DarkJunior left the game
[02May2025 18:58:09.329] [Server thread/INFO] [net.minecraft.server.MinecraftServer/]: edinson123pro has made the advancement [Isn't It Iron Pick]
[02May2025 18:58:09.674] [Server thread/INFO] [net.minecraft.server.MinecraftServer/]: Sung_Jinwoo has made the advancement [Isn't It Iron Pick]
[02May2025 18:59:11.715] [Server thread/INFO] [net.minecraft.server.MinecraftServer/]: [Sung_Jinwoo: Teleported edinson123pro to Sung_Jinwoo]
[02May2025 18:59:33.180] [Server thread/INFO] [net.minecraft.server.MinecraftServer/]: edinson123pro has made the advancement [Monster Hunter]
[02May2025 19:00:29.740] [Netty Epoll Server IO #1/DEBUG] [net.minecraftforge.network.HandshakeHandler/FMLHANDSHAKE]: Starting new modded impl connection. Found 28 messages to dispatch.
[02May2025 19:00:29.764] [Server thread/DEBUG] [net.minecraftforge.network.HandshakeHandler/FMLHANDSHAKE]: Sending ticking packet info 'net.minecraftforge.network.HandshakeMessages$S2CModData' to 'fml:handshake' sequence 0
[02May2025 19:00:29.818] [Server thread/DEBUG] [net.minecraftforge.network.HandshakeHandler/FMLHANDSHAKE]: Sending ticking packet info 'net.minecraftforge.network.HandshakeMessages$S2CModList' to 'fml:handshake' sequence 1
[02May2025 19:00:29.863] [Server thread/DEBUG] [net.minecraftforge.network.HandshakeHandler/FMLHANDSHAKE]: Sending ticking packet info 'Registry minecraft:command_argument_type' to 'fml:handshake' sequence 2
[02May2025 19:00:29.914] [Server thread/DEBUG] [net.minecraftforge.network.HandshakeHandler/FMLHANDSHAKE]: Sending ticking packet info 'Registry minecraft:recipe_serializer' to 'fml:handshake' sequence 3
[02May2025 19:00:29.958] [Netty Epoll Server IO #1/DEBUG] [net.minecraftforge.network.LoginWrapper/FMLHANDSHAKE]: Recieved login wrapper packet event for channel fml:handshake with index 1
[02May2025 19:00:29.958] [Netty Epoll Server IO #1/DEBUG] [net.minecraftforge.network.HandshakeHandler/FMLHANDSHAKE]: Received client indexed reply 1 of type net.minecraftforge.network.HandshakeMessages$C2SModListReply
[02May2025 19:00:29.958] [Netty Epoll Server IO #1/DEBUG] [net.minecraftforge.network.HandshakeHandler/FMLHANDSHAKE]: Received client connection with modlist [betterdungeons, mowziesmobs, kuma_api, trashslot, geckolib, botarium, jei, libraryferret, sophisticatedcore, waystones, cookingforblockheads, placebo, comforts, citadel, alexsmobs, artifacts, yungsapi, mixinextras, horrrs_pvz, glitchcore, sophisticatedbackpacks, relics, ldlib, balm, carryon, cloth_config, forge, tlskincape, ironchest, minecraft, slugterra, farmersdelight, torchmaster, terrablender, moonlight, biomesoplenty, mixinsquared, jade, creativecore, spectrelib, simplefarming, resourcefulconfig, kotlinforforge, curios, zeta, quark, supplementaries, bettervillage, inventoryhud, betterstrongholds, tombstone, resourcefullib, upgradedcore, architectury, octolib, appleskin, aiimprovements, photon, expandability, bettermineshafts, realmrpg_quests, playerrevive, nebs, ad_astra]
[02May2025 19:00:29.958] [Netty Epoll Server IO #1/DEBUG] [net.minecraftforge.network.NetworkRegistry/NETREGISTRY]: Channel 'supplementaries:channel' : Version test of '0' from client : ACCEPTED
[02May2025 19:00:29.958] [Netty Epoll Server IO #1/DEBUG] [net.minecraftforge.network.NetworkRegistry/NETREGISTRY]: Channel 'comforts:main' : Version test of '1' from client : ACCEPTED
[02May2025 19:00:29.958] [Netty Epoll Server IO #1/DEBUG] [net.minecraftforge.network.NetworkRegistry/NETREGISTRY]: Channel 'torchmaster:main' : Version test of '1' from client : ACCEPTED
[02May2025 19:00:29.958] [Netty Epoll Server IO #1/DEBUG] [net.minecraftforge.network.NetworkRegistry/NETREGISTRY]: Channel 'architectury:network' : Version test of '1' from client : ACCEPTED
[02May2025 19:00:29.958] [Netty Epoll Server IO #1/DEBUG] [net.minecraftforge.network.NetworkRegistry/NETREGISTRY]: Channel 'jei:channel' : Version test of '1.0.0' from client : ACCEPTED
[02May2025 19:00:29.958] [Netty Epoll Server IO #1/DEBUG] [net.minecraftforge.network.NetworkRegistry/NETREGISTRY]: Channel 'cookingforblockheads:network' : Version test of '1.0' from client : ACCEPTED
[02May2025 19:00:29.958] [Netty Epoll Server IO #1/DEBUG] [net.minecraftforge.network.NetworkRegistry/NETREGISTRY]: Channel 'carryon:carryonpackets' : Version test of '1.0' from client : ACCEPTED
[02May2025 19:00:29.958] [Netty Epoll Server IO #1/DEBUG] [net.minecraftforge.network.NetworkRegistry/NETREGISTRY]: Channel 'minecraft:unregister' : Version test of 'FML3' from client : ACCEPTED
[02May2025 19:00:29.958] [Netty Epoll Server IO #1/DEBUG] [net.minecraftforge.network.NetworkRegistry/NETREGISTRY]: Channel 'slugterra:slugterra' : Version test of '1' from client : ACCEPTED
[02May2025 19:00:29.958] [Netty Epoll Server IO #1/DEBUG] [net.minecraftforge.network.NetworkRegistry/NETREGISTRY]: Channel 'sophisticatedbackpacks:channel' : Version test of '1' from client : ACCEPTED
[02May2025 19:00:29.958] [Netty Epoll Server IO #1/DEBUG] [net.minecraftforge.network.NetworkRegistry/NETREGISTRY]: Channel 'citadel:main_channel' : Version test of '1' from client : ACCEPTED
[02May2025 19:00:29.958] [Netty Epoll Server IO #1/DEBUG] [net.minecraftforge.network.NetworkRegistry/NETREGISTRY]: Channel 'ad_astra:main' : Version test of '1' from client : ACCEPTED
[02May2025 19:00:29.958] [Netty Epoll Server IO #1/DEBUG] [net.minecraftforge.network.NetworkRegistry/NETREGISTRY]: Channel 'curios:main' : Version test of '1' from client : ACCEPTED
[02May2025 19:00:29.958] [Netty Epoll Server IO #1/DEBUG] [net.minecraftforge.network.NetworkRegistry/NETREGISTRY]: Channel 'placebo:placebo' : Version test of '1.0.0' from client : ACCEPTED
[02May2025 19:00:29.959] [Netty Epoll Server IO #1/DEBUG] [net.minecraftforge.network.NetworkRegistry/NETREGISTRY]: Channel 'appleskin:sync' : Version test of '1' from client : ACCEPTED
[02May2025 19:00:29.959] [Netty Epoll Server IO #1/DEBUG] [net.minecraftforge.network.NetworkRegistry/NETREGISTRY]: Channel 'fml:loginwrapper' : Version test of 'FML3' from client : ACCEPTED
[02May2025 19:00:29.959] [Netty Epoll Server IO #1/DEBUG] [net.minecraftforge.network.NetworkRegistry/NETREGISTRY]: Channel 'forge:tier_sorting' : Version test of '1.0' from client : ACCEPTED
[02May2025 19:00:29.959] [Netty Epoll Server IO #1/DEBUG] [net.minecraftforge.network.NetworkRegistry/NETREGISTRY]: Channel 'spectrelib:main' : Version test of '1' from client : ACCEPTED
[02May2025 19:00:29.959] [Netty Epoll Server IO #1/DEBUG] [net.minecraftforge.network.NetworkRegistry/NETREGISTRY]: Channel 'alexsmobs:main_channel' : Version test of '1' from client : ACCEPTED
[02May2025 19:00:29.959] [Netty Epoll Server IO #1/DEBUG] [net.minecraftforge.network.NetworkRegistry/NETREGISTRY]: Channel 'quark:main' : Version test of '4' from client : ACCEPTED
[02May2025 19:00:29.959] [Netty Epoll Server IO #1/DEBUG] [net.minecraftforge.network.NetworkRegistry/NETREGISTRY]: Channel 'realmrpg_quests:realmrpg_quests' : Version test of '1' from client : ACCEPTED
[02May2025 19:00:29.959] [Netty Epoll Server IO #1/DEBUG] [net.minecraftforge.network.NetworkRegistry/NETREGISTRY]: Channel 'trashslot:network' : Version test of '1.0' from client : ACCEPTED
[02May2025 19:00:29.959] [Netty Epoll Server IO #1/DEBUG] [net.minecraftforge.network.NetworkRegistry/NETREGISTRY]: Channel 'tombstone:tombstone_channel' : Version test of 'tombstone-8.9.4' from client : ACCEPTED
[02May2025 19:00:29.959] [Netty Epoll Server IO #1/DEBUG] [net.minecraftforge.network.NetworkRegistry/NETREGISTRY]: Channel 'playerrevive:main' : Version test of '1' from client : ACCEPTED
[02May2025 19:00:29.959] [Netty Epoll Server IO #1/DEBUG] [net.minecraftforge.network.NetworkRegistry/NETREGISTRY]: Channel 'mowziesmobs:net' : Version test of '1' from client : ACCEPTED
[02May2025 19:00:29.959] [Netty Epoll Server IO #1/DEBUG] [net.minecraftforge.network.NetworkRegistry/NETREGISTRY]: Channel 'relics:network' : Version test of '1.0' from client : ACCEPTED
[02May2025 19:00:29.959] [Netty Epoll Server IO #1/DEBUG] [net.minecraftforge.network.NetworkRegistry/NETREGISTRY]: Channel 'horrrs_pvz:horrrs_pvz' : Version test of '1' from client : ACCEPTED
[02May2025 19:00:29.959] [Netty Epoll Server IO #1/DEBUG] [net.minecraftforge.network.NetworkRegistry/NETREGISTRY]: Channel 'fml:play' : Version test of 'FML3' from client : ACCEPTED
[02May2025 19:00:29.959] [Netty Epoll Server IO #1/DEBUG] [net.minecraftforge.network.NetworkRegistry/NETREGISTRY]: Channel 'creativecore:main' : Version test of '1' from client : ACCEPTED
[02May2025 19:00:29.959] [Netty Epoll Server IO #1/DEBUG] [net.minecraftforge.network.NetworkRegistry/NETREGISTRY]: Channel 'sophisticatedcore:channel' : Version test of '1' from client : ACCEPTED
[02May2025 19:00:29.959] [Netty Epoll Server IO #1/DEBUG] [net.minecraftforge.network.NetworkRegistry/NETREGISTRY]: Channel 'fml:handshake' : Version test of 'FML3' from client : ACCEPTED
[02May2025 19:00:29.959] [Netty Epoll Server IO #1/DEBUG] [net.minecraftforge.network.NetworkRegistry/NETREGISTRY]: Channel 'ironchest:network' : Version test of '1' from client : ACCEPTED
[02May2025 19:00:29.959] [Netty Epoll Server IO #1/DEBUG] [net.minecraftforge.network.NetworkRegistry/NETREGISTRY]: Channel 'zeta:main' : Version test of '1' from client : ACCEPTED
[02May2025 19:00:29.959] [Netty Epoll Server IO #1/DEBUG] [net.minecraftforge.network.NetworkRegistry/NETREGISTRY]: Channel 'upgradedcore:main' : Version test of '1' from client : ACCEPTED
[02May2025 19:00:29.959] [Netty Epoll Server IO #1/DEBUG] [net.minecraftforge.network.NetworkRegistry/NETREGISTRY]: Channel 'ldlib:networking' : Version test of '0.0.1' from client : ACCEPTED
[02May2025 19:00:29.959] [Netty Epoll Server IO #1/DEBUG] [net.minecraftforge.network.NetworkRegistry/NETREGISTRY]: Channel 'minecraft:register' : Version test of 'FML3' from client : ACCEPTED
[02May2025 19:00:29.959] [Netty Epoll Server IO #1/DEBUG] [net.minecraftforge.network.NetworkRegistry/NETREGISTRY]: Channel 'photon:networking' : Version test of '0.0.1' from client : ACCEPTED
[02May2025 19:00:29.959] [Netty Epoll Server IO #1/DEBUG] [net.minecraftforge.network.NetworkRegistry/NETREGISTRY]: Channel 'forge:split' : Version test of '1.1' from client : ACCEPTED
[02May2025 19:00:29.959] [Netty Epoll Server IO #1/DEBUG] [net.minecraftforge.network.NetworkRegistry/NETREGISTRY]: Channel 'geckolib:main' : Version test of '1' from client : ACCEPTED
[02May2025 19:00:29.959] [Netty Epoll Server IO #1/DEBUG] [net.minecraftforge.network.NetworkRegistry/NETREGISTRY]: Channel 'waystones:network' : Version test of '1.0' from client : ACCEPTED
[02May2025 19:00:29.959] [Netty Epoll Server IO #1/DEBUG] [net.minecraftforge.network.NetworkRegistry/NETREGISTRY]: Channel 'moonlight:channel' : Version test of '0' from client : ACCEPTED
[02May2025 19:00:29.959] [Netty Epoll Server IO #1/DEBUG] [net.minecraftforge.network.NetworkRegistry/NETREGISTRY]: Channel 'jade:networking' : Version test of '2' from client : ACCEPTED
[02May2025 19:00:29.959] [Netty Epoll Server IO #1/DEBUG] [net.minecraftforge.network.NetworkRegistry/NETREGISTRY]: Accepting channel list from client
[02May2025 19:00:29.959] [Netty Epoll Server IO #1/DEBUG] [net.minecraftforge.network.HandshakeHandler/FMLHANDSHAKE]: Accepted client connection mod list
[02May2025 19:00:29.965] [Server thread/DEBUG] [net.minecraftforge.network.HandshakeHandler/FMLHANDSHAKE]: Sending ticking packet info 'Registry minecraft:sound_event' to 'fml:handshake' sequence 4
[02May2025 19:00:30.004] [Netty Epoll Server IO #1/DEBUG] [net.minecraftforge.network.LoginWrapper/FMLHANDSHAKE]: Recieved login wrapper packet event for channel fml:handshake with index 2
[02May2025 19:00:30.006] [Netty Epoll Server IO #1/DEBUG] [net.minecraftforge.network.HandshakeHandler/FMLHANDSHAKE]: Received client indexed reply 2 of type net.minecraftforge.network.HandshakeMessages$C2SAcknowledge
[02May2025 19:00:30.006] [Netty Epoll Server IO #1/DEBUG] [net.minecraftforge.network.HandshakeHandler/FMLHANDSHAKE]: Received acknowledgement from client
[02May2025 19:00:30.018] [Server thread/DEBUG] [net.minecraftforge.network.HandshakeHandler/FMLHANDSHAKE]: Sending ticking packet info 'Registry minecraft:particle_type' to 'fml:handshake' sequence 5
[02May2025 19:00:30.045] [Netty Epoll Server IO #1/DEBUG] [net.minecraftforge.network.LoginWrapper/FMLHANDSHAKE]: Recieved login wrapper packet event for channel fml:handshake with index 3
[02May2025 19:00:30.045] [Netty Epoll Server IO #1/DEBUG] [net.minecraftforge.network.HandshakeHandler/FMLHANDSHAKE]: Received client indexed reply 3 of type net.minecraftforge.network.HandshakeMessages$C2SAcknowledge
[02May2025 19:00:30.046] [Netty Epoll Server IO #1/DEBUG] [net.minecraftforge.network.HandshakeHandler/FMLHANDSHAKE]: Received acknowledgement from client
[02May2025 19:00:30.063] [Server thread/DEBUG] [net.minecraftforge.network.HandshakeHandler/FMLHANDSHAKE]: Sending ticking packet info 'Registry minecraft:villager_profession' to 'fml:handshake' sequence 6
[02May2025 19:00:30.116] [Server thread/DEBUG] [net.minecraftforge.network.HandshakeHandler/FMLHANDSHAKE]: Sending ticking packet info 'Registry minecraft:item' to 'fml:handshake' sequence 7
[02May2025 19:00:30.164] [Server thread/DEBUG] [net.minecraftforge.network.HandshakeHandler/FMLHANDSHAKE]: Sending ticking packet info 'Registry minecraft:potion' to 'fml:handshake' sequence 8
[02May2025 19:00:30.214] [Server thread/DEBUG] [net.minecraftforge.network.HandshakeHandler/FMLHANDSHAKE]: Sending ticking packet info 'Registry minecraft:painting_variant' to 'fml:handshake' sequence 9
[02May2025 19:00:30.262] [Server thread/DEBUG] [net.minecraftforge.network.HandshakeHandler/FMLHANDSHAKE]: Sending ticking packet info 'Registry forge:fluid_type' to 'fml:handshake' sequence 10
[02May2025 19:00:30.318] [Server thread/DEBUG] [net.minecraftforge.network.HandshakeHandler/FMLHANDSHAKE]: Sending ticking packet info 'Registry minecraft:block_entity_type' to 'fml:handshake' sequence 11
[02May2025 19:00:30.363] [Server thread/DEBUG] [net.minecraftforge.network.HandshakeHandler/FMLHANDSHAKE]: Sending ticking packet info 'Registry forge:display_contexts' to 'fml:handshake' sequence 12
[02May2025 19:00:30.379] [Netty Epoll Server IO #1/DEBUG] [net.minecraftforge.network.LoginWrapper/FMLHANDSHAKE]: Recieved login wrapper packet event for channel fml:handshake with index 4
[02May2025 19:00:30.379] [Netty Epoll Server IO #1/DEBUG] [net.minecraftforge.network.HandshakeHandler/FMLHANDSHAKE]: Received client indexed reply 4 of type net.minecraftforge.network.HandshakeMessages$C2SAcknowledge
[02May2025 19:00:30.379] [Netty Epoll Server IO #1/DEBUG] [net.minecraftforge.network.HandshakeHandler/FMLHANDSHAKE]: Received acknowledgement from client
[02May2025 19:00:30.380] [Netty Epoll Server IO #1/DEBUG] [net.minecraftforge.network.LoginWrapper/FMLHANDSHAKE]: Recieved login wrapper packet event for channel fml:handshake with index 5
[02May2025 19:00:30.380] [Netty Epoll Server IO #1/DEBUG] [net.minecraftforge.network.HandshakeHandler/FMLHANDSHAKE]: Received client indexed reply 5 of type net.minecraftforge.network.HandshakeMessages$C2SAcknowledge
[02May2025 19:00:30.380] [Netty Epoll Server IO #1/DEBUG] [net.minecraftforge.network.HandshakeHandler/FMLHANDSHAKE]: Received acknowledgement from client
[02May2025 19:00:30.380] [Netty Epoll Server IO #1/DEBUG] [net.minecraftforge.network.LoginWrapper/FMLHANDSHAKE]: Recieved login wrapper packet event for channel fml:handshake with index 6
[02May2025 19:00:30.380] [Netty Epoll Server IO #1/DEBUG] [net.minecraftforge.network.HandshakeHandler/FMLHANDSHAKE]: Received client indexed reply 6 of type net.minecraftforge.network.HandshakeMessages$C2SAcknowledge
[02May2025 19:00:30.380] [Netty Epoll Server IO #1/DEBUG] [net.minecraftforge.network.HandshakeHandler/FMLHANDSHAKE]: Received acknowledgement from client
[02May2025 19:00:30.416] [Server thread/DEBUG] [net.minecraftforge.network.HandshakeHandler/FMLHANDSHAKE]: Sending ticking packet info 'Registry minecraft:block' to 'fml:handshake' sequence 13
[02May2025 19:00:30.469] [Server thread/DEBUG] [net.minecraftforge.network.HandshakeHandler/FMLHANDSHAKE]: Sending ticking packet info 'Registry forge:entity_data_serializers' to 'fml:handshake' sequence 14
[02May2025 19:00:30.514] [Netty Epoll Server IO #1/DEBUG] [net.minecraftforge.network.LoginWrapper/FMLHANDSHAKE]: Recieved login wrapper packet event for channel fml:handshake with index 7
[02May2025 19:00:30.514] [Netty Epoll Server IO #1/DEBUG] [net.minecraftforge.network.HandshakeHandler/FMLHANDSHAKE]: Received client indexed reply 7 of type net.minecraftforge.network.HandshakeMessages$C2SAcknowledge
[02May2025 19:00:30.514] [Netty Epoll Server IO #1/DEBUG] [net.minecraftforge.network.HandshakeHandler/FMLHANDSHAKE]: Received acknowledgement from client
[02May2025 19:00:30.515] [Server thread/DEBUG] [net.minecraftforge.network.HandshakeHandler/FMLHANDSHAKE]: Sending ticking packet info 'Registry minecraft:mob_effect' to 'fml:handshake' sequence 15
[02May2025 19:00:30.528] [Netty Epoll Server IO #1/DEBUG] [net.minecraftforge.network.LoginWrapper/FMLHANDSHAKE]: Recieved login wrapper packet event for channel fml:handshake with index 8
[02May2025 19:00:30.528] [Netty Epoll Server IO #1/DEBUG] [net.minecraftforge.network.HandshakeHandler/FMLHANDSHAKE]: Received client indexed reply 8 of type net.minecraftforge.network.HandshakeMessages$C2SAcknowledge
[02May2025 19:00:30.528] [Netty Epoll Server IO #1/DEBUG] [net.minecraftforge.network.HandshakeHandler/FMLHANDSHAKE]: Received acknowledgement from client
[02May2025 19:00:30.529] [Netty Epoll Server IO #1/DEBUG] [net.minecraftforge.network.LoginWrapper/FMLHANDSHAKE]: Recieved login wrapper packet event for channel fml:handshake with index 9
[02May2025 19:00:30.529] [Netty Epoll Server IO #1/DEBUG] [net.minecraftforge.network.HandshakeHandler/FMLHANDSHAKE]: Received client indexed reply 9 of type net.minecraftforge.network.HandshakeMessages$C2SAcknowledge
[02May2025 19:00:30.529] [Netty Epoll Server IO #1/DEBUG] [net.minecraftforge.network.HandshakeHandler/FMLHANDSHAKE]: Received acknowledgement from client
[02May2025 19:00:30.529] [Netty Epoll Server IO #1/DEBUG] [net.minecraftforge.network.LoginWrapper/FMLHANDSHAKE]: Recieved login wrapper packet event for channel fml:handshake with index 10
[02May2025 19:00:30.529] [Netty Epoll Server IO #1/DEBUG] [net.minecraftforge.network.HandshakeHandler/FMLHANDSHAKE]: Received client indexed reply 10 of type net.minecraftforge.network.HandshakeMessages$C2SAcknowledge
[02May2025 19:00:30.529] [Netty Epoll Server IO #1/DEBUG] [net.minecraftforge.network.HandshakeHandler/FMLHANDSHAKE]: Received acknowledgement from client
[02May2025 19:00:30.531] [Netty Epoll Server IO #1/DEBUG] [net.minecraftforge.network.LoginWrapper/FMLHANDSHAKE]: Recieved login wrapper packet event for channel fml:handshake with index 11
[02May2025 19:00:30.531] [Netty Epoll Server IO #1/DEBUG] [net.minecraftforge.network.HandshakeHandler/FMLHANDSHAKE]: Received client indexed reply 11 of type net.minecraftforge.network.HandshakeMessages$C2SAcknowledge
[02May2025 19:00:30.531] [Netty Epoll Server IO #1/DEBUG] [net.minecraftforge.network.HandshakeHandler/FMLHANDSHAKE]: Received acknowledgement from client
[02May2025 19:00:30.532] [Netty Epoll Server IO #1/DEBUG] [net.minecraftforge.network.LoginWrapper/FMLHANDSHAKE]: Recieved login wrapper packet event for channel fml:handshake with index 12
[02May2025 19:00:30.532] [Netty Epoll Server IO #1/DEBUG] [net.minecraftforge.network.HandshakeHandler/FMLHANDSHAKE]: Received client indexed reply 12 of type net.minecraftforge.network.HandshakeMessages$C2SAcknowledge
[02May2025 19:00:30.532] [Netty Epoll Server IO #1/DEBUG] [net.minecraftforge.network.HandshakeHandler/FMLHANDSHAKE]: Received acknowledgement from client
[02May2025 19:00:30.565] [Server thread/DEBUG] [net.minecraftforge.network.HandshakeHandler/FMLHANDSHAKE]: Sending ticking packet info 'Registry minecraft:stat_type' to 'fml:handshake' sequence 16
[02May2025 19:00:30.616] [Server thread/DEBUG] [net.minecraftforge.network.HandshakeHandler/FMLHANDSHAKE]: Sending ticking packet info 'Registry tombstone:perks' to 'fml:handshake' sequence 17
[02May2025 19:00:30.640] [Netty Epoll Server IO #1/DEBUG] [net.minecraftforge.network.LoginWrapper/FMLHANDSHAKE]: Recieved login wrapper packet event for channel fml:handshake with index 13
[02May2025 19:00:30.641] [Netty Epoll Server IO #1/DEBUG] [net.minecraftforge.network.HandshakeHandler/FMLHANDSHAKE]: Received client indexed reply 13 of type net.minecraftforge.network.HandshakeMessages$C2SAcknowledge
[02May2025 19:00:30.641] [Netty Epoll Server IO #1/DEBUG] [net.minecraftforge.network.HandshakeHandler/FMLHANDSHAKE]: Received acknowledgement from client
[02May2025 19:00:30.641] [Netty Epoll Server IO #1/DEBUG] [net.minecraftforge.network.LoginWrapper/FMLHANDSHAKE]: Recieved login wrapper packet event for channel fml:handshake with index 14
[02May2025 19:00:30.641] [Netty Epoll Server IO #1/DEBUG] [net.minecraftforge.network.HandshakeHandler/FMLHANDSHAKE]: Received client indexed reply 14 of type net.minecraftforge.network.HandshakeMessages$C2SAcknowledge
[02May2025 19:00:30.641] [Netty Epoll Server IO #1/DEBUG] [net.minecraftforge.network.HandshakeHandler/FMLHANDSHAKE]: Received acknowledgement from client
[02May2025 19:00:30.646] [Netty Epoll Server IO #1/DEBUG] [net.minecraftforge.network.LoginWrapper/FMLHANDSHAKE]: Recieved login wrapper packet event for channel fml:handshake with index 15
[02May2025 19:00:30.646] [Netty Epoll Server IO #1/DEBUG] [net.minecraftforge.network.HandshakeHandler/FMLHANDSHAKE]: Received client indexed reply 15 of type net.minecraftforge.network.HandshakeMessages$C2SAcknowledge
[02May2025 19:00:30.646] [Netty Epoll Server IO #1/DEBUG] [net.minecraftforge.network.HandshakeHandler/FMLHANDSHAKE]: Received acknowledgement from client
[02May2025 19:00:30.664] [Server thread/DEBUG] [net.minecraftforge.network.HandshakeHandler/FMLHANDSHAKE]: Sending ticking packet info 'Registry minecraft:menu' to 'fml:handshake' sequence 18
[02May2025 19:00:30.706] [Netty Epoll Server IO #1/DEBUG] [net.minecraftforge.network.LoginWrapper/FMLHANDSHAKE]: Recieved login wrapper packet event for channel fml:handshake with index 16
[02May2025 19:00:30.706] [Netty Epoll Server IO #1/DEBUG] [net.minecraftforge.network.HandshakeHandler/FMLHANDSHAKE]: Received client indexed reply 16 of type net.minecraftforge.network.HandshakeMessages$C2SAcknowledge
[02May2025 19:00:30.706] [Netty Epoll Server IO #1/DEBUG] [net.minecraftforge.network.HandshakeHandler/FMLHANDSHAKE]: Received acknowledgement from client
[02May2025 19:00:30.722] [Server thread/DEBUG] [net.minecraftforge.network.HandshakeHandler/FMLHANDSHAKE]: Sending ticking packet info 'Registry minecraft:enchantment' to 'fml:handshake' sequence 19
[02May2025 19:00:30.747] [Netty Epoll Server IO #1/DEBUG] [net.minecraftforge.network.LoginWrapper/FMLHANDSHAKE]: Recieved login wrapper packet event for channel fml:handshake with index 17
[02May2025 19:00:30.748] [Netty Epoll Server IO #1/DEBUG] [net.minecraftforge.network.HandshakeHandler/FMLHANDSHAKE]: Received client indexed reply 17 of type net.minecraftforge.network.HandshakeMessages$C2SAcknowledge
[02May2025 19:00:30.750] [Netty Epoll Server IO #1/DEBUG] [net.minecraftforge.network.HandshakeHandler/FMLHANDSHAKE]: Received acknowledgement from client
[02May2025 19:00:30.797] [Netty Epoll Server IO #1/DEBUG] [net.minecraftforge.network.LoginWrapper/FMLHANDSHAKE]: Recieved login wrapper packet event for channel fml:handshake with index 18
[02May2025 19:00:30.798] [Netty Epoll Server IO #1/DEBUG] [net.minecraftforge.network.HandshakeHandler/FMLHANDSHAKE]: Received client indexed reply 18 of type net.minecraftforge.network.HandshakeMessages$C2SAcknowledge
[02May2025 19:00:30.798] [Netty Epoll Server IO #1/DEBUG] [net.minecraftforge.network.HandshakeHandler/FMLHANDSHAKE]: Received acknowledgement from client
[02May2025 19:00:30.803] [Server thread/DEBUG] [net.minecraftforge.network.HandshakeHandler/FMLHANDSHAKE]: Sending ticking packet info 'Registry minecraft:fluid' to 'fml:handshake' sequence 20
[02May2025 19:00:30.837] [Server thread/DEBUG] [net.minecraftforge.network.HandshakeHandler/FMLHANDSHAKE]: Sending ticking packet info 'Registry minecraft:entity_type' to 'fml:handshake' sequence 21
[02May2025 19:00:30.863] [Netty Epoll Server IO #1/DEBUG] [net.minecraftforge.network.LoginWrapper/FMLHANDSHAKE]: Recieved login wrapper packet event for channel fml:handshake with index 19
[02May2025 19:00:30.864] [Netty Epoll Server IO #1/DEBUG] [net.minecraftforge.network.HandshakeHandler/FMLHANDSHAKE]: Received client indexed reply 19 of type net.minecraftforge.network.HandshakeMessages$C2SAcknowledge
[02May2025 19:00:30.866] [Netty Epoll Server IO #1/DEBUG] [net.minecraftforge.network.HandshakeHandler/FMLHANDSHAKE]: Received acknowledgement from client
[02May2025 19:00:30.890] [Server thread/DEBUG] [net.minecraftforge.network.HandshakeHandler/FMLHANDSHAKE]: Sending ticking packet info 'Config curios-server.toml' to 'fml:handshake' sequence 22
[02May2025 19:00:30.924] [Server thread/DEBUG] [net.minecraftforge.network.HandshakeHandler/FMLHANDSHAKE]: Sending ticking packet info 'Config tombstone-server.toml' to 'fml:handshake' sequence 23
[02May2025 19:00:30.937] [Netty Epoll Server IO #1/DEBUG] [net.minecraftforge.network.LoginWrapper/FMLHANDSHAKE]: Recieved login wrapper packet event for channel fml:handshake with index 20
[02May2025 19:00:30.937] [Netty Epoll Server IO #1/DEBUG] [net.minecraftforge.network.HandshakeHandler/FMLHANDSHAKE]: Received client indexed reply 20 of type net.minecraftforge.network.HandshakeMessages$C2SAcknowledge
[02May2025 19:00:30.937] [Netty Epoll Server IO #1/DEBUG] [net.minecraftforge.network.HandshakeHandler/FMLHANDSHAKE]: Received acknowledgement from client
[02May2025 19:00:30.974] [Server thread/DEBUG] [net.minecraftforge.network.HandshakeHandler/FMLHANDSHAKE]: Sending ticking packet info 'Config sophisticatedbackpacks-server.toml' to 'fml:handshake' sequence 24
[02May2025 19:00:31.027] [Server thread/DEBUG] [net.minecraftforge.network.HandshakeHandler/FMLHANDSHAKE]: Sending ticking packet info 'Config jei-server.toml' to 'fml:handshake' sequence 25
[02May2025 19:00:31.076] [Server thread/DEBUG] [net.minecraftforge.network.HandshakeHandler/FMLHANDSHAKE]: Sending ticking packet info 'Config forge-server.toml' to 'fml:handshake' sequence 26
[02May2025 19:00:31.123] [Server thread/DEBUG] [net.minecraftforge.network.HandshakeHandler/FMLHANDSHAKE]: Sending ticking packet info 'org.violetmoon.zeta.network.message.S2CLoginFlag' to 'zeta:main' sequence 27
[02May2025 19:00:39.857] [Netty Epoll Server IO #1/DEBUG] [net.minecraftforge.network.LoginWrapper/FMLHANDSHAKE]: Recieved login wrapper packet event for channel fml:handshake with index 21
[02May2025 19:00:39.857] [Netty Epoll Server IO #1/DEBUG] [net.minecraftforge.network.HandshakeHandler/FMLHANDSHAKE]: Received client indexed reply 21 of type net.minecraftforge.network.HandshakeMessages$C2SAcknowledge
[02May2025 19:00:39.858] [Netty Epoll Server IO #1/DEBUG] [net.minecraftforge.network.HandshakeHandler/FMLHANDSHAKE]: Received acknowledgement from client
[02May2025 19:00:39.860] [Netty Epoll Server IO #1/DEBUG] [net.minecraftforge.network.LoginWrapper/FMLHANDSHAKE]: Recieved login wrapper packet event for channel fml:handshake with index 22
[02May2025 19:00:39.860] [Netty Epoll Server IO #1/DEBUG] [net.minecraftforge.network.HandshakeHandler/FMLHANDSHAKE]: Received client indexed reply 22 of type net.minecraftforge.network.HandshakeMessages$C2SAcknowledge
[02May2025 19:00:39.860] [Netty Epoll Server IO #1/DEBUG] [net.minecraftforge.network.HandshakeHandler/FMLHANDSHAKE]: Received acknowledgement from client
[02May2025 19:00:39.861] [Netty Epoll Server IO #1/DEBUG] [net.minecraftforge.network.LoginWrapper/FMLHANDSHAKE]: Recieved login wrapper packet event for channel fml:handshake with index 23
[02May2025 19:00:39.861] [Netty Epoll Server IO #1/DEBUG] [net.minecraftforge.network.HandshakeHandler/FMLHANDSHAKE]: Received client indexed reply 23 of type net.minecraftforge.network.HandshakeMessages$C2SAcknowledge
[02May2025 19:00:39.862] [Netty Epoll Server IO #1/DEBUG] [net.minecraftforge.network.HandshakeHandler/FMLHANDSHAKE]: Received acknowledgement from client
[02May2025 19:00:39.867] [Netty Epoll Server IO #1/DEBUG] [net.minecraftforge.network.LoginWrapper/FMLHANDSHAKE]: Recieved login wrapper packet event for channel fml:handshake with index 24
[02May2025 19:00:39.867] [Netty Epoll Server IO #1/DEBUG] [net.minecraftforge.network.HandshakeHandler/FMLHANDSHAKE]: Received client indexed reply 24 of type net.minecraftforge.network.HandshakeMessages$C2SAcknowledge
[02May2025 19:00:39.868] [Netty Epoll Server IO #1/DEBUG] [net.minecraftforge.network.HandshakeHandler/FMLHANDSHAKE]: Received acknowledgement from client
[02May2025 19:00:39.868] [Netty Epoll Server IO #1/DEBUG] [net.minecraftforge.network.LoginWrapper/FMLHANDSHAKE]: Recieved login wrapper packet event for channel fml:handshake with index 25
[02May2025 19:00:39.868] [Netty Epoll Server IO #1/DEBUG] [net.minecraftforge.network.HandshakeHandler/FMLHANDSHAKE]: Received client indexed reply 25 of type net.minecraftforge.network.HandshakeMessages$C2SAcknowledge
[02May2025 19:00:39.869] [Netty Epoll Server IO #1/DEBUG] [net.minecraftforge.network.HandshakeHandler/FMLHANDSHAKE]: Received acknowledgement from client
[02May2025 19:00:39.873] [Netty Epoll Server IO #1/DEBUG] [net.minecraftforge.network.LoginWrapper/FMLHANDSHAKE]: Recieved login wrapper packet event for channel fml:handshake with index 26
[02May2025 19:00:39.873] [Netty Epoll Server IO #1/DEBUG] [net.minecraftforge.network.HandshakeHandler/FMLHANDSHAKE]: Received client indexed reply 26 of type net.minecraftforge.network.HandshakeMessages$C2SAcknowledge
[02May2025 19:00:39.873] [Netty Epoll Server IO #1/DEBUG] [net.minecraftforge.network.HandshakeHandler/FMLHANDSHAKE]: Received acknowledgement from client
[02May2025 19:00:39.874] [Netty Epoll Server IO #1/DEBUG] [net.minecraftforge.network.LoginWrapper/FMLHANDSHAKE]: Recieved login wrapper packet event for channel zeta:main with index 27
[02May2025 19:00:39.875] [Netty Epoll Server IO #1/DEBUG] [net.minecraftforge.network.HandshakeHandler/FMLHANDSHAKE]: Received client indexed reply 27 of type org.violetmoon.zeta.network.message.C2SLoginFlag
[02May2025 19:00:39.914] [Server thread/DEBUG] [net.minecraftforge.network.HandshakeHandler/FMLHANDSHAKE]: Handshake complete!
[02May2025 19:00:39.984] [Server thread/INFO] [net.minecraft.server.players.PlayerList/]: DarkJunior[/100.92.3.3:58183] logged in with entity id 8212 at (-1116.300000011921, 13.0, 192.69999998807907)
[02May2025 19:00:39.985] [Server thread/DEBUG] [net.minecraftforge.network.filters.NetworkFilters/]: Injected net.minecraftforge.network.filters.ForgeConnectionNetworkFilter@14306e7c into net.minecraft.network.Connection@e7c8771
[02May2025 19:00:40.005] [Server thread/INFO] [net.minecraft.server.MinecraftServer/]: DarkJunior joined the game
[02May2025 19:00:40.127] [Server thread/INFO] [Jade/]: Syncing config to DarkJunior (73cc28bc-cce2-3cb3-a43f-b32c79a5a998)
[02May2025 19:00:42.888] [Server thread/INFO] [net.minecraft.server.MinecraftServer/]: [Sung_Jinwoo: Teleported DarkJunior to Sung_Jinwoo]
[02May2025 19:01:03.028] [Server thread/INFO] [net.minecraft.server.MinecraftServer/]: edinson123pro has made the advancement [Hunt and Gather]
[02May2025 19:01:18.979] [Server thread/DEBUG] [net.minecraftforge.common.ForgeHooks/WP]: Gathering id map for writing to world save world
[02May2025 19:01:18.999] [Server thread/DEBUG] [net.minecraftforge.common.ForgeHooks/WP]: ID Map collection complete world
[02May2025 19:02:30.719] [Server thread/INFO] [net.minecraft.server.MinecraftServer/]: Sung_Jinwoo has made the advancement [We Need to Go Deeper]
